Covidence #,Study ID,Title,Reviewer Name,Full Citation (APA 7th),Year of Publication,Title of Study,Source / Venue,Study Design / Type,Research Objective(s),Research Questions Addressed,Country / Geographic Context,Educational Level Targeted,E-Learning Platform / Setting,Participant Type,Sample Size (N),Age Range / Grade Level,Gender Distribution,Dataset Name(s),Dataset Type,Modality/ies in Dataset,Number of Classes / Labels,Label Annotation Method,Data Collection Context,Class Imbalance Addressed?,Data Augmentation Applied?,Primary DL Architecture,Specific Model / Variant,Modality Fusion Strategy,Modalities Fused,Temporal Modeling Approach,Attention Mechanism Used?,Pre-trained Weights Used?,Fine-tuning Strategy,Loss Function(s),Optimizer,Learning Rate / Scheduler,Batch Size,Number of Epochs / Training Duration,Regularisation Techniques,XAI Implemented?,XAI Method(s) Used,XAI Evaluation Method,XAI Limitations Noted?,Real-Time Capability Claimed?,Inference Speed / Latency Reported?,Inference Speed Value,Deployment Environment,Detection Framework Used,Integration with LMS / Platform?,Teacher Dashboard / Feedback System?,Privacy / Data Security Measures,Task Type,Emotion / Affect Categories,Accuracy (%),Precision / Recall / F1-Score,AUC-ROC,Confusion Matrix Reported?,Mean Absolute Error (MAE) / MSE / RMSE,Concordance Correlation (CCC),Baseline / Benchmark Comparisons,State-of-the-Art (SOTA) Comparison?,Ablation Study Conducted?,Statistical Significance Testing,Cross-Dataset Validation?,Best Result Achieved (Summary),Demographic Bias Assessed?,Bias Types Identified,Bias Mitigation Methods,Cross-Cultural Validity Discussed?,Fairness Metrics Reported?,Dataset Limitations,Model / Technical Limitations,Explainability Limitations,Real-Time / Deployment Limitations,Identified Research Gap ,Proposed Future Work ,Clear Research Objective,Clear Research Objective supporting text,Appropriate Methodology,Appropriate Methodology supporting text,Reproducibility,Reproducibility supporting text,Dataset Adequately Described,Dataset Adequately Described supporting text,Appropriate Evaluation Metrics,Appropriate Evaluation Metrics supporting text,Comparison to Baselines / SOTA,Comparison to Baselines / SOTA supporting text,XAI Sufficiently Evaluated,XAI Sufficiently Evaluated supporting text,Limitations Explicitly Acknowledged,Limitations Explicitly Acknowledged supporting text
1007,Hayashi 2024,"Modeling Synchronization for Detecting Collaborative Learning Process Using a Pedagogical Conversational Agent: Investigation Using Recurrent Indicators of Gaze, Language, and Facial Expression",Sarbajit Paul Bappy,"Hayashi, Y. (2024). Modeling synchronization for detecting collaborative learning process using a pedagogical conversational agent: Investigation using recurrent indicators of gaze, language, and facial expression. International Journal of Artificial Intelligence in Education, 34(4), 1206–1247. https://doi.org/10.1007/s40593-023-00381-y",2024,"Modeling Synchronization for Detecting Collaborative Learning Process Using a Pedagogical Conversational Agent: Investigation Using Recurrent Indicators of Gaze, Language, and Facial Expression",International Journal of Artificial Intelligence in Education,Primary empirical study (laboratory experiment).,"Methods that facilitate successful collaborative learning processes and performances using a Pedagogical Conversational Agent (PCA).
Indicators (gaze synchronization, language conformance, and emotional matching) that can automatically detect successful coordination processes during collaborative learning.","RQ1: Deep learning / AI-based learning support system (PCA) for collaborative learning detection.
RQ4: Real-time multimodal indicators for detecting collaborative learning processes.
RQ5: Research gaps and future directions for intelligent tutoring systems using multimodal synchronization indicators.",Japan,Higher Education (University Students),Computer-mediated collaborative learning environment using a Pedagogical Conversational Agent (PCA) in a non-face-to-face jigsaw-based knowledge integration task.,Students,44 university students,"University students
Mean age = 20.79 years

SD = 1.93 years","Female = 24
Male = 20","No external dataset used.

Custom experimental multimodal dataset collected during collaborative learning sessions.",Custom,"Gaze tracking
Audio / Speech
Text transcripts
Facial expressions
Emotional states (FaceReader output)","Joy
Anger
Sadness
Surprise
Fear
Disgust",Automatic emotion classification using FaceReader software based on FACS. Manual reliability checking by two coders.,Laboratory-based collaborative learning task using PCA facilitation and eye-tracking.,Not stated.,No.,"Not applicable.

No deep learning model was developed.

Study focused on multimodal synchronization indicators.",Not applicable.,"Gaze recurrence
Language conformance
Emotional matching",Gaze + Language + Facial Expression/Emotion,Recurrence analysis using ±2000 ms synchronization windows.,No,No,Not applicable.,Not applicable.,Not applicable.,Not applicable.,Not applicable.,Not applicable.,Not applicable.,No,None,None,No,Yes,No,Not reported.,Computer-mediated collaborative learning environment using PCA.,"Pedagogical Conversational Agent (PCA)
Tobii X2-30 eye tracker
FaceReader
RMeCab morphological analysis
Wizard-of-Oz speech processing",No,No,Ethical approval obtained from Ritsumeikan University Ethics Committee.,Collaborative Learning Process Detection,"Joy
Anger
Sadness
Surprise
Fear
Disgust",Not applicable.,Not applicable.,Not applicable.,No,No,No,"Comparison between:

PCA Intervention Condition
Control Condition (without PCA)",No,No,"Yes
ANOVA and regression analyses.

Examples:

Performance: F(1,42)=32.165, p<0.001
Collaborative Process: F(7,294)=4.051, p=0.001",No,"PCA intervention significantly improved collaborative learning performance and collaborative process quality.
Recurrence indicators successfully predicted several collaborative learning process variables.",No,None reported.,None reported.,No,None,"Small sample size:

11 dyads per condition.","No real-world deployment validation.

Laboratory-based task only.",Not applicable.,"Conducted in controlled laboratory environment.
Need validation in naturalistic and classroom settings.
Need more diverse learners and educational contexts.",There is limited research on multimodal synchronization indicators that automatically detect collaborative learning coordination and common-ground formation using intelligent tutoring systems and PCAs.,"Real-time detection using PCA systems.
Validation in naturalistic learning environments.
Classroom-based collaborative learning studies.
Larger and more diverse participant populations.
Investigation of age and educational-level effects.
Study additional collaborative processes such as:
Knowledge co-construction
Social interaction
Regulatory interaction
Face-to-face collaboration settings",Yes,"The study explicitly states two objectives: facilitating collaborative learning with PCA and identifying synchronization indicators (gaze, language, emotion) for automatic detection of collaborative learning processes.",Yes,"Controlled laboratory experiment with intervention/control groups, multimodal data collection (eye tracking, facial expression, language), and statistical analyses.",Partial,"Experimental procedures, measures, and algorithms are described in detail. However, no source code or implementation package is provided. Data availability is stated, but code availability is ""Not applicable.""",Partial,"Participant demographics, modalities, sensors, and collection procedures are reported, but class distributions and some annotation details are not applicable or not fully described.",Yes,"ANOVA, regression analyses, gain scores, collaborative process ratings, Cronbach’s α, and ICC values were used appropriately.",Partial,The study compares PCA intervention versus control conditions but does not benchmark against state-of-the-art computational models.,Not Reported,No explainable AI component was implemented or evaluated.,Yes,"Authors explicitly discuss small sample size, limited laboratory setting, lack of diversity, and need for validation in authentic learning environments."
1007,Hayashi 2024,"Modeling Synchronization for Detecting Collaborative Learning Process Using a Pedagogical Conversational Agent: Investigation Using Recurrent Indicators of Gaze, Language, and Facial Expression",Consensus,"Hayashi, Y. (2024). Modeling synchronization for detecting collaborative learning process using a pedagogical conversational agent: Investigation using recurrent indicators of gaze, language, and facial expression. International Journal of Artificial Intelligence in Education, 34(4), 1206–1247. https://doi.org/10.1007/s40593-023-00381-y",2024,"Modeling Synchronization for Detecting Collaborative Learning Process Using a Pedagogical Conversational Agent: Investigation Using Recurrent Indicators of Gaze, Language, and Facial Expression",International Journal of Artificial Intelligence in Education,Primary empirical study (laboratory experiment).,"Methods that facilitate successful collaborative learning processes and performances using a Pedagogical Conversational Agent (PCA).
Indicators (gaze synchronization, language conformance, and emotional matching) that can automatically detect successful coordination processes during collaborative learning.","RQ1: Deep learning / AI-based learning support system (PCA) for collaborative learning detection.
RQ4: Real-time multimodal indicators for detecting collaborative learning processes.
RQ5: Research gaps and future directions for intelligent tutoring systems using multimodal synchronization indicators.",Japan,Higher Education (University Students),Computer-mediated collaborative learning environment using a Pedagogical Conversational Agent (PCA) in a non-face-to-face jigsaw-based knowledge integration task.,Students,44 university students,"University students
Mean age = 20.79 years

SD = 1.93 years","Female = 24
Male = 20","No external dataset used.

Custom experimental multimodal dataset collected during collaborative learning sessions.",Custom,"Gaze tracking
Audio / Speech
Text transcripts
Facial expressions
Emotional states (FaceReader output)","Joy
Anger
Sadness
Surprise
Fear
Disgust",Automatic emotion classification using FaceReader software based on FACS. Manual reliability checking by two coders.,Laboratory-based collaborative learning task using PCA facilitation and eye-tracking.,Not stated.,No.,"Not applicable.

No deep learning model was developed.

Study focused on multimodal synchronization indicators.",Not applicable.,"Gaze recurrence
Language conformance
Emotional matching",Gaze + Language + Facial Expression/Emotion,Recurrence analysis using ±2000 ms synchronization windows.,No,No,Not applicable.,Not applicable.,Not applicable.,Not applicable.,Not applicable.,Not applicable.,Not applicable.,No,None,None,No,Yes,No,Not reported.,Computer-mediated collaborative learning environment using PCA.,"Pedagogical Conversational Agent (PCA)
Tobii X2-30 eye tracker
FaceReader
RMeCab morphological analysis
Wizard-of-Oz speech processing",No,No,Ethical approval obtained from Ritsumeikan University Ethics Committee.,Collaborative Learning Process Detection,"Joy
Anger
Sadness
Surprise
Fear
Disgust",Not applicable.,Not applicable.,Not applicable.,No,No,No,"Comparison between:

PCA Intervention Condition
Control Condition (without PCA)",No,No,"Yes
ANOVA and regression analyses.

Examples:

Performance: F(1,42)=32.165, p<0.001
Collaborative Process: F(7,294)=4.051, p=0.001",No,"PCA intervention significantly improved collaborative learning performance and collaborative process quality.
Recurrence indicators successfully predicted several collaborative learning process variables.",No,None reported.,None reported.,No,None,"Small sample size:

11 dyads per condition.","No real-world deployment validation.

Laboratory-based task only.",Not applicable.,"Conducted in controlled laboratory environment.
Need validation in naturalistic and classroom settings.
Need more diverse learners and educational contexts.",There is limited research on multimodal synchronization indicators that automatically detect collaborative learning coordination and common-ground formation using intelligent tutoring systems and PCAs.,"Real-time detection using PCA systems.
Validation in naturalistic learning environments.
Classroom-based collaborative learning studies.
Larger and more diverse participant populations.
Investigation of age and educational-level effects.
Study additional collaborative processes such as:
Knowledge co-construction
Social interaction
Regulatory interaction
Face-to-face collaboration settings",Yes,"",Yes,"",Partial,"",Partial,"",Yes,"",Partial,"",Not Reported,"",Yes,""
671,Liu 2021,Facial expression recognition method with multi-label distribution learning for non-verbal behavior understanding in the classroom,Sarbajit Paul Bappy,"Liu, T., Wang, J., Yang, B., & Wang, X. (2021). Facial expression recognition method with multi-label distribution learning for non-verbal behavior understanding in the classroom. Infrared Physics & Technology, 112, 103594. https://doi.org/10.1016/j.infrared.2020.103594",2021,Facial expression recognition method with multi-label distribution learning for non-verbal behavior understanding in the classroom,"Infrared Physics & Technology, Volume 112, Article 103594.",Experimental deep learning study proposing an infrared facial expression recognition framework based on multi-label distribution learning for classroom non-verbal behavior understanding.,"Develop an infrared facial expression recognition method using multi-label distribution learning.
Address ambiguity among facial expressions using Cauchy distribution-based labels.
Improve classroom non-verbal behavior understanding through robust FER.
Achieve better recognition performance than existing FER methods.","RQ1: Can multi-label distribution learning improve infrared facial expression recognition?

RQ2: Can Cauchy-distribution labels better model ambiguous facial expressions?

RQ3: Can the proposed CDLLNet outperform existing state-of-the-art FER methods?

RQ4: Can FER support classroom non-verbal behavior understanding?",China.,K–12 classroom education,Classroom learning behavior analysis and non-verbal behavior understanding. FER is proposed as a tool for analyzing student and teacher behaviors in intelligent classrooms.,"Subjects contained in FER datasets.
Classroom students used in multi-person classroom demonstration scenarios.",Not directly reported for classroom experiments.,Not reported.,Not reported.,"Oulu-CASIA NIR Database
CK+ (Extended Cohn-Kanade Dataset)",Public facial expression recognition datasets.,"Near Infrared (NIR) facial images
RGB facial images
Facial video sequences","Anger
Fear
Happy
Neutral
Surprise
Sadness
Disgust",Ground-truth facial expression labels provided by benchmark datasets.,Not fully reported.,Not reported.,Not reported.,CDLLNet (Cauchy Distribution Label Learning Network),GoogleNet.,Not reported.,Not reported.,Not reported.,Not reported.,"Yes.

GoogleNet is used as a pre-trained network for feature extraction.",Fine-tuning performed on target FER datasets.,KL-divergence + L2 regularization,Mini-batch Gradient Descent,Not reported.,Not reported.,Not reported.,Not reported.,Yes,Grad-CAM (Gradient-weighted Class Activation Mapping).,Not reported.,Not reported.,"Partial.

System demonstrated on classroom crowd images but no latency measurements reported.",Not reported.,Not reported.,Classroom teaching environments.,Not reported.,Not reported.,Not reported.,Not reported.,Not Reported,"Anger
Fear
Happy
Neutral
Surprise
Sadness
Disgust","Method	Accuracy
LBP-FER	70.12%
E3DNet	79.21%
MA-FER	84.56%
DBMNet	85.36%
CDLLNet	86.28%",Not Reported,Not Reported,Not Reported,Not Reported,Not Reported,"LBP-FER
E3DNet
MA-FER
DBMNet",No,No,No,No,"86.71% on Oulu-CASIA
83.14% on CK+",No.,Not reported.,Not reported.,Not reported.,"Limited.

Only dataset sources are reported. No demographic breakdown provided.",Not explicitly discussed.,"Authors identify challenges caused by:

Occlusion
Head pose variation
Random noise
Low-quality infrared images",Not explicitly discussed.,Not explicitly discussed.,"Existing FER methods rely on single-label classification.
Ambiguous expressions are difficult to model.
Infrared FER remains challenging due to noise and low-quality images.
Classroom behavior understanding requires more robust FER methods.","Integrate Graph Neural Networks (GNNs).
Introduce attention mechanisms.
Improve infrared expression recognition performance.
Enhance classroom behavior analysis systems.",Yes,"The paper clearly proposes CDLLNet for infrared FER and classroom non-verbal behavior understanding, with explicit objectives and contributions.",Yes,"Cauchy-distribution label learning, GoogleNet backbone, covariance pooling, KL-divergence loss, and extensive benchmark evaluation are appropriate for FER.",Partial,"Architecture, datasets, loss functions, and training protocol are reported, but learning rate, epochs, batch size, and source code are not provided.",Partial,"Dataset names, modalities, expression categories, and sizes are described, but demographics and class distributions are missing.",Yes,"ACC and RMSE are used, confusion matrices are provided, and multiple benchmark comparisons are conducted.",Yes,"Compared against four strong baselines (LBP-FER, E3DNet, MA-FER, DBMNet) and achieved superior performance.",Partial,"Grad-CAM visualizations are provided, but no quantitative faithfulness metrics or user studies validate explanation quality.",Partial,"Challenges such as occlusion, head pose variation, noise, and expression ambiguity are discussed, but a dedicated limitations section is absent."
671,Liu 2021,Facial expression recognition method with multi-label distribution learning for non-verbal behavior understanding in the classroom,Consensus,"Liu, T., Wang, J., Yang, B., & Wang, X. (2021). Facial expression recognition method with multi-label distribution learning for non-verbal behavior understanding in the classroom. Infrared Physics & Technology, 112, 103594. https://doi.org/10.1016/j.infrared.2020.103594",2021,Facial expression recognition method with multi-label distribution learning for non-verbal behavior understanding in the classroom,"Infrared Physics & Technology, Volume 112, Article 103594.",Experimental deep learning study proposing an infrared facial expression recognition framework based on multi-label distribution learning for classroom non-verbal behavior understanding.,"Develop an infrared facial expression recognition method using multi-label distribution learning.
Address ambiguity among facial expressions using Cauchy distribution-based labels.
Improve classroom non-verbal behavior understanding through robust FER.
Achieve better recognition performance than existing FER methods.","RQ1: Can multi-label distribution learning improve infrared facial expression recognition?

RQ2: Can Cauchy-distribution labels better model ambiguous facial expressions?

RQ3: Can the proposed CDLLNet outperform existing state-of-the-art FER methods?

RQ4: Can FER support classroom non-verbal behavior understanding?",China.,K–12 classroom education,Classroom learning behavior analysis and non-verbal behavior understanding. FER is proposed as a tool for analyzing student and teacher behaviors in intelligent classrooms.,"Subjects contained in FER datasets.
Classroom students used in multi-person classroom demonstration scenarios.",Not directly reported for classroom experiments.,Not reported.,Not reported.,"Oulu-CASIA NIR Database
CK+ (Extended Cohn-Kanade Dataset)",Public facial expression recognition datasets.,"Near Infrared (NIR) facial images
RGB facial images
Facial video sequences","Anger
Fear
Happy
Neutral
Surprise
Sadness
Disgust",Ground-truth facial expression labels provided by benchmark datasets.,Not fully reported.,Not reported.,Not reported.,CDLLNet (Cauchy Distribution Label Learning Network),GoogleNet.,Not reported.,Not reported.,Not reported.,Not reported.,"Yes.

GoogleNet is used as a pre-trained network for feature extraction.",Fine-tuning performed on target FER datasets.,KL-divergence + L2 regularization,Mini-batch Gradient Descent,Not reported.,Not reported.,Not reported.,Not reported.,Yes,Grad-CAM (Gradient-weighted Class Activation Mapping).,Not reported.,Not reported.,"Partial.

System demonstrated on classroom crowd images but no latency measurements reported.",Not reported.,Not reported.,Classroom teaching environments.,Not reported.,Not reported.,Not reported.,Not reported.,Not Reported,"Anger
Fear
Happy
Neutral
Surprise
Sadness
Disgust","Method	Accuracy
LBP-FER	70.12%
E3DNet	79.21%
MA-FER	84.56%
DBMNet	85.36%
CDLLNet	86.28%",Not Reported,Not Reported,Not Reported,Not Reported,Not Reported,"LBP-FER
E3DNet
MA-FER
DBMNet",No,No,No,No,"86.71% on Oulu-CASIA
83.14% on CK+",No.,Not reported.,Not reported.,Not reported.,"Limited.

Only dataset sources are reported. No demographic breakdown provided.",Not explicitly discussed.,"Authors identify challenges caused by:

Occlusion
Head pose variation
Random noise
Low-quality infrared images",Not explicitly discussed.,Not explicitly discussed.,"Existing FER methods rely on single-label classification.
Ambiguous expressions are difficult to model.
Infrared FER remains challenging due to noise and low-quality images.
Classroom behavior understanding requires more robust FER methods.","Integrate Graph Neural Networks (GNNs).
Introduce attention mechanisms.
Improve infrared expression recognition performance.
Enhance classroom behavior analysis systems.",Yes,"",Yes,"",Partial,"",Partial,"",Yes,"",Yes,"",Partial,"",Partial,""
602,Kumar 2022,Multilayer Neural Network Based Speech Emotion Recognition for Smart Assistance,Sarbajit Paul Bappy,"Kumar, S., Haq, M. A., Jain, A., Jason, C. A., Moparthi, N. R., Mittal, N., & Alzamil, Z. S. (2023). Multilayer Neural Network Based Speech Emotion Recognition for Smart Assistance. Computers, Materials & Continua, 74(1), 1523–1540. https://doi.org/10.32604/cmc.2023.028631",2023,Multilayer Neural Network Based Speech Emotion Recognition for Smart Assistance.,"Computers, Materials & Continua (CMC), Volume 74, Issue 1.",Primary empirical study; proof-of-concept intelligent speech emotion recognition system with hardware-assisted smart alert mechanism.,"To develop an intelligent smart assistant that identifies emotions through voice messages using a multilayer neural network (MLP), recognizes seven speech emotions, and automatically triggers alert actions through buzzers and LEDs for smart assistance applications.","RQ1: Deep learning architecture for emotion recognition (MLP-based SER).
RQ2: Speech emotion datasets and benchmark database evaluation.
RQ3: Performance evaluation using accuracy, error rate, and execution time.
RQ4: Real-time deployment using Raspberry Pi-based smart assistance hardware.
RQ5: Future improvements and real-time deployment enhancements.","India and 
Saudi Arabia",Not applicable.,Not applicable.,Not reported.,"Dataset	Samples
Emo-DB	535
TIMIT	630
RAVDESS	7,356",Not reported.,"12 female actors
12 male actors","RAVDESS (Ryerson Audio-Visual Database of Emotional Speech and Song)
TIMIT Corpus
Emo-DB",Public benchmark datasets,Audio / Speech signals only.,"Worry
Surprise
Neutral
Sadness
Happiness
Hate (Anger)
Love",Dataset-provided emotion labels.,Benchmark emotional speech databases collected from actors and recorded speech utterances.,No.,No.,Multilayer Perceptron (MLP) / Artificial Neural Network (ANN).,"Input layer
Multiple hidden layers
Output layer
Backpropagation learning",N/A,Speech/audio only.,None explicitly reported.,No.,No.,Not reported.,"Backpropagation error minimization.

Specific loss function not reported.",Specific optimizer not reported.,Not reported.,Not reported.,Not reported.,Dropout layers shown in neural network architecture diagram.,No.,None.,None.,No.,Yes,Yes. Execution time reported.,"Dataset	Time
RAVDESS	5.13 sec
TIMIT	3.62 sec
Emo-DB	0.01 sec","Hardware implementation using:

Raspberry Pi 3 Model B+
Microphone
LEDs
Buzzer
Python 3.8
VNC Viewer
SSH","Feature Extraction:

MFCC

Classification:

MLP / ANN

Hardware Integration:

Raspberry Pi-based smart assistant",No.,No.,Not reported.,Speech Emotion Recognition (SER),"Worry
Surprise
Neutral
Sadness
Happiness
Hate
Love","Dataset	Accuracy
Emo-DB	86.71%
TIMIT	84.23%
RAVDESS	81.02%",Not reported.,Not reported.,No,Not reported.,Not reported.,"Compared against:

Gaussian Mixture Model (GMM)
Support Vector Machine (SVM)","Partial.

Compared with conventional SER methods (GMM and SVM) but not recent deep-learning SOTA models.",No.,No.,"Yes.

Evaluated on:

RAVDESS
TIMIT
Emo-DB","Best performance obtained on Emo-DB:

Accuracy = 86.71%
Error Rate = 14.88%
Time = 0.01 sec",No.,None reported.,None reported.,No.,None,"Not explicitly discussed.

However, only benchmark acted emotional speech datasets were used.",Authors acknowledge that accuracy can still be improved beyond the current maximum of 86.71%.,No explainability analysis provided.,"Current implementation relies primarily on speech input only.

Authors suggest incorporating camera modules and additional peripherals to improve efficiency.","The paper identifies that existing SER systems:

Have lower recognition accuracy.
Require higher computational time.
Produce higher error rates.
Need improved support systems for smart assistance applications.","Train and test the model using real-time datasets.
Improve recognition accuracy beyond 86.71%.
Integrate camera modules and additional peripherals.
Extend applications to defense and security systems.
Enhance smart assistance functionality.",Yes,The paper clearly states the objective of developing an intelligent speech emotion recognition smart assistant capable of detecting seven emotions and triggering hardware-based alerts through LEDs and buzzers.,Partial,"The methodology includes MFCC feature extraction, MLP classification, benchmark dataset evaluation, and hardware deployment. However, several implementation details (epochs, optimizer, loss function, architecture specifications) are insufficiently reported.",Partial,"Dataset sources, MFCC extraction, MLP architecture concept, hardware setup, and evaluation procedures are described. However, source code, model weights, batch size, epochs, and complete hyperparameter details are not provided.",Partial,"Dataset names, sample counts, emotion categories, and general dataset characteristics are reported. Annotation protocols, demographic diversity, class distributions, and speaker details are only partially described.",Partial,"Accuracy, error rate, and execution time are reported. However, modern SER metrics such as Precision, Recall, F1-score, ROC-AUC, confusion matrices, and per-class performance are not provided.",Partial,"The model is compared against GMM and SVM baselines on three benchmark datasets. However, no comparison with contemporary deep-learning state-of-the-art models or statistical significance testing is performed.",No,"No explainability techniques (e.g., SHAP, LIME, Grad-CAM, saliency maps, attention visualization) were implemented or evaluated.",Partial,"The authors acknowledge that recognition accuracy can be further improved and propose future enhancements using real-time datasets and additional hardware modules. However, a dedicated limitations section discussing threats to validity, bias, or deployment challenges is absent."
602,Kumar 2022,Multilayer Neural Network Based Speech Emotion Recognition for Smart Assistance,Consensus,"Kumar, S., Haq, M. A., Jain, A., Jason, C. A., Moparthi, N. R., Mittal, N., & Alzamil, Z. S. (2023). Multilayer Neural Network Based Speech Emotion Recognition for Smart Assistance. Computers, Materials & Continua, 74(1), 1524–1540. https://doi.org/10.32604/cmc.2023.028631",2023,Multilayer Neural Network Based Speech Emotion Recognition for Smart Assistance,"Computers, Materials & Continua", Primary empirical / Proof-of-concept (Hardware-software integration),"To propose an intelligent SER assistant that identifies emotions via voice messages using a Multilayer Perceptron (MLP), and controls electronic peripherals (buzzer and LEDs) for alert actions, particularly for monitoring individuals in isolation.","RQ1 (DL Methodology), RQ2 (Datasets), RQ3 (Performance), RQ4 (Limitations)
","India / Saudi Arabia (Author affiliations)
",Not specified,N/A (Mentions e-learning as a general application area in the introduction),"Not applicable (Uses pre-existing audio datasets)
","RAVDESS: 7356 files; TIMIT: 630 speakers; Emo-DB: 535 samples (as per Table 3)
",NR,"50% male / 50% female (12 male, 12 female actors); Emo-DB / TIMIT: NR","RAVDESS, TIMIT Corpus, Emo-DB",Public,Audio,"7 emotions (Worry, Surprise, Neutral, Sadness, Happiness, Hate, Love)
",Not stated (Simulated/acted by professional actors for RAVDESS/Emo-DB),Lab-controlled (Acted speech),"Not stated
","Not stated
",CNN / RNN / LSTM / Bi-LSTM / GRU / CNN-LSTM / CNN-GRU / Transformer / ViT / Hybrid -> Other: ANN / MLP (Multilayer Perceptron),MLP with 17 hidden layers,N/A (unimodal),N/A,"None
",No,No,"N/A
","Not explicitly named (Uses Backpropagation)
",Not explicitly named (Gradient descent via backpropagation),"lr=0.9 (Stated in text: ""improve the accuracy by learning rate (0.9)"")",NR,NR,"None
",No,N/A,N/A,No,Yes (Designed for real-time hardware deployment),Yes (Time taken reported),"RAVDESS: 5.13s; TIMIT: 3.62s; Emo-DB: 0.01s (Time for compilation/output generation)
", Edge device (Raspberry Pi 3 Model B+),"Other (VNC viewer, SSH for encrypted data transfer, Python 3.8.3)
",No,"Yes (Hardware-based: Buzzer beeps 1-4 times depending on negative emotions [Love, Worry, Hate, Sadness]; Green LED for Happiness/Surprise; White LED for Neutral)
","Partially (SSH mentioned for encrypted data transfer between Pi and system, but no data anonymization or federated learning)",Sentiment classification / Speech Emotion Recognition (SER),"Custom taxonomy (7 emotions: Worry, Surprise, Neutral, Sadness, Happiness, Hate, Love)","RAVDESS: 81.02%; TIMIT: 84.23%; Emo-DB: 86.71%
",NR,NR,"No
",Error Rate (%) reported: RAVDESS: 19.79%; TIMIT: 15.77%; Emo-DB: 14.88%,"N/A (Also uses custom SPAB metric = 5.173, 5.124, 4.812 respectively)
","GMM, SVM","Partial (Compared only against traditional ML baselines GMM and SVM, not recent DL SOTA)
",No,No,"No (Trained and tested separately on three datasets)
","86.71% accuracy on the Emo-DB dataset using the MLP classifier, with an error rate of 14.88% and execution time of 0.01s.",No,None reported,None,No (Though notes speech relies heavily on culture/language as a general challenge),None,Accuracy still needs improvement (highest is 86.71%); limited to acted/lab speech.,"High learning rate (0.9) is unusually high and may cause instability; lack of modern DL baseline comparisons; mapping standard datasets to custom 7 emotions (e.g., mapping Anger to Hate) without clear justification.
",None discussed,Not tested with real-time noisy datasets; execution time reduction on TIMIT not significant compared to existing methods.,"Existing traditional methods (KNN, GMM, ANN) for SER are not optimized, resulting in high computational time and lower accuracy. There is a need for a smart assistant to monitor isolated patients.",Train and test with real-time datasets to improve performance; include camera modules (video/multimodal) and other peripherals; apply the system for defense security purposes.,Yes,"",Partial,"",Partial,"",Partial,"",Partial,"",Partial,"",No,"",Partial,""
577,Kratzwald 2018,Deep learning for affective computing: Text-based emotion recognition in decision support,Sarbajit Paul Bappy,"Kratzwald, B., Ilić, S., Kraus, M., Feuerriegel, S., & Prendinger, H. (2018). Deep learning for affective computing: Text-based emotion recognition in decision support. Decision Support Systems (preprint version, September 2018).",2018,Deep learning for affective computing: Text-based emotion recognition in decision support.,Decision Support Systems (Preprint).,Primary empirical study; methodological paper; benchmarking study; proof-of-concept deep learning framework.,"To improve text-based emotion recognition using deep learning.
To customize recurrent neural networks for affective computing.
To introduce a transfer learning approach called sent2affect.
To evaluate performance across multiple benchmark datasets for emotion recognition.","RQ1: Deep learning architectures for emotion recognition.
RQ2: Benchmark emotion datasets and their characteristics.
RQ3: Performance comparison against traditional machine learning.
RQ4: Transfer learning and affective computing applications in decision support.
RQ5: Future research directions and dataset limitations.","Switzerland, 
Japan.",Not applicable.,Not applicable.,Text documents / social media posts / literary texts / news headlines / self-reported narratives.v,"Dataset	Samples
Literary Tales (Alm, 2008)	1,207
Election Tweets	1,646
ISEAR	7,666
SemEval Headlines	1,250
General Tweets	7,902
Facebook Posts	2,894",Not applicable.,Not applicable.,"Alm (2008) Literary Tales
Election Tweets Dataset
ISEAR Dataset
SemEval-2007 Headlines Dataset
SemEval-2018 General Tweets Dataset
Facebook Posts Dataset",Public benchmark datasets.,Text only,"8 Basic Emotions

Anger
Anticipation
Disgust
Fear
Joy
Sadness
Surprise
Trust","Mixed:

Expert annotation
Crowdsourcing
Self-reporting
Benchmark competition annotations","Literary stories
Tweets
Facebook posts
Newspaper headlines
Self-reported experiences",Yes.,No.,RNN / LSTM / BiLSTM.,"LSTM
Bidirectional LSTM (BiLSTM)
Sent2Affect Transfer Learning Framework",N/A (text only).,None.,Sequential LSTM processing over text sequences.,No.,Yes.,"Sent2Affect:

Train network on sentiment analysis dataset (~100,000 tweets).
Replace prediction layer.
Fine-tune for emotion recognition.","Weighted Cross-Entropy Loss
Class-weighted loss function",Adam,Not reported.,Not reported.,Training stopped using validation-error monitoring (early stopping),"Dropout layer
Recurrent dropout
Weighted loss
Early stopping",No.,None.,None.,No.,No.,No.,Not reported.,Research benchmarking environment.,"Text-based deep learning framework:

LSTM
BiLSTM
Sent2Affect",No.,No.,Not reported.,"Emotion Classification
Emotion Regression
Affective Computing","Anger
Fear
Joy
Sadness
Trust
Anticipation
Disgust
Surprise",Not reported as primary metric.,Only F1 score,Not reported,No,Mean Squared Error (MSE).,Not reported.,"Compared against:

Random Forest
Support Vector Machine (SVM)",Yes.,"Partial.

Compared:

LSTM vs BiLSTM
Random embeddings vs GloVe
Transfer learning vs non-transfer learning",No.,Yes.,"Classification:

Up to 23.2% F1-score improvement

Regression:

Up to 11.6% MSE improvement

Transfer Learning:

Up to 6.6% additional F1-score improvement",No.,Class imbalance explicitly discussed.,"Weighted loss function.
Class-frequency weighting.",No.,None,"Emotion datasets are relatively small.
Dataset annotation schemes vary substantially.
Lack of standardized benchmarks.","Deep learning vulnerable to overfitting on small datasets.
Requires customized architectures.
Emotion recognition more challenging than sentiment analysis.",No explainability mechanism discussed.,Not evaluated for real-time deployment.,"Limited use of deep learning in text-based emotion recognition.
Lack of transfer learning approaches for affective computing.
Absence of standardized emotion datasets.
Small benchmark datasets hinder deep learning effectiveness.","Create larger affective computing datasets.
Standardize annotation schemes.
Improve transfer learning strategies.
Explore additional deep learning architectures.
Extend affective computing to broader decision-support applications.",Yes,The paper clearly states its goal of improving text-based emotion recognition through customized deep learning architectures and a novel transfer-learning approach called sent2affect.,Yes,"The study systematically evaluates LSTM, BiLSTM, pretrained embeddings, weighted loss functions, and transfer learning across six benchmark datasets.",Partial,"Network architecture, preprocessing, optimization strategy, datasets, and evaluation procedures are reported. However, source code, exact hyperparameters, and implementation files are not provided.",Yes,"Dataset sources, sample sizes, emotion categories, annotation approaches, and benchmark characteristics are summarized comprehensively.",Yes,"Weighted F1-score, sensitivity, specificity, and MSE are appropriate metrics for imbalanced emotion classification and regression tasks.",Yes,"The proposed models are compared against Random Forests, SVMs, naive LSTMs, pretrained embeddings, and transfer-learning variants across multiple benchmark datasets.",No,"No explainability technique such as SHAP, LIME, Grad-CAM, attention visualization, or interpretability analysis was implemented or evaluated.",Yes,"The authors explicitly discuss small dataset sizes, heterogeneous annotation schemes, lack of standard benchmarks, and the need for larger datasets and improved transfer-learning approaches."
577,Kratzwald 2018,Deep learning for affective computing: Text-based emotion recognition in decision support,Consensus,"Kratzwald, B., Ilić, S., Kraus, M., Feuerriegel, S., & Prendinger, H. (2018). Deep learning for affective computing: Text-based emotion recognition in decision support. Decision Support Systems (preprint version, September 2018).",2018,Deep learning for affective computing: Text-based emotion recognition in decision support.,Decision Support Systems (Preprint).,Primary empirical study; methodological paper; benchmarking study; proof-of-concept deep learning framework.,"To improve text-based emotion recognition using deep learning.
To customize recurrent neural networks for affective computing.
To introduce a transfer learning approach called sent2affect.
To evaluate performance across multiple benchmark datasets for emotion recognition.","RQ1: Deep learning architectures for emotion recognition.
RQ2: Benchmark emotion datasets and their characteristics.
RQ3: Performance comparison against traditional machine learning.
RQ4: Transfer learning and affective computing applications in decision support.
RQ5: Future research directions and dataset limitations.","Switzerland, 
Japan.",Not applicable.,Not applicable.,Text documents / social media posts / literary texts / news headlines / self-reported narratives.v,"Dataset	Samples
Literary Tales (Alm, 2008)	1,207
Election Tweets	1,646
ISEAR	7,666
SemEval Headlines	1,250
General Tweets	7,902
Facebook Posts	2,894",Not applicable.,Not applicable.,"Alm (2008) Literary Tales
Election Tweets Dataset
ISEAR Dataset
SemEval-2007 Headlines Dataset
SemEval-2018 General Tweets Dataset
Facebook Posts Dataset",Public benchmark datasets.,Text only,"8 Basic Emotions

Anger
Anticipation
Disgust
Fear
Joy
Sadness
Surprise
Trust","Mixed:

Expert annotation
Crowdsourcing
Self-reporting
Benchmark competition annotations","Literary stories
Tweets
Facebook posts
Newspaper headlines
Self-reported experiences",Yes.,No.,RNN / LSTM / BiLSTM.,"LSTM
Bidirectional LSTM (BiLSTM)
Sent2Affect Transfer Learning Framework",N/A (text only).,None.,Sequential LSTM processing over text sequences.,No.,Yes.,"Sent2Affect:

Train network on sentiment analysis dataset (~100,000 tweets).
Replace prediction layer.
Fine-tune for emotion recognition.","Weighted Cross-Entropy Loss
Class-weighted loss function",Adam,Not reported.,Not reported.,Training stopped using validation-error monitoring (early stopping),"Dropout layer
Recurrent dropout
Weighted loss
Early stopping",No.,None.,None.,No.,No.,No.,Not reported.,Research benchmarking environment.,"Text-based deep learning framework:

LSTM
BiLSTM
Sent2Affect",No.,No.,Not reported.,"Emotion Classification
Emotion Regression
Affective Computing","Anger
Fear
Joy
Sadness
Trust
Anticipation
Disgust
Surprise",Not reported as primary metric.,Only F1 score,Not reported,No,Mean Squared Error (MSE).,Not reported.,"Compared against:

Random Forest
Support Vector Machine (SVM)",Yes.,"Partial.

Compared:

LSTM vs BiLSTM
Random embeddings vs GloVe
Transfer learning vs non-transfer learning",No.,Yes.,"Classification:

Up to 23.2% F1-score improvement

Regression:

Up to 11.6% MSE improvement

Transfer Learning:

Up to 6.6% additional F1-score improvement",No.,Class imbalance explicitly discussed.,"Weighted loss function.
Class-frequency weighting.",No.,None,"Emotion datasets are relatively small.
Dataset annotation schemes vary substantially.
Lack of standardized benchmarks.","Deep learning vulnerable to overfitting on small datasets.
Requires customized architectures.
Emotion recognition more challenging than sentiment analysis.",No explainability mechanism discussed.,Not evaluated for real-time deployment.,"Limited use of deep learning in text-based emotion recognition.
Lack of transfer learning approaches for affective computing.
Absence of standardized emotion datasets.
Small benchmark datasets hinder deep learning effectiveness.","Create larger affective computing datasets.
Standardize annotation schemes.
Improve transfer learning strategies.
Explore additional deep learning architectures.
Extend affective computing to broader decision-support applications.",Yes,"",Yes,"",Partial,"",Yes,"",Yes,"",Yes,"",No,"",Yes,""
517,Sethi 2022,PSU-CNN: Prediction of student understanding in the classroom through student facial images using convolutional neural network,Sarbajit Paul Bappy,"Sethi, K., & Jaiswal, V. (2022). PSU-CNN: Prediction of student understanding in the classroom through student facial images using convolutional neural network. Materials Today: Proceedings, 62, 4957–4964. https://doi.org/10.1016/j.matpr.2022.03.691

",2022,PSU-CNN: Prediction of student understanding in the classroom through student facial images using convolutional neural network,Materials Today: Proceedings,Primary empirical / Proof-of-concept,"To develop an automated computer vision system to predict whether a student is understanding a lecture or not in a face-to-face classroom setting, by classifying facial images into ""Understanding"" or ""Not Understanding"" using ML and DL methods.","RQ1 (Methodology), RQ3 (Performance)",India (Data collected from Shoolini University),Higher Ed (University students),"Real classroom (Face-to-face lecture environment)
",Students," 264 images (from an unspecified number of university students, including both boys and girls)",Not specified,"Not specified (Mentions ""Both boys’ and girl’s images were included"")
",Custom (Shoolini University Student Facial Dataset),Custom (novel),Static image,"2 classes (Understanding, Not Understanding)

","Self-reported (The text states: ""The facial images were tagged with help of student according to their understanding of lecture at that particular moment."")",Lab-controlled / Real classroom (Captured during live lectures using an Honor 6X Android Smartphone HDR camera),Not stated,No,CNN,"PSU-CNN (Custom 17-layer CNN: 4 Convolutional layers, Batch Normalization, ReLU, 3 Max pooling, 1 Fully connected, 1 Dense layer, SoftMax output)","N/A (Unimodal)
","N/A
","None (Static frame analysis)
","No
",No (Model is trained from scratch),N/A,"Not explicitly stated (Likely Cross-entropy given SoftMax classifier)
",Adam,"0.001 (Mentioned under SVM parameters, but likely applies to CNN as well); No scheduler mentioned.
","50 (Mentioned under SVM parameters, but listed in the CNN context section)
",100 epochs,Not stated,No,"N/A

","N/A

",No,"Yes (Text states: ""Hence there is a need to develop a real-time computer vision system..."" and ""This method can also be implemented as a mobile application... to assist online classes."")

",No,N/A,Mobile / Standard PC (Suggested as a future mobile/computer application with a camera and computing facility),"Other (HOG feature extraction used for ML baselines; CNN extracts features natively)

",Proposed only,"Proposed only (Suggests it will assist teachers in identifying students not understanding the lecture live)

",None,Engagement detection / FER (facial expression),"2 custom engagement states (Understanding, Not Understanding)
","Yes (Test Accuracy: 92%; Overall Accuracy: 98%)
",No,No,No, Yes (RMSE = 0.07; MAE = 0.05),No,"Yes (Compared against SVM [HOG features] and Naive Bayes. SVM test accuracy: 64%; NB test accuracy: 45%)
",No (Only compared against traditional ML baselines),No,No,No,"PSU-CNN achieved a test accuracy of 92% and an overall accuracy of 98% on the custom dataset, significantly outperforming SVM (64%) and Naive Bayes (45%).",No,None reported,"Not stated (Data split was randomized to ""avoid any kind of bias"" in training/testing, but demographic/algorithmic bias not addressed)","No (Though dataset mentions including ""few international students"", no cultural analysis is done)

",None,"Extremely small dataset size (264 images).

","High overall accuracy (98%) vs. test accuracy (92%) suggests severe overfitting on the training data, though not acknowledged by authors.","N/A

","Real-time inference speed/latency was not empirically validated or reported.

","There is a lack of computational systems that directly classify whether a student is understanding a lecture or not based on facial cues in a live classroom setting.
","
Add more student images from different locations to increase dataset size and diversity; Implement and test the method in real-world scenarios.","","","","","","","","","","","","","","","",""
517,Sethi 2022,PSU-CNN: Prediction of student understanding in the classroom through student facial images using convolutional neural network,Consensus,"Sethi, K., & Jaiswal, V. (2022). PSU-CNN: Prediction of student understanding in the classroom through student facial images using convolutional neural network. Materials Today: Proceedings, 62, 4957–4964. https://doi.org/10.1016/j.matpr.2022.03.691

",2022,PSU-CNN: Prediction of student understanding in the classroom through student facial images using convolutional neural network,Materials Today: Proceedings,Primary empirical / Proof-of-concept,"To develop an automated computer vision system to predict whether a student is understanding a lecture or not in a face-to-face classroom setting, by classifying facial images into ""Understanding"" or ""Not Understanding"" using ML and DL methods.","RQ1 (Methodology), RQ3 (Performance)",India (Data collected from Shoolini University),Higher Ed (University students),"Real classroom (Face-to-face lecture environment)
",Students," 264 images (from an unspecified number of university students, including both boys and girls)",Not specified,"Not specified (Mentions ""Both boys’ and girl’s images were included"")
",Custom (Shoolini University Student Facial Dataset),Custom (novel),Static image,"2 classes (Understanding, Not Understanding)

","Self-reported (The text states: ""The facial images were tagged with help of student according to their understanding of lecture at that particular moment."")",Lab-controlled / Real classroom (Captured during live lectures using an Honor 6X Android Smartphone HDR camera),Not stated,No,CNN,"PSU-CNN (Custom 17-layer CNN: 4 Convolutional layers, Batch Normalization, ReLU, 3 Max pooling, 1 Fully connected, 1 Dense layer, SoftMax output)","N/A (Unimodal)
","N/A
","None (Static frame analysis)
","No
",No (Model is trained from scratch),N/A,"Not explicitly stated (Likely Cross-entropy given SoftMax classifier)
",Adam,"0.001 (Mentioned under SVM parameters, but likely applies to CNN as well); No scheduler mentioned.
","50 (Mentioned under SVM parameters, but listed in the CNN context section)
",100 epochs,Not stated,No,"N/A

","N/A

",No,"Yes (Text states: ""Hence there is a need to develop a real-time computer vision system..."" and ""This method can also be implemented as a mobile application... to assist online classes."")

",No,N/A,Mobile / Standard PC (Suggested as a future mobile/computer application with a camera and computing facility),"Other (HOG feature extraction used for ML baselines; CNN extracts features natively)

",Proposed only,"Proposed only (Suggests it will assist teachers in identifying students not understanding the lecture live)

",None,Engagement detection / FER (facial expression),"2 custom engagement states (Understanding, Not Understanding)
","Yes (Test Accuracy: 92%; Overall Accuracy: 98%)
",No,No,No, Yes (RMSE = 0.07; MAE = 0.05),No,"Yes (Compared against SVM [HOG features] and Naive Bayes. SVM test accuracy: 64%; NB test accuracy: 45%)
",No (Only compared against traditional ML baselines),No,No,No,"PSU-CNN achieved a test accuracy of 92% and an overall accuracy of 98% on the custom dataset, significantly outperforming SVM (64%) and Naive Bayes (45%).",No,None reported,"Not stated (Data split was randomized to ""avoid any kind of bias"" in training/testing, but demographic/algorithmic bias not addressed)","No (Though dataset mentions including ""few international students"", no cultural analysis is done)

",None,"Extremely small dataset size (264 images).

","High overall accuracy (98%) vs. test accuracy (92%) suggests severe overfitting on the training data, though not acknowledged by authors.","N/A

","Real-time inference speed/latency was not empirically validated or reported.

","There is a lack of computational systems that directly classify whether a student is understanding a lecture or not based on facial cues in a live classroom setting.
","
Add more student images from different locations to increase dataset size and diversity; Implement and test the method in real-world scenarios.",Yes,"The objective is explicitly stated: ""This paper investigates the idea of performing automated analysis of a student’s understanding of the class participating in active face-to-face classroom teaching... classifying the facial image as 'Understanding' or 'Not Understanding' in the lecture.""
",Yes,"The use of CNN for image classification is appropriate and standard for this type of computer vision task. The comparison against traditional ML techniques (SVM, NB) with feature extractors (HOG) provides a logical baseline to justify the deep learning approach.",Partial,"The authors provide the Python environment, some hyperparameters (lr=0.001, batch=50, epochs=100), and a high-level architectural description (17 layers, filter sizes). However, the custom dataset is not publicly available, and the specific layer configurations/feature map depths are incompletely defined, making exact replication impossible.
",Partial,"The dataset source (Shoolini University), size (264 images), capture device (Honor 6X), and labeling method (self-reported by students) are described. However, crucial details like the exact number of participants, age, gender split, and class distribution (Understanding vs. Not Understanding) are missing.",Partial,"Accuracy, RMSE, and MAE are reported. However, for a small dataset with an unknown class balance, Accuracy alone is insufficient. Precision, Recall, and F1-score are critical to determine if the model is just predicting the majority class, especially given the suspiciously high ""overall accuracy"" of 98% compared to 92% test accuracy.",Partial,"The paper compares its custom CNN against two traditional ML baselines (SVM, Naive Bayes) and proves its superiority. However, it does not compare against any contemporary State-of-the-Art FER or engagement detection deep learning models (e.g., ResNet, VGG, or existing engagement frameworks).",No, No Explainable AI methods were implemented or evaluated in this study.,Partial,"The authors implicitly acknowledge a dataset limitation by stating future work will ""add more students images from different locations."" However, they fail to acknowledge the severe methodological limitation of their dataset size (264 images is extremely small for deep learning) and the clear signs of overfitting (98% overall accuracy vs 92% test accuracy on a tiny dataset).


"
495,Radharani 2026,CSBAM-MobileNet: a lightweight attention-enhanced deep learning model for student attentiveness classification,Sarbajit Paul Bappy,"Radharani, S., Sistla, V., & Kolli, V. K. K. (2026). CSBAM-MobileNet: A lightweight attention-enhanced deep learning model for student attentiveness classification. Engineering Science and Technology, an International Journal, 77, 102326. https://doi.org/10.1016/j.jestch.2026.102326",2026,CSBAM-MobileNet: A lightweight attention-enhanced deep learning model for student attentiveness classification,"Engineering Science and Technology, an International Journal",Primary empirical / Proof-of-concept,"To develop a lightweight, vision-based deep learning framework using a customized MobileNet enhanced with Channel and Spatial Attention Mechanisms (CSBAM) to evaluate student attentiveness through facial expression analysis in offline classroom environments.","RQ1 (Methodology), RQ3 (Performance), RQ4 (Limitations)","India (Authors affiliated with Vignan’s Foundation for Science, Technology and Research, Guntur, Andhra Pradesh)","Higher Ed (University students)
",Real classroom / Offline classroom environment,Students,"Over 65 students for custom dataset; Benchmark datasets: DAiSEE, RAF-DB, FER-2013.","Not specified
",NR (Not reported),"Spontaneous Classroom Expressions Dataset (Custom), DAiSEE, RAF-DB, FER-2013

","Mixed (Public benchmarks + Custom novel dataset)

",Facial video / Static image,"5 academic affective states (Focused, Bored, Confused, Deviated, Sleepy)

","Expert labellers / Custom rule-based (The text details mathematical formulations for states based on Eye Closure Ratio, Mouth Aspect Ratio, Brow Furrow Ratio, and Gaze Ratio to define labels).","Lab-controlled / Real classroom (High-resolution cameras captured video of students during live lectures)

","Yes (Method: Data augmentation techniques applied systematically to balance the training process)

"," Yes (Random rotation ±15°, Brightness ±20%, Gaussian Noise, Horizontal Flip p=0.5, Random Crop/Resize, Contrast Shift ±15%)

",CNN / Hybrid (MobileNet + Attention),Custom MobileNetV1 with Channel-Spatial Balanced Attention Module (CSBAM-MobileNet),"N/A (Unimodal - Visual)
","N/A
",None (Frame-based analysis),"Yes (CSBAM: Jointly models channel-wise semantic relevance and spatial saliency in a parallel manner using Global Avg/Max Pooling and 7x7 convolutions)
","Not explicitly stated (Likely trained from scratch or standard ImageNet weights implied, but focuses on custom lightweight structure)",N/A,"Custom (Joint supervision of Softmax Cross-Entropy loss [Ls], Center Loss [Lc], Attention loss [Latt], and L2 Regularization [Lreg])","Not explicitly stated
",Not explicitly stated,Not explicitly stated,Not explicitly stated,"L2 Regularisation (Weight decay), Batch Normalization, Data Augmentation",Partially (discussed but not implemented as standalone XAI),"Attention Maps (The CSBAM module inherently generates spatial and channel attention weights to highlight crucial facial regions like eyes/mouth, serving an explainable function).

","Qualitative visualisation (Implied by the mechanism's design to focus on specific facial areas, though no explicit visual output like Grad-CAM is demonstrated in the text provided).",No,"Yes (Explicitly designed for ""reliable real-time student attentiveness analysis"" and ""real-time classroom use"")",No,N/A," Edge device / Standard classroom camera setup (Designed to be lightweight/efficient enough for real-time use without heavy processing).

",RetinaFace (Used for precise face detection and localization),Proposed only (Provides foundation for adaptive and personalized teaching strategies),Proposed only (Mentions providing real-time feedback on attentiveness to educators),None,Engagement detection / FER (facial expression),"5 custom academic states (Focused, Bored, Confused, Deviated, Sleepy)","Yes (Custom dataset: 91.2% overall, 84.2% on challenging subsets; DAiSEE: 92.5%; RAF-DB: 89.6%; FER-2013: 87.4%. Training accuracy on custom set: 98.7%)","Yes (Mentioned as evaluation metrics used, though specific values are truncated in the provided text)",No,Not stated,No,No,"Yes (Implicitly compared against standard MobileNetV1, as well as baseline behaviors in the literature review)
",Yes (Validated against SOTA results on public benchmarks),Yes (Mentions empirical analysis demonstrating that intermediate attention insertion provides improved stability/recognition performance compared to early/late insertion),No,Yes (Tested on 3 public benchmarks + custom dataset),"Achieved 91.2% accuracy on the custom classroom dataset and 92.5% on the DAiSEE dataset, while maintaining a lightweight footprint suitable for real-time inference.",No,"None reported

", Not stated,No,None," Small and low-resolution facial patches typically captured in classroom environments; varied lighting, occlusion, and head pose variations present challenges (though partially mitigated by the model).","Heavy transformer frameworks limit real-time use (addressed by this paper's lightweight approach, but acknowledges the trade-off).",N/A,"None acknowledged for the proposed model; positions it as the solution to prior real-time limitations.

","Existing methods use general facial expressions (anger, sadness) that don't fit educational contexts, rely on isolated cues, struggle to scale to real classrooms, and use heavy transformer architectures that hinder real-time deployment.

","Integrate additional behavioural and physiological cues, such as body posture and voice features, to enable a more comprehensive and multi-modal assessment of student attentiveness.",Yes,"The introduction explicitly states: ""This paper introduces a vision-based deep learning framework designed to evaluate student attentiveness through facial expression analysis. Leveraging a Customized lightweight MobileNet architecture enhanced with Channel and Spatial Attention Mechanisms (CSBAM)...""",Yes,"The methodology logically addresses the research gap. The CSBAM integration into a modified MobileNetV1 is theoretically sound for emphasizing key facial regions (eyes/mouth) while maintaining low computational overhead. The mathematical definitions for academic states (ECR, MAR, BFR) ground the dataset curation in objective metrics.
",Partial,"The architecture is detailed layer-by-layer (Table 3), the loss functions are mathematically defined, data augmentations are specified, and the face detector (RetinaFace) is named. However, crucial training hyperparameters (optimizer, learning rate, batch size, epochs) and the custom dataset itself are not provided/open-sourced in the text.
",Yes,"The custom dataset (Spontaneous Classroom Expressions Dataset) is well-described. It specifies the number of subjects (>65), the 5 academic affective states, and provides detailed mathematical formulations and physical descriptions (e.g., Eye Closure Ratio, Brow Furrow Ratio) used to define and annotate the expressions.",Partial,"The study lists Accuracy, Precision, Recall, and F1-score as evaluation metrics. However, while accuracy numbers are prominently reported in the abstract and text, the actual values for precision, recall, and F1-score are not visible in the provided snippets, leaving accuracy as the sole reported metric for the core results.
",Yes,"The model is evaluated across three major public benchmark datasets (DAiSEE, RAF-DB, FER-2013) and compared against their known SOTA baselines. The paper also performs an ablation study on the placement of the attention module (early vs. intermediate vs. late).
",No,"While the attention mechanism (CSBAM) is designed to highlight crucial facial regions, there is no explicit XAI evaluation. No visualizations (e.g., Grad-CAM or attention heatmaps) are presented or evaluated in the provided text to prove the model is actually focusing on the eyes/mouth as intended.",Partial,"The authors acknowledge the general challenges in the field, such as varied lighting, occlusion, head pose variations, and the computational limits of existing frameworks. However, they do not explicitly discuss the limitations of their own proposed model (e.g., the drop from 98.7% train accuracy to 84.27% test accuracy on the custom set suggests overfitting, which is unaddressed)."
495,Radharani 2026,CSBAM-MobileNet: a lightweight attention-enhanced deep learning model for student attentiveness classification,Consensus,"Radharani, S., Sistla, V., & Kolli, V. K. K. (2026). CSBAM-MobileNet: A lightweight attention-enhanced deep learning model for student attentiveness classification. Engineering Science and Technology, an International Journal, 77, 102326. https://doi.org/10.1016/j.jestch.2026.102326",2026,CSBAM-MobileNet: A lightweight attention-enhanced deep learning model for student attentiveness classification,"Engineering Science and Technology, an International Journal",Primary empirical / Proof-of-concept,"To develop a lightweight, vision-based deep learning framework using a customized MobileNet enhanced with Channel and Spatial Attention Mechanisms (CSBAM) to evaluate student attentiveness through facial expression analysis in offline classroom environments.","RQ1 (Methodology), RQ3 (Performance), RQ4 (Limitations)","India (Authors affiliated with Vignan’s Foundation for Science, Technology and Research, Guntur, Andhra Pradesh)","Higher Ed (University students)
",Real classroom / Offline classroom environment,Students,"Over 65 students for custom dataset; Benchmark datasets: DAiSEE, RAF-DB, FER-2013.","Not specified
",NR (Not reported),"Spontaneous Classroom Expressions Dataset (Custom), DAiSEE, RAF-DB, FER-2013

","Mixed (Public benchmarks + Custom novel dataset)

",Facial video / Static image,"5 academic affective states (Focused, Bored, Confused, Deviated, Sleepy)

","Expert labellers / Custom rule-based (The text details mathematical formulations for states based on Eye Closure Ratio, Mouth Aspect Ratio, Brow Furrow Ratio, and Gaze Ratio to define labels).","Lab-controlled / Real classroom (High-resolution cameras captured video of students during live lectures)

","Yes (Method: Data augmentation techniques applied systematically to balance the training process)

"," Yes (Random rotation ±15°, Brightness ±20%, Gaussian Noise, Horizontal Flip p=0.5, Random Crop/Resize, Contrast Shift ±15%)

",CNN / Hybrid (MobileNet + Attention),Custom MobileNetV1 with Channel-Spatial Balanced Attention Module (CSBAM-MobileNet),"N/A (Unimodal - Visual)
","N/A
",None (Frame-based analysis),"Yes (CSBAM: Jointly models channel-wise semantic relevance and spatial saliency in a parallel manner using Global Avg/Max Pooling and 7x7 convolutions)
","Not explicitly stated (Likely trained from scratch or standard ImageNet weights implied, but focuses on custom lightweight structure)",N/A,"Custom (Joint supervision of Softmax Cross-Entropy loss [Ls], Center Loss [Lc], Attention loss [Latt], and L2 Regularization [Lreg])","Not explicitly stated
",Not explicitly stated,Not explicitly stated,Not explicitly stated,"L2 Regularisation (Weight decay), Batch Normalization, Data Augmentation",Partially (discussed but not implemented as standalone XAI),"Attention Maps (The CSBAM module inherently generates spatial and channel attention weights to highlight crucial facial regions like eyes/mouth, serving an explainable function).

","Qualitative visualisation (Implied by the mechanism's design to focus on specific facial areas, though no explicit visual output like Grad-CAM is demonstrated in the text provided).",No,"Yes (Explicitly designed for ""reliable real-time student attentiveness analysis"" and ""real-time classroom use"")",No,N/A," Edge device / Standard classroom camera setup (Designed to be lightweight/efficient enough for real-time use without heavy processing).

",RetinaFace (Used for precise face detection and localization),Proposed only (Provides foundation for adaptive and personalized teaching strategies),Proposed only (Mentions providing real-time feedback on attentiveness to educators),None,Engagement detection / FER (facial expression),"5 custom academic states (Focused, Bored, Confused, Deviated, Sleepy)","Yes (Custom dataset: 91.2% overall, 84.2% on challenging subsets; DAiSEE: 92.5%; RAF-DB: 89.6%; FER-2013: 87.4%. Training accuracy on custom set: 98.7%)","Yes (Mentioned as evaluation metrics used, though specific values are truncated in the provided text)",No,Not stated,No,No,"Yes (Implicitly compared against standard MobileNetV1, as well as baseline behaviors in the literature review)
",Yes (Validated against SOTA results on public benchmarks),Yes (Mentions empirical analysis demonstrating that intermediate attention insertion provides improved stability/recognition performance compared to early/late insertion),No,Yes (Tested on 3 public benchmarks + custom dataset),"Achieved 91.2% accuracy on the custom classroom dataset and 92.5% on the DAiSEE dataset, while maintaining a lightweight footprint suitable for real-time inference.",No,"None reported

", Not stated,No,None," Small and low-resolution facial patches typically captured in classroom environments; varied lighting, occlusion, and head pose variations present challenges (though partially mitigated by the model).","Heavy transformer frameworks limit real-time use (addressed by this paper's lightweight approach, but acknowledges the trade-off).",N/A,"None acknowledged for the proposed model; positions it as the solution to prior real-time limitations.

","Existing methods use general facial expressions (anger, sadness) that don't fit educational contexts, rely on isolated cues, struggle to scale to real classrooms, and use heavy transformer architectures that hinder real-time deployment.

","Integrate additional behavioural and physiological cues, such as body posture and voice features, to enable a more comprehensive and multi-modal assessment of student attentiveness.",Yes,"",Yes,"",Partial,"",Yes,"",Partial,"",Yes,"",No,"",Partial,""
418,Al-Asadi 2024,A robust semi-supervised deep learning approach for emotion recognition using EEG signals,Sarbajit Paul Bappy,"Al-Asadi, A. W., Salehpour, P., & Aghdasi, H. S. (2024). A robust semi-supervised deep learning approach for emotion recognition using EEG signals. International Journal of Machine Learning and Cybernetics, 15, 4445–4458. https://doi.org/10.1007/s13042-024-02158-8",2024,A robust semi-supervised deep learning approach for emotion recognition using EEG signals,International Journal of Machine Learning and Cybernetics,Primary empirical study / Deep learning method paper,Develop a robust semi-supervised deep learning framework (EEG-SSL) for EEG-based emotion recognition that can effectively utilize unlabeled EEG signals and reduce dependence on expensive labeled data.,"RQ1, RQ2, RQ3, RQ5",Iran (authors' affiliation); dataset collected internationally (DEAP dataset),Not applicable,Not applicable,Human EEG subjects,"DEAP dataset: 32 participants; experiment subset used 2 participants producing 4,800 EEG segments",Not reported,Not reported,DEAP (Database for Emotion Analysis using Physiological Signals),Public,EEG signals (32-channel physiological signals),Binary classification for each task: High vs Low Valence; High vs Low Arousal,Self-assessment ratings (1–9 scale) from participants,Participants watched 40 one-minute music videos designed to evoke emotions,"Partially, through distribution alignment",Yes,CNN-based EEGNet,EEGNet + EEG-SSL (proposed),N/A,EEG only,Convolutional processing of EEG epochs,No,No,Not applicable,Cross-Entropy (supervised + unsupervised pseudo-label loss),Adam,10⁻³ or 10⁻⁴; Cosine Annealing Scheduler,64 labeled samples; 448 unlabeled samples,Not explicitly specified,"VAT perturbation, consistency regularization, pseudo-label confidence filtering, weight decay",No,None,None,Not discussed,No,No,Not reported,PyTorch,EEGNet,No,No,Not discussed,EEG-based Emotion Recognition,"Valence (High/Low), Arousal (High/Low)",86.67%,Yes,No,No,No,No,EEG-FixMatch Baseline,Yes,Yes,No,No,86.67%,No,None reported,None,No,No,"Evaluation only on DEAP dataset
Experiments used only two participants from DEAP subset
Binary valence/arousal classification","Dependence on augmentation quality
Hyperparameter sensitivity
No cross-dataset validation","No interpretability analysis
No XAI component","Real-time deployment not evaluated
Computational requirements not analyzed","Most EEG emotion recognition methods are fully supervised and require expensive labeling.
Existing SSL methods are mainly designed for computer vision and not EEG applications.
Effective EEG-specific augmentations remain underexplored.","Few-shot learning for EEG emotion recognition.
Domain adaptation in cross-dataset settings.
Application to other EEG tasks such as:
Alzheimer's disease recognition.
Further development of EEG semi-supervised learning frameworks.",Yes,"The study clearly defines its goal to develop a robust semi-supervised deep learning approach for emotion recognition using EEG signals, explicitly addressing research questions RQ1, RQ2, and RQ3.",Yes,The methodology uses specialized architectures designed specifically for neurophysiological data (EEGNet + EEG-FixMatch / CNN-based semi-supervised approach) to handle the specified task.,Partial,"The study utilizes a widely known public benchmark dataset (DEAP dataset) and outlines core training components like the PyTorch framework, Cross-Entropy loss, Adam optimizer, and a batch size of 64 labeled samples. However, details regarding the exact number of epochs are ""not explicitly"" clear or detailed.",Partial,"The public DEAP dataset is clearly identified, along with its modality (Human EEG signals) and annotation method (Self-assessment). However, key participant specifics (such as sample size, age range, and gender distribution) are marked as ""Not applicable"" or ""Not reported"" in this entry.",Partial,"The study documents an accuracy score of 86.67% for binary classification (Valence). However, other key discriminative evaluation metrics like F1-Score, precision, recall, and AUC-ROC are missing or not reported.",Partial,"The study actively benchmarks its performance against existing baselines and state-of-the-art architectures (comparing EEG-FixMatch vs. others). However, it lacks any statistical significance testing or reported p-values.",No,"The dataset extraction explicitly states ""No (XAI not used)"" for Explainable AI integration.",Yes,"The authors acknowledge clear constraints and future paths regarding their framework, specifically noting technical dependencies, real-time implementation challenges, the general limitations of most EEG processing setups, and the need for few-shot learning adaptations."
418,Al-Asadi 2024,A robust semi-supervised deep learning approach for emotion recognition using EEG signals,Consensus,"Al-Asadi, A. W., Salehpour, P., & Aghdasi, H. S. (2024). A robust semi-supervised deep learning approach for emotion recognition using EEG signals. International Journal of Machine Learning and Cybernetics, 15, 4445–4458. https://doi.org/10.1007/s13042-024-02158-8",2024,A robust semi-supervised deep learning approach for emotion recognition using EEG signals,International Journal of Machine Learning and Cybernetics,Primary empirical study / Deep learning method paper,Develop a robust semi-supervised deep learning framework (EEG-SSL) for EEG-based emotion recognition that can effectively utilize unlabeled EEG signals and reduce dependence on expensive labeled data.,"RQ1, RQ2, RQ3, RQ5",Iran (authors' affiliation); dataset collected internationally (DEAP dataset),Not applicable,Not applicable,Human EEG subjects,"DEAP dataset: 32 participants; experiment subset used 2 participants producing 4,800 EEG segments",Not reported,Not reported,DEAP (Database for Emotion Analysis using Physiological Signals),Public,EEG signals (32-channel physiological signals),Binary classification for each task: High vs Low Valence; High vs Low Arousal,Self-assessment ratings (1–9 scale) from participants,Participants watched 40 one-minute music videos designed to evoke emotions,"Partially, through distribution alignment",Yes,CNN-based EEGNet,EEGNet + EEG-SSL (proposed),N/A,EEG only,Convolutional processing of EEG epochs,No,No,Not applicable,Cross-Entropy (supervised + unsupervised pseudo-label loss),Adam,10⁻³ or 10⁻⁴; Cosine Annealing Scheduler,64 labeled samples; 448 unlabeled samples,Not explicitly specified,"VAT perturbation, consistency regularization, pseudo-label confidence filtering, weight decay",No,None,None,Not discussed,No,No,Not reported,PyTorch,EEGNet,No,No,Not discussed,EEG-based Emotion Recognition,"Valence (High/Low), Arousal (High/Low)",86.67%,Yes,No,No,No,No,EEG-FixMatch Baseline,Yes,Yes,No,No,86.67%,No,None reported,None,No,No,"Evaluation only on DEAP dataset
Experiments used only two participants from DEAP subset
Binary valence/arousal classification","Dependence on augmentation quality
Hyperparameter sensitivity
No cross-dataset validation","No interpretability analysis
No XAI component","Real-time deployment not evaluated
Computational requirements not analyzed","Most EEG emotion recognition methods are fully supervised and require expensive labeling.
Existing SSL methods are mainly designed for computer vision and not EEG applications.
Effective EEG-specific augmentations remain underexplored.","Few-shot learning for EEG emotion recognition.
Domain adaptation in cross-dataset settings.
Application to other EEG tasks such as:
Alzheimer's disease recognition.
Further development of EEG semi-supervised learning frameworks.",Yes,"",Yes,"",Partial,"",Partial,"",Partial,"",Partial,"",No,"",Yes,""
398,Kumar 2025,Advanced Optimal Cross-Modal Fusion Mechanism for Audio-Video Based Artificial Emotion Recognition,Sarbajit Paul Bappy,"Kumar, H., & Aruldoss, M. (2025). Advanced Optimal Cross-Modal Fusion Mechanism for Audio-Video Based Artificial Emotion Recognition. Informatica, 49(12), 61–76. https://doi.org/10.31449/inf.v49i12.7392.",2025,Advanced Optimal Cross-Modal Fusion Mechanism for Audio-Video Based Artificial Emotion Recognition.,"Informatica, Volume 49, Issue 12, Pages 61–76",Primary empirical study; methodological deep learning study; multimodal emotion recognition model development and benchmarking study.,"Explore advanced cross-modal fusion mechanisms for audio-video emotion recognition.
Develop robust multimodal emotion recognition models using audio and video modalities.
Investigate Factorized Bilinear Pooling (FBP), Compact Bilinear Pooling (CBP), and Compact Bilinear Gated Pooling (CBGP).
Compare advanced fusion approaches with traditional fusion approaches and transformer-based fusion mechanisms.
Improve computational efficiency and emotion recognition performance.","RQ1: Deep learning architectures and multimodal fusion mechanisms for emotion recognition.

RQ2: Dataset characteristics and multimodal audio-video data.

RQ3: Performance evaluation and benchmarking against state-of-the-art fusion methods.

RQ4: Real-world multimodal emotion recognition applications and deployment considerations.

RQ5: Research gaps in multimodal fusion and future directions for sustainable emotion recognition systems.",India,Not applicable.,Not specific to education. General multimodal emotion recognition. E-learning discussed as an application domain,Audio-video recordings from human speakers contained in benchmark dataset.,"CMU-MOSEI:

23,259 annotated video clips
3,228 videos
More than 1,000 speakers
20,323 samples after preprocessing",Not reported.,Not reported.,CMU-MOSEI Dataset.,Public benchmark dataset.,"Audio
Video","Happy
Sad
Angry
Fear
Disgusted
Surprised","Annotated benchmark dataset.

Specific annotation procedure not reported in the paper.","Naturally occurring monologues
English-language videos
More than 1,000 speakers
Diverse topics",No explicit imbalance handling reported.,No.,"Hybrid multimodal architecture:

2D-CNN
3D-CNN
Cross-modal fusion networks","Audio branch:

2D-CNN

Video branch:

3D-CNN

Fusion mechanisms:

Factorized Bilinear Pooling (FBP)
Compact Bilinear Pooling (CBP)
Compact Bilinear Gated Pooling (CBGP)","Cross-modal fusion.

Advanced fusion approaches:

FBP
CBP
CBGP

Compared with:

Early Fusion
Late Fusion
Hybrid Fusion
Attention Fusion
Transformer Fusion",Audio + Video.,"3D-CNN spatiotemporal modeling
Audio-video feature synchronization
Bilinear fusion interaction",No.,No.,Not reported.,Not reported.,Adam.,0.00003,32,30 epochs,"L2 Regularization
Dropout

2D-CNN dropout: 0.3

3D-CNN dropout: 0.2",No.,None.,None.,No.,"Partially.

Real-time applications discussed but not experimentally evaluated.",No.,Not reported.,"Experimental environment:

AMD Ryzen 7
16 GB RAM
NVIDIA GeForce RTX GPU
PyTorch
Jupyter Notebook","Audio preprocessing:

LibROSA

Video preprocessing:

OpenCV

Feature extraction:

2D-CNN
3D-CNN

Fusion:

FBP
CBP
CBGP",No.,No.,Not reported.,Multimodal Emotion Recognition.,"Happy
Sad
Angry
Fear
Disgusted
Surprised",81.3% (CBGP),"Best F1-score:

79.2%",Not reported.,No.,"Best MAE:

54.2",Not reported.,"Compared against:

Early Fusion (EF-LSTM)
Late Fusion (LF-LSTM)
Graph-MFN
HFU-BERT
Early Fusion 2D-CNN
Late Fusion 2D-CNN
Hybrid Fusion 2D-CNN
FBP
CBP",Yes.,"Yes.

Comparison among:

FBP
CBP
CBGP

and traditional fusion approaches.","Yes.

p-values reported:

FBP = 0.004
CBP = 0.003
CBGP = 0.002",No.,"CBGP achieved:

Accuracy = 81.3%
F1-score = 79.2%
MAE = 54.2",No.,None reported.,None reported.,No.,None ,"Large multimodal datasets remain computationally challenging.
Fine-grained emotion classification remains difficult.","FBP introduces approximation errors.
CBP does not capture full bilinear interactions.
CBGP requires extensive hyperparameter tuning.
Transformer fusion requires high memory and computational resources.",No explainability framework provided.,"Computational burden remains significant.
Audio-video synchronization challenges.
High-dimensional multimodal feature interactions.","The paper identifies that traditional multimodal fusion methods:

Struggle with high dimensionality.
Fail to optimize inter-feature dependencies.
Have difficulty with fine-grained emotion classification.
Produce higher computational errors.","Extend CBGP to audio-video-text multimodal systems.
Explore more real-time multimodal applications.
Improve scalable and sustainable multimodal fusion systems.
Develop more resource-efficient emotion recognition models.
Further investigate advanced multimodal fusion architectures.",Yes,"The study clearly defines its objective to investigate advanced cross-modal fusion mechanisms (FBP, CBP, CBGP) and improve audio-video emotion recognition performance while reducing computational inefficiencies.",Yes,"The methodology is systematically designed using 2D-CNN for audio feature extraction, 3D-CNN for video feature extraction, and three advanced fusion mechanisms evaluated against multiple baseline methods.",Partial,"Hyperparameters, dataset split, hardware setup, optimizer, learning rate, and model architecture are reported. However, source code, trained weights, and complete implementation details are not publicly provided.",Partial,"Dataset source, sample size, emotion categories, preprocessing pipeline, and train-validation-test split are reported. Annotation methodology, demographic information, and class distributions are not reported.",Yes,"Accuracy, F1-score, MAE, computational complexity (FLOPs), and p-values are reported, providing a reasonable evaluation of multimodal emotion recognition performance.",Yes,"The study compares CBGP against EF-LSTM, LF-LSTM, Graph-MFN, HFU-BERT, early fusion, late fusion, hybrid fusion, FBP, and CBP, with statistical significance reported through p-values.",No,"No explainable AI techniques (e.g., SHAP, LIME, Grad-CAM, attention visualization, saliency analysis) were implemented or evaluated.",Yes,"The authors discuss limitations of traditional fusion mechanisms, computational complexity, transformer fusion overhead, approximation errors in FBP, limitations of CBP, and hyperparameter tuning requirements in CBGP. Future work is also explicitly outlined."
398,Kumar 2025,Advanced Optimal Cross-Modal Fusion Mechanism for Audio-Video Based Artificial Emotion Recognition,Consensus,"Kumar, H., & Aruldoss, M. (2025). Advanced Optimal Cross-Modal Fusion Mechanism for Audio-Video Based Artificial Emotion Recognition. Informatica, 49, 61–76. https://doi.org/10.31449/inf.v49i12.7392",2025,Advanced Optimal Cross-Modal Fusion Mechanism for Audio-Video Based Artificial Emotion Recognition,Informatica,Primary empirical,"To explore a cross-modal (audio and video) fusion mechanism for emotion recognition that addresses feature complexities, reduces computational errors, and improves sustainability. Specifically, to highlight the contribution of the Compact Bilinear Gated Pooling (CBGP) fusion mechanism compared to traditional and advanced methods.
","RQ1 (DL Methodology), RQ2 (Datasets), RQ3 (Performance), RQ4 (Limitations)","India (Central University of Tamil Nadu)
",Not specified (Mentions e-learning as a general application domain),N/A,Not applicable (Uses pre-existing video dataset),"23,259 annotated video clips from 1,000 speakers (20,323 samples processed after preprocessing)",NR,NR,MU-MOSEI,Public,Multimodal (Facial video / Audio),"6 categorical emotions (happy, sad, angry, fear, disgusted, surprised) + continuous intensity scores",Not stated (Inherent to the CMU-MOSEI dataset),In-the-wild (Online monologues collected from YouTube),"Not stated
","Not stated
","Hybrid (2D-CNN for Audio, 3D-CNN for Video)
",2D-CNN + 3D-CNN + CBGP (Compact Bilinear Gated Pooling),Intermediate fusion / Cross-modal (Compact Bilinear Gated Pooling),"Face + Audio
",3D-CNN (captures spatial and temporal features from video frames),No (Explicitly excluded in favor of CBGP due to computational cost and unbalanced attention score risks with simple CNNs),No (Trained from scratch),N/A,Not explicitly named (Classification loss minimized),Adam," lr=0.00003; cosine decay
",32,30-50 epochs,"L2 Regularization, Dropout (0.3% for audio 2D-CNN, 0.2% for video 3D-CNN)",No,N/A,N/A,"Partially (The authors explicitly note in their comparison table that advanced compact bilinear methods ""lack explicit interpretability"" compared to attention/transformer fusion because transformations like random projections and Fourier transforms are abstract)
","Not evaluated (Discussed as a potential real-time application, but not empirically tested for latency)
",No," N/A
","Not specified (Experiment ran on AMD Ryzen 7, 16GB RAM, NVIDIA GeForce RTX GPU)",Not specified (OpenCV mentioned for preprocessing),No,No,None,Multimodal affect / Emotion recognition,"6 basic emotions (happy, sad, angry, fear, disgusted, surprised) + continuous intensity",80.3% (CBGP) / 81.3% in ablation table,F1-Score = 79.2% (Macro/Weighted not specified),NR, No (Per-class accuracy graph provided),MAE = 54.2%,NR," EF-LSTM, LF-LSTM, Graph-MFN, HFU-BERT, Early/Late/Hybrid 2D-CNN, FBP, CBP",Yes (Compared against traditional SOTA fusion mechanisms; Transformer and Attention fusion are discussed theoretically but excluded from experimental comparison),"Yes (Compared FBP, CBP, and CBGP fusion approaches using the same 2D/3D-CNN feature extractors)
","Yes (p-values reported: FBP=0.004, CBP=0.003, CBGP=0.002)
",No,"CBGP fusion achieved the highest accuracy of 80.3% and F1-score of 79.2%, with an MAE of 54.2% on the CMU-MOSEI dataset.",No,"None reported (Mentions that tokenization in transformers can increase biases in SoftMax, but not demographic bias)",None,No,None,High dimensionality and complex feature interactions in the dataset; requires dimensionality reduction.,"FBP introduces small approximation errors; CBP does not capture full bilinear interactions; CBGP requires extensive hyperparameter tuning; Advanced fusion methods lack explicit interpretability; Attention/Transformer fusion unsuitable for their lightweight CNN architecture due to high memory usage, computational burden, and risk of unbalanced attention scores.
","Transformations used in CBP/CBGP (random projections, FFT) are abstract and lack explicit interpretability compared to attention maps.",Not empirically tested for real-time latency or deployed in a real application.,"Traditional fusion faces challenges with high dimensionality, suboptimal interdependency modeling, and struggles with fine-grained emotion classification. There is a need to reduce computational errors in traditional fusion mechanisms and enhance their sustainability.
","Extend CBGP beyond audio-video to audio-video-text based real-time applications. Explore applications in computer vision, NLP, recommendation systems, healthcare, robotics, banking, and security.",Yes,"",Yes,"",Partial,"",Partial,"",Yes,"",Partial,"",No,"",Yes,""
386,Arsirii 2023,Pseudo-labeling of transfer learning convolutional neural network data for human facial emotion recognition,Sarbajit Paul Bappy,"Arsirii, O. O., & Petrosiuk, D. V. (2023). Pseudo-labeling of transfer learning convolutional neural network data for human facial emotion recognition. Herald of Advanced Information Technology, 6(3), 203-214. https://doi.org/10.15276/hait.06.2023.13",2023,Pseudo-labeling of transfer learning convolutional neural network data for human facial emotion recognition,Herald of Advanced Information Technology,Proof-of-concept / Empirical,"To increase the accuracy of facial emotion recognition on human face images by developing a pseudo-labeling method for transfer learning of a deep convolutional neural network, specifically to overcome dataset flaws like class imbalance, lack of data of a certain class, and insufficient data volume.","RQ1 (DL Methodology), RQ3 (Performance Metrics)",Ukraine (Based on author affiliations),"Not specified (Mentions ""online learning"" as an application domain)",Not applicable (Algorithmic/model development paper),Not applicable (Uses existing public image datasets),"RAF-DB dataset: 29,672 total images (12,271 training; 3,068 test; remainder unspecified/used for validation/pseudo-labeling splits).",Not reported,Not reported,"RAF-DB (Primary target), ImageNet (Pre-training), DISFA, CelebA, AffectNet (Mentioned as examples of flawed popular datasets)",Public,Static image,"7 basic emotion classes (Surprised, Fearful, Disgusted, Happy, Sad, Angry, Neutral)","Crowdsourced / Expert (RAF-DB is annotated with basic and compound emotions by multiple annotators, though paper just says ""labeled"")","In-the-wild (RAF-DB collected from the internet with variations in age, gender, ethnicity, head pose, lighting, occlusion)",Yes (method: Pseudo-labeling is explicitly used to overcome class imbalance by adding confident predictions of underrepresented classes back into the training set).,"Yes (RandomFlip, RandomZoom, RandomRotation, RandomTranslation added as layers at the input of the neural network)",CNN,"MobileNet V1 (Modified with 3 additional Conv2D layers, MaxPooling2D layers, and Dense layers)",N/A (Unimodal),N/A,None,No,Yes (ImageNet),"Progressive unfreezing (Stage 1: Freeze convolutional layers, train new classification layers. Stage 2: Fine-tune the entire CNN model with a very low learning rate)",Not stated,Not stated,"Described as ""very low training speed"" for fine-tuning; exact value not stated",Not stated,10 epochs,"Dropout (implied from previous works/literature review), Data Augmentation (RandomFlip, RandomZoom, RandomRotation, RandomTranslation)",No,N/A,N/A,No,"Partially (Authors mention MobileNet V1 is designed for mobile applications and requires low computational resources, but do not explicitly test or claim real-time latency for this specific pipeline).",No,N/A,Mobile platforms (implied by choice of MobileNet V1),Not specified,No,No,None,FER (facial expression recognition),"7 basic emotions (Surprised, Fearful, Disgusted, Happy, Sad, Angry, Neutral)",Overall accuracy reported as 78% (up from 76%),F1-Score is the primary metric used for evaluation. Per-class F1 scores reported.,Not reported,"Yes (Visualized for 1st, 2nd, and 3rd iterations)",Not reported,Not reported,Baseline is the CNN-FER model trained without pseudo-labeling vs. CNN(Retrain)-FER model trained with pseudo-labeled data,No (Compares only against their own baseline iterations),"Yes (Compared iterations of the pseudo-labeling method: 1st iteration, 2nd iteration (best result), 3rd iteration (performance deteriorated))",No,No,"Overall F1 accuracy increased from 76% to 78% on RAF-DB after the 2nd iteration of pseudo-labeling. Significant per-class F1 increases for minority emotions: Surprise (71% to 77%), Fearful (64% to 69%), Sad (72% to 76%), Angry (64% to 74%), Neutral (66% to 71%). Happy (majority class) decreased from 91% to 86%.",No,"Class imbalance bias (accuracy drop in majority class ""Happy"" when minority classes are boosted)",Pseudo-labeling (adding high-confidence predictions of underrepresented classes back to the training set to balance the learning),No,None,"Popular datasets (DISFA, CelebA, AffectNet, RAF-DB) have fundamental flaws: lack of data of a certain class, class imbalance, subjectivity and ambiguity of labeling, insufficient volume of data for deep learning.",Third iteration of pseudo-labeling caused performance deterioration. Boosting minority classes via pseudo-labeling caused a decrease in accuracy for the majority class (Happy dropped from 91% to 86%).,N/A,None explicitly stated,"Deep learning CNNs for FER suffer from poor accuracy when trained on popular datasets because those datasets contain fundamental flaws such as class imbalance, lack of certain class data, subjectivity in labeling, and insufficient data volume. Standard data expansion methods can create additional imbalances or false patterns.",The pseudo-labeling method can be recommended for expanding the volume of training sets for deep learning of CNNs to overcome dataset shortcomings like class imbalance and lack of data. (No specific future research directions are explicitly outlined by the authors at the end of the paper).,Yes,"The authors explicitly state the aim of the research: ""to increase the accuracy of facial emotion recognition on the image of a human by developing a pseudo-labeling method for transfer learning of a deep neural network"" to specifically overcome dataset flaws like class imbalance and insufficient data volume.",Yes,"The use of a lightweight pre-trained CNN (MobileNet V1) with a structured transfer learning and fine-tuning approach is appropriate. Most importantly, the implementation of a teacher-student pseudo-labeling pipeline (where high-confidence predictions on unlabeled data are fed back into training) is a highly suitable and established semi-supervised methodology for addressing the stated problems of class imbalance and data scarcity.",Partial,"The architecture choice (MobileNet V1), the added layers (3 Conv2D, MaxPooling2D, Dense), the number of epochs (10), the pseudo-labeling threshold (probability > 0.99), and the dataset splits (12,271 training, 3,068 test) are clearly stated. However, the code/model weights are not released, and critical hyperparameters such as the optimizer, learning rate, batch size, and loss function are omitted, making exact replication difficult.",Partial,"The dataset source (RAF-DB), total size, and the specific 7 emotion classes are identified. The paper also explicitly discusses the dataset's class imbalance and challenging in-the-wild conditions (lighting, occlusion, etc.). However, the exact demographic composition (age, gender, ethnicity breakdown) of the dataset subjects is not detailed, and the annotation methodology is only briefly referenced rather than fully described.",Yes,"Given the explicitly acknowledged severe class imbalance in the RAF-DB dataset, the authors correctly selected the F1-measure (harmonic mean of Precision and Recall) as the primary evaluation metric instead of relying solely on standard accuracy. They also provided per-class F1 scores and confusion matrices, which is essential for demonstrating that the pseudo-labeling method actually improved minority class recognition at the expense of the majority class.",Partial,"The study includes a strong internal ablation study, comparing the baseline model (without pseudo-labeling) against the model across three iterative steps of pseudo-labeling. However, there is no comparison against current State-of-the-Art (SOTA) methods or other existing pseudo-labeling/augmentation techniques on the RAF-DB dataset, nor is there any statistical significance testing.",Not Reported,"No Explainable AI (XAI) methods were implemented or evaluated in this study. The focus was strictly on predictive performance, dataset augmentation, and the iterative pseudo-labeling training process.",Partial,"The authors explicitly acknowledge the fundamental limitations of popular FER datasets (class imbalance, lack of data, subjectivity of labeling). They also report a notable limitation of their method: the 3rd iteration of pseudo-labeling caused performance to deteriorate, and improving minority class accuracy came at the cost of decreasing majority class (""happy"") accuracy. However, they do not discuss broader model failure modes or formal threats to validity."
386,Arsirii 2023,Pseudo-labeling of transfer learning convolutional neural network data for human facial emotion recognition,Consensus,"Arsirii, O. O., & Petrosiuk, D. V. (2023). Pseudo-labeling of transfer learning convolutional neural network data for human facial emotion recognition. Herald of Advanced Information Technology, 6(3), 203-214. https://doi.org/10.15276/hait.06.2023.13",2023,Pseudo-labeling of transfer learning convolutional neural network data for human facial emotion recognition,Herald of Advanced Information Technology,Proof-of-concept / Empirical,"To increase the accuracy of facial emotion recognition on human face images by developing a pseudo-labeling method for transfer learning of a deep convolutional neural network, specifically to overcome dataset flaws like class imbalance, lack of data of a certain class, and insufficient data volume.","RQ1 (DL Methodology), RQ3 (Performance Metrics)",Ukraine (Based on author affiliations),"Not specified (Mentions ""online learning"" as an application domain)",Not applicable (Algorithmic/model development paper),Not applicable (Uses existing public image datasets),"RAF-DB dataset: 29,672 total images (12,271 training; 3,068 test; remainder unspecified/used for validation/pseudo-labeling splits).",Not reported,Not reported,"RAF-DB (Primary target), ImageNet (Pre-training), DISFA, CelebA, AffectNet (Mentioned as examples of flawed popular datasets)",Public,Static image,"7 basic emotion classes (Surprised, Fearful, Disgusted, Happy, Sad, Angry, Neutral)","Crowdsourced / Expert (RAF-DB is annotated with basic and compound emotions by multiple annotators, though paper just says ""labeled"")","In-the-wild (RAF-DB collected from the internet with variations in age, gender, ethnicity, head pose, lighting, occlusion)",Yes (method: Pseudo-labeling is explicitly used to overcome class imbalance by adding confident predictions of underrepresented classes back into the training set).,"Yes (RandomFlip, RandomZoom, RandomRotation, RandomTranslation added as layers at the input of the neural network)",CNN,"MobileNet V1 (Modified with 3 additional Conv2D layers, MaxPooling2D layers, and Dense layers)",N/A (Unimodal),N/A,None,No,Yes (ImageNet),"Progressive unfreezing (Stage 1: Freeze convolutional layers, train new classification layers. Stage 2: Fine-tune the entire CNN model with a very low learning rate)",Not stated,Not stated,"Described as ""very low training speed"" for fine-tuning; exact value not stated",Not stated,10 epochs,"Dropout (implied from previous works/literature review), Data Augmentation (RandomFlip, RandomZoom, RandomRotation, RandomTranslation)",No,N/A,N/A,No,"Partially (Authors mention MobileNet V1 is designed for mobile applications and requires low computational resources, but do not explicitly test or claim real-time latency for this specific pipeline).",No,N/A,Mobile platforms (implied by choice of MobileNet V1),Not specified,No,No,None,FER (facial expression recognition),"7 basic emotions (Surprised, Fearful, Disgusted, Happy, Sad, Angry, Neutral)",Overall accuracy reported as 78% (up from 76%),F1-Score is the primary metric used for evaluation. Per-class F1 scores reported.,Not reported,"Yes (Visualized for 1st, 2nd, and 3rd iterations)",Not reported,Not reported,Baseline is the CNN-FER model trained without pseudo-labeling vs. CNN(Retrain)-FER model trained with pseudo-labeled data,No (Compares only against their own baseline iterations),"Yes (Compared iterations of the pseudo-labeling method: 1st iteration, 2nd iteration (best result), 3rd iteration (performance deteriorated))",No,No,"Overall F1 accuracy increased from 76% to 78% on RAF-DB after the 2nd iteration of pseudo-labeling. Significant per-class F1 increases for minority emotions: Surprise (71% to 77%), Fearful (64% to 69%), Sad (72% to 76%), Angry (64% to 74%), Neutral (66% to 71%). Happy (majority class) decreased from 91% to 86%.",No,"Class imbalance bias (accuracy drop in majority class ""Happy"" when minority classes are boosted)",Pseudo-labeling (adding high-confidence predictions of underrepresented classes back to the training set to balance the learning),No,None,"Popular datasets (DISFA, CelebA, AffectNet, RAF-DB) have fundamental flaws: lack of data of a certain class, class imbalance, subjectivity and ambiguity of labeling, insufficient volume of data for deep learning.",Third iteration of pseudo-labeling caused performance deterioration. Boosting minority classes via pseudo-labeling caused a decrease in accuracy for the majority class (Happy dropped from 91% to 86%).,N/A,None explicitly stated,"Deep learning CNNs for FER suffer from poor accuracy when trained on popular datasets because those datasets contain fundamental flaws such as class imbalance, lack of certain class data, subjectivity in labeling, and insufficient data volume. Standard data expansion methods can create additional imbalances or false patterns.",The pseudo-labeling method can be recommended for expanding the volume of training sets for deep learning of CNNs to overcome dataset shortcomings like class imbalance and lack of data. (No specific future research directions are explicitly outlined by the authors at the end of the paper).,Yes,"",Yes,"",Partial,"",Partial,"",Yes,"",Partial,"",Not Reported,"",Partial,""
381,Evangeline 2024,Facial Emotion Recognition of Online Learners Using a Hybrid Deep Learning Model,Sarbajit Paul Bappy,"Evangeline, D., & Parkavi, A. (2024). Facial Emotion Recognition of Online Learners Using a Hybrid Deep Learning Model. International Journal of Intelligent Engineering and Systems, 17(6), 735–751. https://doi.org/10.22266/ijies2024.1231.56",2024,Facial Emotion Recognition of Online Learners Using a Hybrid Deep Learning Model,International Journal of Intelligent Engineering and Systems,Experimental deep learning study,To analyze emotion recognition from different facial regions of online learners and develop a hybrid InceptionV3 architecture for improved emotion classification.,"RQ1, RQ2, RQ3, RQ4",India,Online learners,Online learning environment,Online learners,82 participants,Not reported,Not reported,OLSFED (Online Learning Spontaneous Facial Expression Database),Public,Facial Images,"Confusion
Distraction
Enjoyment
Neutral
Fatigue","","",No,No,Hybrid InceptionV3,InceptionV3,N/A,"",None,No,Yes,Yes,Sparse Categorical Cross Entropy,Adam,"","",5,"",No,No,No,No,Yes,No,No,None,"",No,No,None,FER (facial expression) ,5,Class wise comparison,Class wise,None,No,No,No,"InceptionV3
MobileNetV1
ResNet50
EfficientNetB0 (Swish)",Yes,No,No,No,96.26%,No,No,None,No,No,"Limited availability of online-learning emotion datasets.
Limited Indian facial emotion datasets.
Imbalanced negative emotion samples.","Occlusion challenges.
Privacy concerns from facial-image processing.
Emotion misinterpretation across cultures.",Not Reported,Not Reported,"Limited online-learning emotion datasets.
Limited studies on facial sub-regions.
Limited Indian educational FER datasets.
Lack of privacy-preserving FER systems.
Insufficient multimodal learning approaches.","Privacy-Preserving FER
Federated Learning for local processing of learner facial images.
Facial Feature Weighting
Assign different importance weights to facial regions.
Improved Emotion Interpretation
Study emotion misclassification patterns.
Educational Emotion Analytics
Better learner engagement assessment using facial cues.
Broader Dataset Development
More diverse online-learning datasets across cultures and age groups.",Yes,"The objectives are explicitly stated: (1) analyze emotion recognition from different facial regions, (2) use an online learner dataset (OLSFED), (3) compare existing neural architectures, and (4) develop a hybrid InceptionV3 model. The scope is clearly focused on online learner facial emotion recognition.",Yes,"The methodology aligns with the objectives. The authors use a dedicated online-learning emotion dataset, perform facial region extraction (periocular, mouth, whole face, etc.), compare multiple CNN architectures, and propose a hybrid InceptionV3 model. Experimental design directly addresses the research aims.",Partial,"The dataset (OLSFED) is publicly available, and important training details are reported (optimizer, epochs, image size, loss function, train/test split, ImageNet weights). However, source code, trained weights, detailed architecture configuration, and implementation scripts are not released.",Partial,"The dataset source, size (30,184 images), participants (82), image resolution, emotion classes, illumination variation, and occlusions are reported. However, class distribution, annotation methodology, demographic diversity, age, and gender information are not provided",Partial,"Accuracy and training/validation loss are reported and suitable for multi-class classification. However, no Precision, Recall, F1-score, AUC-ROC, confusion matrix, or per-class performance metrics are reported, limiting evaluation depth.",Partial,"Accuracy and training/validation loss are reported and suitable for multi-class classification. However, no Precision, Recall, F1-score, AUC-ROC, confusion matrix, or per-class performance metrics are reported, limiting evaluation depth.",No,"No explainable AI method (e.g., Grad-CAM, SHAP, LIME) is used. Although facial regions are analyzed experimentally, this is not a formal XAI evaluation.",Partial,"The authors discuss several limitations and challenges, including limited online-learning datasets, cultural differences in emotion perception, privacy concerns, occlusion issues, and limited Indian datasets. However, threats to validity, model failure cases, and generalization limitations are not systematically analyzed."
381,Evangeline 2024,Facial Emotion Recognition of Online Learners Using a Hybrid Deep Learning Model,Consensus,"Evangeline, D., & Parkavi, A. (2024). Facial Emotion Recognition of Online Learners Using a Hybrid Deep Learning Model. International Journal of Intelligent Engineering and Systems, 17(6), 735–751. https://doi.org/10.22266/ijies2024.1231.56",2024,Facial Emotion Recognition of Online Learners Using a Hybrid Deep Learning Model,International Journal of Intelligent Engineering and Systems,Experimental deep learning study,To analyze emotion recognition from different facial regions of online learners and develop a hybrid InceptionV3 architecture for improved emotion classification.,"RQ1, RQ2, RQ3, RQ4",India,Online learners,Online learning environment,Online learners,82 participants,Not reported,Not reported,OLSFED (Online Learning Spontaneous Facial Expression Database),Public,Facial Images,"Confusion
Distraction
Enjoyment
Neutral
Fatigue","","",No,No,Hybrid InceptionV3,InceptionV3,N/A,"",None,No,Yes,Yes,Sparse Categorical Cross Entropy,Adam,"","",5,"",No,No,No,No,Yes,No,No,None,"",No,No,None,FER (facial expression) ,5,Class wise comparison,Class wise,None,No,No,No,"InceptionV3
MobileNetV1
ResNet50
EfficientNetB0 (Swish)",Yes,No,No,No,96.26%,No,No,None,No,No,"Limited availability of online-learning emotion datasets.
Limited Indian facial emotion datasets.
Imbalanced negative emotion samples.","Occlusion challenges.
Privacy concerns from facial-image processing.
Emotion misinterpretation across cultures.",Not Reported,Not Reported,"Limited online-learning emotion datasets.
Limited studies on facial sub-regions.
Limited Indian educational FER datasets.
Lack of privacy-preserving FER systems.
Insufficient multimodal learning approaches.","Privacy-Preserving FER
Federated Learning for local processing of learner facial images.
Facial Feature Weighting
Assign different importance weights to facial regions.
Improved Emotion Interpretation
Study emotion misclassification patterns.
Educational Emotion Analytics
Better learner engagement assessment using facial cues.
Broader Dataset Development
More diverse online-learning datasets across cultures and age groups.",Yes,"",Yes,"",Partial,"",Partial,"",Partial,"",Partial,"",No,"",Partial,""
379,Bandyopadhyay 2024,Emotion detection for online recommender system using deep learning: a proposed method,Sarbajit Paul Bappy,"Bandyopadhyay, S., Thakur, S. S., & Mandal, J. K. (2024). Emotion detection for online recommender system using deep learning: A proposed method. Innovations in Systems and Software Engineering, 20, 719–726. https://doi.org/10.1007/s11334-022-00437-7",2024,Emotion detection for online recommender system using deep learning: a proposed method,Innovations in Systems and Software Engineering (Springer),Primary empirical study; proof-of-concept system development,To develop a real-time facial-expression-based emotion detection system for online product recommendation without relying on historical ratings or purchase records.,"RQ1 (DL methods), RQ3 (performance), RQ4 (deployment/application), partially RQ5 (future work)","India (authors' institutions located in West Bengal, India)",Not applicable,Not applicable,Customers / online shoppers,"64 customers for recommender system testing; 19,340 training images; 4,836 validation images",Not Reported,Not Reported,Kaggle Facial Expression Recognition Dataset (FER2013 challenge dataset),Public,Static facial images,"5 emotion classes: Angry, Happy, Neutral, Sad, Surprise",Not stated,Dataset images from Kaggle; real-time webcam video used during testing,Not stated,No evidence reported,CNN,Custom Sequential CNN implemented using Keras/TensorFlow,N/A (unimodal),None,None,No,No,None,Cross-Entropy Loss,Not Reported,Not Reported,256,30,"Dropout (0.25, 0.50), Batch Normalization",No,None,None,No,Yes,No,Not Reported,Webcam-based desktop system (exact hardware unspecified),Haar Cascade Face Detection (OpenCV),No,No,Not stated,Facial Expression Recognition (FER) + Emotion-Based Recommendation,"Angry, Happy, Neutral, Sad, Surprise",75%,Not Reported,Not Reported,Yes,Yes,Not Reported,None,No,No,No,No,75% classification accuracy after 30 epochs,No,None reported,None reported,No,None,Implicit limitation: only five emotion classes used from original dataset,Poorer performance for neutral emotion detection,No XAI discussed,Real-world deployment not rigorously evaluated; latency/FPS not reported,Existing recommender systems rely heavily on ratings and purchase history rather than real-time emotional responses.,Build user-specific databases from emotional responses and improve recommendation accuracy through accumulated user behavior and emotion data.,Yes,Objective clearly stated: develop a real-time emotion-based recommendation system using facial expressions rather than historical purchase records.,Partial,"CNN-based FER and webcam-based recommendation pipeline are appropriate, but methodology lacks rigorous experimental validation and comparison.",Partial,"CNN architecture, batch size, epochs, and dataset source are described. However, code, trained models, optimizer, learning rate, and implementation details are unavailable.",Partial,"Dataset source, image size, class labels, and sample counts are reported. Annotation process, class distribution, demographics, and diversity are not described.",No,"Only overall accuracy and confusion matrix are reported. No F1-score, precision, recall, AUC, or class-wise metrics despite multi-class classification.",No,"No baseline comparison, SOTA comparison, ablation study, or statistical significance testing.",Not Reported,No explainable AI method is implemented.,Partial,"Authors mention weaker performance for neutral emotion detection but do not comprehensively discuss threats to validity, dataset bias, generalization, or deployment limitations."
379,Bandyopadhyay 2024,Emotion detection for online recommender system using deep learning: a proposed method,Consensus,"Bandyopadhyay, S., Thakur, S. S., & Mandal, J. K. (2024). Emotion detection for online recommender system using deep learning: A proposed method. Innovations in Systems and Software Engineering, 20, 719–726. https://doi.org/10.1007/s11334-022-00437-7",2024,Emotion detection for online recommender system using deep learning: a proposed method,Innovations in Systems and Software Engineering (Springer),Primary empirical study; proof-of-concept system development,To develop a real-time facial-expression-based emotion detection system for online product recommendation without relying on historical ratings or purchase records.,"RQ1 (DL methods), RQ3 (performance), RQ4 (deployment/application), partially RQ5 (future work)","India (authors' institutions located in West Bengal, India)",Not applicable,Not applicable,Customers / online shoppers,"64 customers for recommender system testing; 19,340 training images; 4,836 validation images",Not Reported,Not Reported,Kaggle Facial Expression Recognition Dataset (FER2013 challenge dataset),Public,Static facial images,"5 emotion classes: Angry, Happy, Neutral, Sad, Surprise",Not stated,Dataset images from Kaggle; real-time webcam video used during testing,Not stated,No evidence reported,CNN,Custom Sequential CNN implemented using Keras/TensorFlow,N/A (unimodal),None,None,No,No,None,Cross-Entropy Loss,Not Reported,Not Reported,256,30,"Dropout (0.25, 0.50), Batch Normalization",No,None,None,No,Yes,No,Not Reported,Webcam-based desktop system (exact hardware unspecified),Haar Cascade Face Detection (OpenCV),No,No,Not stated,Facial Expression Recognition (FER) + Emotion-Based Recommendation,"Angry, Happy, Neutral, Sad, Surprise",75%,Not Reported,Not Reported,Yes,Yes,Not Reported,None,No,No,No,No,75% classification accuracy after 30 epochs,No,None reported,None reported,No,None,Implicit limitation: only five emotion classes used from original dataset,Poorer performance for neutral emotion detection,No XAI discussed,Real-world deployment not rigorously evaluated; latency/FPS not reported,Existing recommender systems rely heavily on ratings and purchase history rather than real-time emotional responses.,Build user-specific databases from emotional responses and improve recommendation accuracy through accumulated user behavior and emotion data.,Yes,"",Partial,"",Partial,"",Partial,"",No,"",No,"",Not Reported,"",Partial,""
340,Boopalan 2025,"Advanced Facial Emotion Recognition Using DCNN-ELM: A Comprehensive Approach to Preprocessing, Feature Extraction and Performance Evaluation",Sarbajit Paul Bappy,"Boopalan, K., Srivastava, S., Kavitha, K., Usha Rani, D., Jayaram Kumar, K., Jagannatha Reddy, M. V., & Bhoopathy, V. (2025). Advanced facial emotion recognition using DCNN-ELM: A comprehensive approach to preprocessing, feature extraction and performance evaluation. Journal of Computer Science, 21(1), 13-24. https://doi.org/10.3844/jcssp.2025.13.24",2025,"Advanced Facial Emotion Recognition Using DCNN-ELM: A Comprehensive Approach to Preprocessing, Feature Extraction and Performance Evaluation",Journal of Computer Science,Proof-of-concept / Empirical,"To introduce a hybrid approach combining Deep Convolutional Neural Networks (DCNN) with Extreme Learning Machines (ELM) to enhance facial emotion recognition accuracy and speed, specifically offering real-time emotion detection in online learning environments.","RQ1 (DL Methodology), RQ3 (Performance Metrics), RQ4 (Real-time Deployment)","India (Multiple institutions: Vel Tech, MM Engineering College, GMR Institute, etc.)","Not specified (General ""online learning"")",Real-time online learning environment / Live classroom sessions,Not applicable (Uses existing public dataset),CK+ dataset: 593 images / 327 image sequences from 123 subjects.,18-50 years,79% female (from CK+ dataset),CK+ (Extended Cohn-Kanade),Public,Static image," 7 basic emotions (Happiness, Sadness, Surprise, Anger, Fear, Disgust, Contempt). Note: The authors translated contempt labels to disgust, effectively using 7 classes but grouping them differently.",Expert labellers (FACS-coded),Lab-controlled (Posed and spontaneous expressions),Not stated,Not stated,Hybrid (CNN-ELM),DCNN-ELM (Deep Convolutional Neural Network - Extreme Learning Machine),N/A (Unimodal),N/A,None,No,Not stated,N/A,Not stated (Uses regularized least squares approach for ELM output weights),"Stochastic Gradient Descent (Implied for the DCNN feature abstracting phase, as gradient descent backpropagation is mentioned in the algorithm for misclassified labels)",Not stated,Not stated,100 epochs,Regularisation parameter (R) used in the least squares calculation for ELM output weights; Stochastic pooling (helps prevent overfitting compared to max pooling),No,N/A,N/A,No,"Yes (Explicitly claims ""real-time emotion detection in online learning environments"" and validation through ""live classroom sessions"")",No,"N/A (Mentions that the model ""drastically cut down on computing load thanks to stochastic pooling, which means training time is significantly reduced,"" but provides no ms/frame or FPS)","High-performance PC (Windows 11, Intel Core i7-8700, 128 GB RAM, 2x NVIDIA GeForce GTX 3080 Ti)",Not specified,Prototype only (Framework proposed to combine with online education platforms for real-time monitoring),"Yes (Allows for ""timely feedback to teachers, allowing for flexible adjustment of teaching programs"")",None,FER (facial expression recognition)     ,"7 basic emotions (Joyful/Happy, Sad, Surprise, Fear, Disgust, Rage/Anger, Contempt mapped to Disgust)","96.72% (DCNN-ELM on CK+); Training accuracy reached 95.72%, Testing accuracy 95.64%.",Not reported,Not reported,Yes,Not reported,Not reported,"Standalone DCNN, Standalone ELM.","Partially (Compared against baseline components, not against recent SOTA architectures like ResNet/Vision Transformers)",Yes (Compared hybrid DCNN-ELM against standalone DCNN and standalone ELM),No,No,"96.72% accuracy on the CK+ dataset using the proposed DCNN-ELM model, outperforming standalone DCNN and ELM models.",No,"None reported (CK+ dataset is heavily skewed: 81% European-American, 79% Female, which is unaddressed)",None,No,None, None explicitly stated.,"Overfitting starts to occur around epoch 40 (difference between train and testing accuracy curves widens); Validation loss remains ""significantly greater than expected""; Misclassifications occur between visually similar emotions (e.g., Fear/Surprise due to raised eyebrows, Sadness/Disgust due to mouth shape).",N/A,"None explicitly stated (Despite claiming real-time capability, no latency metrics are provided to substantiate it).","Traditional models like standalone DCNN and ELM face limitations in real-time accuracy and efficiency for FER, particularly in online learning environments where static emotion detection is insufficient and real-time emotional monitoring is lacking.","Explore the integration of additional data modalities, such as voice and text, to further enhance the emotion detection system's robustness and applicability across various fields.",Yes,"The authors explicitly state their objective to introduce ""a hybrid approach combining Deep Convolutional Neural Networks (DCNN) with Extreme Learning Machines (ELM) to enhance emotion recognition accuracy,"" specifically targeting ""real-time emotion detection in online learning environments"" to overcome the limitations of standalone DCNN and ELM models.",Yes,The methodology aligns well with the objectives. Using DCNN for deep feature abstraction combined with ELM for rapid classification is a recognized hybrid strategy to improve both accuracy and training speed. The addition of Stepwise Linear Discriminant Analysis (SWLDA) for feature selection and stochastic pooling to reduce overfitting further supports a sound methodological design for FER tasks.,Partial,"The algorithm is provided in pseudocode, the dataset (CK+) is public, and the hardware setup is detailed. However, critical hyperparameters such as learning rate, batch size, and specific regularization values are omitted. The exact architectural details (number of filters, layer sizes) are vaguely described, making exact code replication difficult.",Yes,"The CK+ dataset is well described, including the number of images/sequences (593/327), the number of subjects (123), image resolution (640x480), the 7 emotion classes, and detailed demographic information (age 18-50, 79% female, 81% Euro-American). The paper also clearly explains its preprocessing decision to map ""contempt"" to ""disgust"".",Partial,"The study reports accuracy and provides a confusion matrix, which allows for some understanding of per-class performance (e.g., fear being misclassified as surprise). However, F1-score, precision, and recall are not reported, which limits the evaluation's robustness, especially since the confusion matrix reveals specific inter-class misclassification issues.",Partial,"The study includes an ablation study comparing the hybrid DCNN-ELM against its standalone components (DCNN and ELM), demonstrating the superiority of the hybrid approach. However, there is no comparison against current State-of-the-Art (SOTA) architectures (like ResNet, VGG, or Vision Transformers) on the CK+ dataset, nor is statistical significance testing performed.",Not Reported,"No Explainable AI (XAI) methods were implemented or evaluated. The model acts as a black box, and there is no analysis of which facial features the model is focusing on to make its classification decisions.",Partial,"The authors explicitly acknowledge technical limitations observed in their results, such as overfitting occurring around epoch 40 and higher-than-expected validation loss. They also discuss specific misclassification patterns (e.g., fear misclassified as surprise due to eyebrow similarity). However, they fail to acknowledge the demographic bias of the CK+ dataset (predominantly Euro-American females) or the lack of latency metrics to support their ""real-time"" claims."
340,Boopalan 2025,"Advanced Facial Emotion Recognition Using DCNN-ELM: A Comprehensive Approach to Preprocessing, Feature Extraction and Performance Evaluation",Consensus,"Boopalan, K., Srivastava, S., Kavitha, K., Usha Rani, D., Jayaram Kumar, K., Jagannatha Reddy, M. V., & Bhoopathy, V. (2025). Advanced facial emotion recognition using DCNN-ELM: A comprehensive approach to preprocessing, feature extraction and performance evaluation. Journal of Computer Science, 21(1), 13-24. https://doi.org/10.3844/jcssp.2025.13.24",2025,"Advanced Facial Emotion Recognition Using DCNN-ELM: A Comprehensive Approach to Preprocessing, Feature Extraction and Performance Evaluation",Journal of Computer Science,Proof-of-concept / Empirical,"To introduce a hybrid approach combining Deep Convolutional Neural Networks (DCNN) with Extreme Learning Machines (ELM) to enhance facial emotion recognition accuracy and speed, specifically offering real-time emotion detection in online learning environments.","RQ1 (DL Methodology), RQ3 (Performance Metrics), RQ4 (Real-time Deployment)","India (Multiple institutions: Vel Tech, MM Engineering College, GMR Institute, etc.)","Not specified (General ""online learning"")",Real-time online learning environment / Live classroom sessions,Not applicable (Uses existing public dataset),CK+ dataset: 593 images / 327 image sequences from 123 subjects.,18-50 years,79% female (from CK+ dataset),CK+ (Extended Cohn-Kanade),Public,Static image," 7 basic emotions (Happiness, Sadness, Surprise, Anger, Fear, Disgust, Contempt). Note: The authors translated contempt labels to disgust, effectively using 7 classes but grouping them differently.",Expert labellers (FACS-coded),Lab-controlled (Posed and spontaneous expressions),Not stated,Not stated,Hybrid (CNN-ELM),DCNN-ELM (Deep Convolutional Neural Network - Extreme Learning Machine),N/A (Unimodal),N/A,None,No,Not stated,N/A,Not stated (Uses regularized least squares approach for ELM output weights),"Stochastic Gradient Descent (Implied for the DCNN feature abstracting phase, as gradient descent backpropagation is mentioned in the algorithm for misclassified labels)",Not stated,Not stated,100 epochs,Regularisation parameter (R) used in the least squares calculation for ELM output weights; Stochastic pooling (helps prevent overfitting compared to max pooling),No,N/A,N/A,No,"Yes (Explicitly claims ""real-time emotion detection in online learning environments"" and validation through ""live classroom sessions"")",No,"N/A (Mentions that the model ""drastically cut down on computing load thanks to stochastic pooling, which means training time is significantly reduced,"" but provides no ms/frame or FPS)","High-performance PC (Windows 11, Intel Core i7-8700, 128 GB RAM, 2x NVIDIA GeForce GTX 3080 Ti)",Not specified,Prototype only (Framework proposed to combine with online education platforms for real-time monitoring),"Yes (Allows for ""timely feedback to teachers, allowing for flexible adjustment of teaching programs"")",None,FER (facial expression recognition)     ,"7 basic emotions (Joyful/Happy, Sad, Surprise, Fear, Disgust, Rage/Anger, Contempt mapped to Disgust)","96.72% (DCNN-ELM on CK+); Training accuracy reached 95.72%, Testing accuracy 95.64%.",Not reported,Not reported,Yes,Not reported,Not reported,"Standalone DCNN, Standalone ELM.","Partially (Compared against baseline components, not against recent SOTA architectures like ResNet/Vision Transformers)",Yes (Compared hybrid DCNN-ELM against standalone DCNN and standalone ELM),No,No,"96.72% accuracy on the CK+ dataset using the proposed DCNN-ELM model, outperforming standalone DCNN and ELM models.",No,"None reported (CK+ dataset is heavily skewed: 81% European-American, 79% Female, which is unaddressed)",None,No,None, None explicitly stated.,"Overfitting starts to occur around epoch 40 (difference between train and testing accuracy curves widens); Validation loss remains ""significantly greater than expected""; Misclassifications occur between visually similar emotions (e.g., Fear/Surprise due to raised eyebrows, Sadness/Disgust due to mouth shape).",N/A,"None explicitly stated (Despite claiming real-time capability, no latency metrics are provided to substantiate it).","Traditional models like standalone DCNN and ELM face limitations in real-time accuracy and efficiency for FER, particularly in online learning environments where static emotion detection is insufficient and real-time emotional monitoring is lacking.","Explore the integration of additional data modalities, such as voice and text, to further enhance the emotion detection system's robustness and applicability across various fields.",Yes,"",Yes,"",Partial,"",Yes,"",Partial,"",Partial,"",Not Reported,"",Partial,""
337,ElKabtane 2026,Toward emotionally intelligent e-learning: Real-time engagement detection through fine-tuned deep facial emotion recognition,Sarbajit Paul Bappy,"El Kabtane, H., Ennaji, F. Z., Elkabtane, K., Knouzi, M., & Ourdou, A. (2026). Toward emotionally intelligent e-learning: Real-time engagement detection through fine-tuned deep facial emotion recognition. Journal of the Franklin Institute, 363, 108477. https://doi.org/10.1016/j.jfranklin.2026.108477",2026,Toward emotionally intelligent e-learning: Real-time engagement detection through fine-tuned deep facial emotion recognition,Journal of the Franklin Institute,Primary empirical / Proof-of-concept,"To develop a novel real-time engagement detection system for online learning environments using facial emotion recognition based on a fine-tuned VGG-19 model, integrating sleepiness, face direction, and emotion classification.","RQ1 (Methodology), RQ3 (Performance), RQ4 (Limitations/Deployment)",Morocco (Authors affiliated with Cadi Ayyad University and Sultan Moulay Slimane University),Not specified (General online learners),Real-time webcam capture during online video courses / E-learning platform,Students (Learners),123 subjects in CK+ dataset; 909 images for face detection testing; Unspecified number of spontaneous learner engagement videos used for validation.,18–50 years (from CK+ dataset),"CK+ dataset: 69% Female, 31% Male","CK+ (Cohn-Kanade+), Custom (909 images for face detection benchmark, Spontaneous learner engagement videos)",Mixed (Public benchmark + Custom data for validation),Facial video / Static image,"Emotion: 7 classes (Angry, Disgust, Fear, Happy, Neutral, Sad, Surprise)
Engagement: 4 classes (Absent, Disengaged, Medium engagement, High engagement)
Behavioral states: 4 states (No face detected, Not looking forward, Sleepiness, None)",Expert labellers (for CK+); Algorithmic/Automated (for engagement states based on rule-based logic),Lab-controlled (CK+); Online lecture capture / Real e-learning conditions (Spontaneous validation videos),Not stated,"Yes (Rotation, width/height shifts, shear, zoom, horizontal flipping via Keras ImageDataGenerator)",CNN,Fine-tuned VGG-19,Late fusion / Rule-based (Emotion classification + Eye aspect ratio + Head pose angle are combined via logical rules/weights to determine final engagement class),Face + Pose + Eye state,Sliding window (10-second interval between frames),No,Yes (Implied VGG-Face/VGG-19 ImageNet weights),"Partially (Removed original final FC layer, added global average pooling layer and a new dense layer with softmax)",Not explicitly stated (Likely Cross-entropy given softmax output),Not explicitly stated,Not stated,Not stated,"Not stated (Graphs show training over at least 10-30 epochs, but exact number is cut off/unclear)","Global Average Pooling (reduces parameters), Data Augmentation",No,N/A,N/A,N/A,Yes,Yes,"General pipeline: Mean 0.336 s/image (Min: 0.0157s, Max: 1.005s)
Emotion detection: Mean 0.264 s/image
Face detection (MediaPipe): Mean 0.0048 s/image",Browser / Client-side (Utilizes standard webcam; processing capability implied to be standard CPU/GPU),MediaPipe (Face detection & 478 3D Mesh extraction),"Prototype only (Potential applications discussed, but no live LMS integration demonstrated)","Proposed only (""potential applications in enhancing online learning experiences by providing real-time feedback to educators"")",None,FER (facial expression) / Engagement detection,"7 basic emotions (Modified Ekman + Neutral); 4 engagement states (Absent, Disengaged, Medium, High)","Emotion classification: ~99.81% (Training), ~99.15% (Validation) on CK+
Engagement detection (without weights): 87.09%
Engagement detection (with weighted coefficients): 95.12%","Yes (Weighted/Macro not specified, per-class reported. Most classes >90%. Disgust/Sadness ~90%; Surprise 93% recall, 7% misclassified).",No,Yes,No,No,Yes (Compared MediaPipe vs. Dlib for face detection; compared engagement accuracy with vs. without weights).,"Partially (Literature review compares SOTA FER and engagement datasets, but no direct experimental benchmarking against SOTA FER algorithms on CK+ is presented in results).",Partially (Tested weighted vs. unweighted indicators for engagement; compared Dlib vs MediaPipe).,"Yes (Correlation analysis reported with p-values: e.g., Disgust & attention r = -0.72, p < 0.001).",Yes (Validated on a set of spontaneous learner engagement videos recorded in real e-learning conditions).,95.12% accuracy for real-time engagement detection using weighted emotional/behavioral indicators; 99.15% validation accuracy on CK+ for the fine-tuned VGG-19 FER model.,No,"None reported

","Not stated (Though dataset diversity is mentioned: CK+ includes 81% Euro-Amer., 13% Afro-Amer., 6% other)",No,None,CK+ is largely lab-controlled (though authors tried to mitigate by testing on spontaneous videos); CK+ brightness variation exists.,"Misclassification occurs for ""Surprise"" (7% error); slight dip for ""Disgust"" and ""Sadness"". High computational cost for very short frame intervals.","N/A

","Processing an image takes an average of 0.336s, making a 1-5 second interval computationally costly, forcing a 10-second interval which may miss micro-expressions (0.5-4s).","Existing engagement methods treat engagement as binary and miss nuanced behavioral cues (looking away, drowsiness). Few systems integrate emotion recognition directly into engagement detection for e-learning that are suitable for real-time applications.",Incorporating landmark coordinate vectors as a parallel feature branch to the CNN (instead of just superimposing them on the image) to enhance structural context.,Yes,"The abstract explicitly states: ""This paper presents a novel system for real-time engagement detection in online learning environments using facial emotion recognition based on a fine-tuned VGG-19."" The scope is well-defined to include emotion, sleepiness, and face direction.",Yes," The methodology aligns well with the objective. A fine-tuned VGG-19 handles the FER component, MediaPipe handles the face detection and landmark extraction for drowsiness/gaze, and a rule-based/weighted logic system integrates these cues into engagement levels. The comparison of MediaPipe vs. Dlib justifies the chosen detection framework.",Partial,"The authors provide the high-level architecture changes to VGG-19, the data augmentation parameters, the specific landmark indices for eye-opening calculation, and the angle thresholds for gaze. However, crucial training hyperparameters (optimizer, learning rate, batch size, epochs) are missing, and the custom validation dataset is not publicly accessible.",Partial,"The CK+ dataset is excellently described (N=123, Age 18-50, Gender 69%F/31%M, Ethnicity breakdown). However, the custom datasets (the 909 images for face detection testing and the ""spontaneous learner engagement videos"") are vaguely described with no demographic information, size, or annotation methodology provided.",Partial,"The study appropriately uses Accuracy, Precision, Recall, F1-score, and a Confusion Matrix for the FER task. Correlation coefficients with p-values are used to validate the engagement mapping rules. However, for the final engagement task, only overall accuracy (87.09% and 95.12%) is reported, without per-class metrics or confusion matrices for the 4 engagement classes.",Partial,"The authors provide a robust literature review comparing SOTA accuracies on various datasets, and they compare MediaPipe vs. Dlib. However, they do not experimentally benchmark their fine-tuned VGG-19 FER model against recent SOTA FER models on the CK+ dataset, and their engagement model is only compared against their own unweighted baseline.",No,No Explainable AI methods were implemented or evaluated in this study.,Yes," The authors explicitly acknowledge the real-time computational limitation, noting that processing takes ~0.336s per frame, which forces a 10-second capture interval that may miss micro-expressions (0.5-4s). They also acknowledge misclassification rates in the Surprise and Disgust classes."
337,ElKabtane 2026,Toward emotionally intelligent e-learning: Real-time engagement detection through fine-tuned deep facial emotion recognition,Consensus,"El Kabtane, H., Ennaji, F. Z., Elkabtane, K., Knouzi, M., & Ourdou, A. (2026). Toward emotionally intelligent e-learning: Real-time engagement detection through fine-tuned deep facial emotion recognition. Journal of the Franklin Institute, 363, 108477. https://doi.org/10.1016/j.jfranklin.2026.108477",2026,Toward emotionally intelligent e-learning: Real-time engagement detection through fine-tuned deep facial emotion recognition,Journal of the Franklin Institute,Primary empirical / Proof-of-concept,"To develop a novel real-time engagement detection system for online learning environments using facial emotion recognition based on a fine-tuned VGG-19 model, integrating sleepiness, face direction, and emotion classification.","RQ1 (Methodology), RQ3 (Performance), RQ4 (Limitations/Deployment)",Morocco (Authors affiliated with Cadi Ayyad University and Sultan Moulay Slimane University),Not specified (General online learners),Real-time webcam capture during online video courses / E-learning platform,Students (Learners),123 subjects in CK+ dataset; 909 images for face detection testing; Unspecified number of spontaneous learner engagement videos used for validation.,18–50 years (from CK+ dataset),"CK+ dataset: 69% Female, 31% Male","CK+ (Cohn-Kanade+), Custom (909 images for face detection benchmark, Spontaneous learner engagement videos)",Mixed (Public benchmark + Custom data for validation),Facial video / Static image,"Emotion: 7 classes (Angry, Disgust, Fear, Happy, Neutral, Sad, Surprise)
Engagement: 4 classes (Absent, Disengaged, Medium engagement, High engagement)
Behavioral states: 4 states (No face detected, Not looking forward, Sleepiness, None)",Expert labellers (for CK+); Algorithmic/Automated (for engagement states based on rule-based logic),Lab-controlled (CK+); Online lecture capture / Real e-learning conditions (Spontaneous validation videos),Not stated,"Yes (Rotation, width/height shifts, shear, zoom, horizontal flipping via Keras ImageDataGenerator)",CNN,Fine-tuned VGG-19,Late fusion / Rule-based (Emotion classification + Eye aspect ratio + Head pose angle are combined via logical rules/weights to determine final engagement class),Face + Pose + Eye state,Sliding window (10-second interval between frames),No,Yes (Implied VGG-Face/VGG-19 ImageNet weights),"Partially (Removed original final FC layer, added global average pooling layer and a new dense layer with softmax)",Not explicitly stated (Likely Cross-entropy given softmax output),Not explicitly stated,Not stated,Not stated,"Not stated (Graphs show training over at least 10-30 epochs, but exact number is cut off/unclear)","Global Average Pooling (reduces parameters), Data Augmentation",No,N/A,N/A,N/A,Yes,Yes,"General pipeline: Mean 0.336 s/image (Min: 0.0157s, Max: 1.005s)
Emotion detection: Mean 0.264 s/image
Face detection (MediaPipe): Mean 0.0048 s/image",Browser / Client-side (Utilizes standard webcam; processing capability implied to be standard CPU/GPU),MediaPipe (Face detection & 478 3D Mesh extraction),"Prototype only (Potential applications discussed, but no live LMS integration demonstrated)","Proposed only (""potential applications in enhancing online learning experiences by providing real-time feedback to educators"")",None,FER (facial expression) / Engagement detection,"7 basic emotions (Modified Ekman + Neutral); 4 engagement states (Absent, Disengaged, Medium, High)","Emotion classification: ~99.81% (Training), ~99.15% (Validation) on CK+
Engagement detection (without weights): 87.09%
Engagement detection (with weighted coefficients): 95.12%","Yes (Weighted/Macro not specified, per-class reported. Most classes >90%. Disgust/Sadness ~90%; Surprise 93% recall, 7% misclassified).",No,Yes,No,No,Yes (Compared MediaPipe vs. Dlib for face detection; compared engagement accuracy with vs. without weights).,"Partially (Literature review compares SOTA FER and engagement datasets, but no direct experimental benchmarking against SOTA FER algorithms on CK+ is presented in results).",Partially (Tested weighted vs. unweighted indicators for engagement; compared Dlib vs MediaPipe).,"Yes (Correlation analysis reported with p-values: e.g., Disgust & attention r = -0.72, p < 0.001).",Yes (Validated on a set of spontaneous learner engagement videos recorded in real e-learning conditions).,95.12% accuracy for real-time engagement detection using weighted emotional/behavioral indicators; 99.15% validation accuracy on CK+ for the fine-tuned VGG-19 FER model.,No,"None reported

","Not stated (Though dataset diversity is mentioned: CK+ includes 81% Euro-Amer., 13% Afro-Amer., 6% other)",No,None,CK+ is largely lab-controlled (though authors tried to mitigate by testing on spontaneous videos); CK+ brightness variation exists.,"Misclassification occurs for ""Surprise"" (7% error); slight dip for ""Disgust"" and ""Sadness"". High computational cost for very short frame intervals.","N/A

","Processing an image takes an average of 0.336s, making a 1-5 second interval computationally costly, forcing a 10-second interval which may miss micro-expressions (0.5-4s).","Existing engagement methods treat engagement as binary and miss nuanced behavioral cues (looking away, drowsiness). Few systems integrate emotion recognition directly into engagement detection for e-learning that are suitable for real-time applications.",Incorporating landmark coordinate vectors as a parallel feature branch to the CNN (instead of just superimposing them on the image) to enhance structural context.,Yes,"",Yes,"",Partial,"",Partial,"",Partial,"",Partial,"",No,"",Yes,""
310,Aly 2025,Revolutionizing online education: Advanced facial expression recognition for real-time student progress tracking via deep learning model,Sarbajit Paul Bappy,"Aly, M. (2025). Revolutionizing online education: Advanced facial expression recognition for real‑time student progress tracking via deep learning model. Multimedia Tools and Applications, 84, 12575–12614. https://doi.org/10.1007/s11042-024-19392-5",2025,Revolutionizing online education: Advanced facial expression recognition for real‑time student progress tracking via deep learning model,Multimedia Tools and Applications (Springer),Primary empirical / Proof-of-concept,"Develop an advanced facial expression recognition platform for online classrooms using an integrated deep learning approach to track student engagement, emotional states, and learning behaviors in real-time.","RQ1 (DL Architectures/XAI), RQ3 (Metrics/SOTA Performance), RQ4 (Real-time Deployment/Limitations)",Egypt (Author affiliation: Egyptian Russian University),Higher Ed / Online Education,"Custom-proposed online educational platform framework simulated for online courses (e.g., Operating System course video stream execution).",Actors from public benchmark emotional image/video datasets.,"Varied by evaluation baseline:

RAF-DB: ~30,000 images

FER2013: ~35,000 images

KDEF: 4,900 images (70 models)

CK+: 327 sequences (from 123 subjects)",Not specified (varied by standard public dataset parameters).,"KDEF features a 50% male / 50% female split (35 males, 35 females); others NR (not reported).","RAF-DB, FER2013, KDEF, and CK+",Public,Static images and sequential facial videos/frames (Note: Audio was available in select sets but explicitly not used).,"7 distinct expression categories (Happy, Sad, Surprise, Fear, Disgust, Anger, Neutral) across most benchmarks (8 labels evaluated for general classification distribution including 'Contempt' or dataset nuances).",Expert/Metadata labels provided by the respective dataset registries.,"Controlled laboratory environments (CK+, KDEF, RAF-DB performance subsets) and In-the-wild video capture extractions (FER2013).",Yes (Mentioned adjustments through preprocessing and targeted validation balancing protocols).,"Yes (Methods specified: Rotation, flipping, and cropping).",Hybrid CNN-TCN with Attention,ResNet50 + CBAM (Convolutional Block Attention Module) + TCN (Temporal Convolutional Network),N/A (Unimodal - Visual facial sequence processing only),Face images/frames only.,Temporal Convolutional Networks (TCNs) applied over consecutive sequence frames.,Yes (CBAM: combining sequential Channel Attention Mechanism and Spatial Attention Mechanism).,Yes (Utilized pre-trained ResNet50 backbones initialized on ImageNet weights).,Full fine-tuning/adaptation along customized residual layers integrated with attention block operations.,Not stated explicitly.,Stochastic Gradient Descent (SGD) with momentum.,lr=0.0001,16,"Not explicitly defined for the final run, but early stopping strategies were integrated.","Batch normalization, customized down-sampled lightweight network structures (AC modules) to reduce parameter overload, and early stopping.","No (Visual representations focus on performance metrics, feature maps, and pipeline structures rather than active post-hoc explainability engines like Grad-CAM/SHAP).",None,None,No,Yes,es (Reported in Frames Per Second across testing hardware units).,"High-performance GPU: 28 FPS

Standard CPU: 12 FPS

Jetson Nano (Edge Device): 15 FPS",Edge device / Resource-limited environments (Validated explicitly via NVIDIA Jetson Nano evaluation).,Not explicitly listed (Inference runtime tracking applied directly over PyTorch frameworks).,Prototype only (Conceptual framework designed for real-time monitoring streams).,Yes (Proposed/Simulated via real-time student tracking charts and Engagement Index performance mappings).,Not stated.,FER (Facial Expression Recognition) & Engagement Tracking.,"7 core expression variants (Happy, Sad, Surprise, Fear, Disgust, Anger, Neutral).","RAF-DB: 91.86% / 91.92%

FER2013: 91.71% (Public Test) / 93.71% (Private Test)

CK+: 95.85% / 96.95%

KDEF: 97.08%",Documented theoretically as verification metrics; classification matrix maps individual normalized row distributions.,Mentioned within method parameters but values are not individually charted.,Yes (Detailed normalized matrices for RAF-DB and FER2013 provided).,N/A,N/A,"Mini-Xception, MobileNetV2, NGO-BiLSTM, CBSA+CSPA, VGGNet-16, ShuffleNet-V2, and native ResNet50.",Yes,"Yes (Evaluated backbone modifications comparing parameters, FLOPs, and accuracy performance against MobileNet-v2, VGG-16, and ShuffleNet-V2).",No / Not reported.,No (Evaluated individually across multiple datasets).,97.08% average validation accuracy on the KDEF dataset with highly compressed footprint metrics (1.18M parameters).,No,None reported.,Balanced validation sampling during initial framework segmentation steps.,No,None,"Datasets used for validation primarily relied on posed baseline profiles (CK+, KDEF) rather than pure organic, continuous multi-modal classroom collections.","Variations in lighting constraints, student postures, or occlusion elements can affect extraction matrices.",Lack of post-hoc algorithmic interpretations or spatial validation layers.,"CPU execution caps at a lower performance threshold (12 FPS), confirming a strong hardware dependency for smooth desktop operation.","Algorithmic robustness issues over unstructured illumination and classroom environments, plus a lack of continuous context extraction outside facial indicators alone.","Refining algorithms for volatile real-world lighting environments.

Integrating advanced paradigm strategies like Reinforcement Learning.

Fusing multiple modalities (Audio features, conversational inputs, or natural text data parsing logs).

Initiating longitudinal studies to observe systemic retention metrics.",Yes,"The study explicitly states its aim to develop a real-time facial expression recognition system for online educational platforms to track student progress and engagement, with clearly defined objectives involving the integration of ResNet50, CBAM, and TCNs.",Yes,"The methodology is highly appropriate for the objective; ResNet50 handles spatial feature extraction, CBAM focuses on relevant facial regions, and Temporal Convolutional Networks (TCNs) model the temporal dynamics of expressions over consecutive video frames.",Partial,"The study utilizes well-known public datasets (RAF-DB, FER2013, CK+, KDEF) and details specific hyperparameters (SGD optimizer, learning rate 0.0001, batch size 16). However, it does not explicitly state that the custom code or trained model weights have been made publicly available.",Partial,"The datasets are well-described in terms of source, size, modalities, and explicit class distributions (with a table provided for the 7 emotion classes). However, demographic diversity (such as age, gender, and ethnicity distributions) is not comprehensively reported, with the exception of gender split in the KDEF dataset.",Partial,"The study uses appropriate standard metrics (Accuracy, Precision, Recall, F1-Score) and provides detailed normalized confusion matrices for per-class performance evaluation. However, it does not report statistical confidence intervals or standard deviations.",Partial,"The proposed model is extensively benchmarked against multiple state-of-the-art architectures (e.g., MobileNetV2, VGG-16, ShuffleNet-V2, native ResNet50) across three datasets. However, statistical significance testing (such as p-values) is not reported to validate the performance gains.",Not Reported,Explainable AI (XAI) integration is not utilized or discussed within the scope of this study's methodology.,Yes,"The authors explicitly acknowledge limitations, including challenges with real-world complexities (varying lighting conditions, camera qualities, student postures), hardware and time-complexity constraints for edge-device deployment, and the inherent difficulty of processing compound/subtle expressions in datasets like FER2013."
310,Aly 2025,Revolutionizing online education: Advanced facial expression recognition for real-time student progress tracking via deep learning model,Consensus,"Aly, M. (2025). Revolutionizing online education: Advanced facial expression recognition for real‑time student progress tracking via deep learning model. Multimedia Tools and Applications, 84, 12575–12614. https://doi.org/10.1007/s11042-024-19392-5",2025,Revolutionizing online education: Advanced facial expression recognition for real‑time student progress tracking via deep learning model,Multimedia Tools and Applications (Springer),Primary empirical / Proof-of-concept,"Develop an advanced facial expression recognition platform for online classrooms using an integrated deep learning approach to track student engagement, emotional states, and learning behaviors in real-time.","RQ1 (DL Architectures/XAI), RQ3 (Metrics/SOTA Performance), RQ4 (Real-time Deployment/Limitations)",Egypt (Author affiliation: Egyptian Russian University),Higher Ed / Online Education,"Custom-proposed online educational platform framework simulated for online courses (e.g., Operating System course video stream execution).",Actors from public benchmark emotional image/video datasets.,"Varied by evaluation baseline:

RAF-DB: ~30,000 images

FER2013: ~35,000 images

KDEF: 4,900 images (70 models)

CK+: 327 sequences (from 123 subjects)",Not specified (varied by standard public dataset parameters).,"KDEF features a 50% male / 50% female split (35 males, 35 females); others NR (not reported).","RAF-DB, FER2013, KDEF, and CK+",Public,Static images and sequential facial videos/frames (Note: Audio was available in select sets but explicitly not used).,"7 distinct expression categories (Happy, Sad, Surprise, Fear, Disgust, Anger, Neutral) across most benchmarks (8 labels evaluated for general classification distribution including 'Contempt' or dataset nuances).",Expert/Metadata labels provided by the respective dataset registries.,"Controlled laboratory environments (CK+, KDEF, RAF-DB performance subsets) and In-the-wild video capture extractions (FER2013).",Yes (Mentioned adjustments through preprocessing and targeted validation balancing protocols).,"Yes (Methods specified: Rotation, flipping, and cropping).",Hybrid CNN-TCN with Attention,ResNet50 + CBAM (Convolutional Block Attention Module) + TCN (Temporal Convolutional Network),N/A (Unimodal - Visual facial sequence processing only),Face images/frames only.,Temporal Convolutional Networks (TCNs) applied over consecutive sequence frames.,Yes (CBAM: combining sequential Channel Attention Mechanism and Spatial Attention Mechanism).,Yes (Utilized pre-trained ResNet50 backbones initialized on ImageNet weights).,Full fine-tuning/adaptation along customized residual layers integrated with attention block operations.,Not stated explicitly.,Stochastic Gradient Descent (SGD) with momentum.,lr=0.0001,16,"Not explicitly defined for the final run, but early stopping strategies were integrated.","Batch normalization, customized down-sampled lightweight network structures (AC modules) to reduce parameter overload, and early stopping.","No (Visual representations focus on performance metrics, feature maps, and pipeline structures rather than active post-hoc explainability engines like Grad-CAM/SHAP).",None,None,No,Yes,es (Reported in Frames Per Second across testing hardware units).,"High-performance GPU: 28 FPS

Standard CPU: 12 FPS

Jetson Nano (Edge Device): 15 FPS",Edge device / Resource-limited environments (Validated explicitly via NVIDIA Jetson Nano evaluation).,Not explicitly listed (Inference runtime tracking applied directly over PyTorch frameworks).,Prototype only (Conceptual framework designed for real-time monitoring streams).,Yes (Proposed/Simulated via real-time student tracking charts and Engagement Index performance mappings).,Not stated.,FER (Facial Expression Recognition) & Engagement Tracking.,"7 core expression variants (Happy, Sad, Surprise, Fear, Disgust, Anger, Neutral).","RAF-DB: 91.86% / 91.92%

FER2013: 91.71% (Public Test) / 93.71% (Private Test)

CK+: 95.85% / 96.95%

KDEF: 97.08%",Documented theoretically as verification metrics; classification matrix maps individual normalized row distributions.,Mentioned within method parameters but values are not individually charted.,Yes (Detailed normalized matrices for RAF-DB and FER2013 provided).,N/A,N/A,"Mini-Xception, MobileNetV2, NGO-BiLSTM, CBSA+CSPA, VGGNet-16, ShuffleNet-V2, and native ResNet50.",Yes,"Yes (Evaluated backbone modifications comparing parameters, FLOPs, and accuracy performance against MobileNet-v2, VGG-16, and ShuffleNet-V2).",No / Not reported.,No (Evaluated individually across multiple datasets).,97.08% average validation accuracy on the KDEF dataset with highly compressed footprint metrics (1.18M parameters).,No,None reported.,Balanced validation sampling during initial framework segmentation steps.,No,None,"Datasets used for validation primarily relied on posed baseline profiles (CK+, KDEF) rather than pure organic, continuous multi-modal classroom collections.","Variations in lighting constraints, student postures, or occlusion elements can affect extraction matrices.",Lack of post-hoc algorithmic interpretations or spatial validation layers.,"CPU execution caps at a lower performance threshold (12 FPS), confirming a strong hardware dependency for smooth desktop operation.","Algorithmic robustness issues over unstructured illumination and classroom environments, plus a lack of continuous context extraction outside facial indicators alone.","Refining algorithms for volatile real-world lighting environments.

Integrating advanced paradigm strategies like Reinforcement Learning.

Fusing multiple modalities (Audio features, conversational inputs, or natural text data parsing logs).

Initiating longitudinal studies to observe systemic retention metrics.",Yes,"",Yes,"",Partial,"",Partial,"",Partial,"",Partial,"",Not Reported,"",Yes,""
285,Arsirii 2023,An adaptive convolutional neural network model for human facial expression recognition,Sarbajit Paul Bappy,"Arsirii, O. O., & Petrosiuk, D. V. (2023). An adaptive convolutional neural network model for human facial expression recognition. Herald of Advanced Information Technology, 6(2), 128–138. https://doi.org/10.15276/hait.06.2023.8",2023,An adaptive convolutional neural network model for human facial expression recognition,Herald of Advanced Information Technology,Proof-of-concept / Empirical,"To reduce training time and computational resources without losing the reliability of multivalued classification of motor units (Action Units) for FER by developing an adaptive CNN model and a method for its training with “fine tuning” of parameters, including a novel loss function.","RQ1 (DL Methodology), RQ3 (Performance Metrics)",Ukraine (Based on author affiliations),"Not specified (Mentions ""online learning"" as an application domain, but does not target a specific educational level)",Not applicable (Algorithmic/model development paper),Not applicable (Uses existing public video/image datasets),"DISFA dataset: 130,814 frames from 27 subjects. CelebA and Bosphorus datasets also mentioned for multivalued classification checks, but N not explicitly stated for them.",Not reported,DISFA dataset: 12 women / 15 men,"DISFA, CelebA, Bosphorus, ImageNet (for pre-training)",Public,Static image / Facial video frames,"8 Action Units (AU1, AU2, AU4, AU6, AU9, AU12, AU25, AU26, AU27 mentioned in text, though 8 are specifically tested in the binary classification phase); Multi-label (multivalued) classification.","Expert labellers (FACS certified for DISFA, intensity 0-5)",Lab-controlled / Spontaneous (DISFA features spontaneous facial actions),"Yes (method: The choice of the F1-measure as the evaluation metric explicitly addresses the severe data imbalance noted in DISFA; additionally, the LSEP loss function and the proposed 
Lpr Loss functions are utilized to handle multi-label imbalances).",Not stated,CNN,"MobileNet-v1 (Primary proposed model), also tested DenseNet-121, DenseNet-201, MobileNet-v2",N/A (Unimodal),N/A,None (Frame-by-frame static image processing),"No (Compared against JAA-Net which uses attention, but the proposed model does not)",Yes (ImageNet),"Progressive unfreezing / Last N layers (Stage 1: Freeze convolutional layers, train new fully connected classifier block. Stage 2: Unfreeze all or part of the pre-trained network and fine-tune with a very low learning rate)",LSEP (Log-Sum-Exp Pairwise) for binary classification; Binary Cross-Entropy and Custom proposed loss (Lpr=1−Precision×Recall) for multi-label classification.,Adam,lr=0.00001,64,Not stated,"Dropout (rate 0.2), Batch Normalization",No,N/A,N/A,No,"Partially (Authors claim MobileNet architectures are chosen specifically for their speed/resource efficiency for ""mobile platforms"" and note they are ""more than three times faster"" than DenseNet/VGG, but do not explicitly test or claim real-time FER deployment latency).",No,N/A,Not specified (Mentions potential for mobile platforms),Not specified,No,No,None,FER (facial expression recognition via Action Unit detection / Multilabel classification),"Action Units (AU1, AU2, AU4, AU6, AU9, AU12, AU25, AU26, AU27)",Not reported,F1-Score (Avg. F1 across all AUs) is the primary metric. Precision and Recall are reported individually per AU in the form of Precision-Recall curves.,Not reported (though area under Precision-Recall curve is discussed conceptually regarding the loss function),No,Not reported,Not reported,"EAC-Net, LP-Net, JAA-Net. Also compared internally between DenseNet-121, DenseNet-201, MobileNet-v1, MobileNet-v2.",Yes,Yes ( Compared the base MobileNet-v1 with Lbce loss vs. MobileNet-v1 with the proposed Lpr loss function),No,"Yes (Trained using DISFA, CelebA, and Bosphorus sets for the multi-label classification experiment)","MobileNet-v1 with the proposed Lpr loss function increased the reliability of multi-label FER by 6% on average by F1 value estimation compared to standard Lbce. MobileNet-v1 and DenseNet-201 with LSEP outperformed SOTA (EAC-Net, LP-Net, JAA-Net) by 1% to 16% on binary AU classification on DISFA.",No,None reported (Though dataset gender skew is mentioned: 12 women/15 men),Not stated,No,None,"Severe data imbalance in the DISFA dataset where most AUs have a very low frequency of occurrence; smaller datasets like DISFA, CelebA, and Bosphorus do not give good accuracy results for standard training because they require multi-label classification.","High resource intensity and long training times for standard deep CNNs (VGG-19, DenseNet) on FER tasks; MobileNet architectures are compact/fast but generally inferior in classification accuracy to heavier networks like DenseNet on ImageNet.",N/A,None explicitly stated,"Existing FER CNN models are resource-intensive, require high-performance GPUs, and struggle with accuracy on smaller, imbalanced datasets requiring multi-label (multi-valued) AU classification, particularly for deployment on mobile platforms.",Consider issues related to the use of data pseudo-labeling for machine learning of deep convolutional neural networks when solving the FER problem.,Yes,"The authors explicitly state their aim: ""to reduce the training time and computational resources without losing the reliability of the multivalued classification of motor units for solving the problem of facial expression recognition in a human face image by developing an adaptive model of a convolutional neural network and a method for its training with 'fine tuning' of parameters.",Yes,"The use of lightweight pre-trained CNNs (MobileNet, DenseNet) with a structured transfer learning and fine-tuning methodology is a highly appropriate and standard approach for reducing computational resources while maintaining accuracy. The development of a custom loss function (Lpr) specifically designed to maximize the area under the Precision-Recall curve is methodologically sound for the stated problem of multi-label classification with severe data imbalance",Partial,"The optimizer (Adam), learning rate (0.00001), batch size (64), dropout rate (0.2), and the mathematical definitions for the custom loss functions are clearly provided. However, the code and model weights are not released, the number of training epochs is omitted, and the specific data splits for the DISFA dataset are not detailed, making exact replication difficult.",Partial,"The source datasets (DISFA, CelebA, Bosphorus, ImageNet) are named, and high-level details like the number of frames and subject demographics (12 women, 15 men for DISFA) are provided. However, specific annotation procedures for CelebA/Bosphorus are omitted, and while the severe class imbalance of DISFA is discussed, exact quantitative distributions are only provided for the training set of DISFA, not the validation/test sets.",Yes,"Given the explicitly acknowledged severe class imbalance in the DISFA dataset, the authors correctly chose the F1-measure (harmonic mean of Precision and Recall) as the primary evaluation metric rather than accuracy. They also report per-AU Precision-Recall curves, which is highly appropriate for multi-label imbalanced classification.",Yes,"The study compares the proposed model against recent specialized SOTA methods (EAC-Net, LP-Net, JAA-Net) on the DISFA dataset. It also conducts an internal ablation study comparing the custom loss function (
Lpr) against the standard Binary Cross-Entropy (Lbce) loss. However, statistical significance testing is absent.
",Not Reported,No Explainable AI (XAI) methods were implemented or evaluated in this study. The focus was strictly on predictive performance and computational efficiency.,Partial,"The authors explicitly acknowledge the severe data imbalance in the DISFA dataset and the general limitation that smaller datasets yield poor accuracy for multi-label classification. They also note the trade-off that lightweight networks (MobileNet) are faster but generally inferior in raw classification accuracy compared to heavier networks (DenseNet). However, they do not discuss broader model failure modes or formal threats to validity."
285,Arsirii 2023,An adaptive convolutional neural network model for human facial expression recognition,Consensus,"Arsirii, O. O., & Petrosiuk, D. V. (2023). An adaptive convolutional neural network model for human facial expression recognition. Herald of Advanced Information Technology, 6(2), 128–138. https://doi.org/10.15276/hait.06.2023.8",2023,An adaptive convolutional neural network model for human facial expression recognition,Herald of Advanced Information Technology,Proof-of-concept / Empirical,"To reduce training time and computational resources without losing the reliability of multivalued classification of motor units (Action Units) for FER by developing an adaptive CNN model and a method for its training with “fine tuning” of parameters, including a novel loss function.","RQ1 (DL Methodology), RQ3 (Performance Metrics)",Ukraine (Based on author affiliations),"Not specified (Mentions ""online learning"" as an application domain, but does not target a specific educational level)",Not applicable (Algorithmic/model development paper),Not applicable (Uses existing public video/image datasets),"DISFA dataset: 130,814 frames from 27 subjects. CelebA and Bosphorus datasets also mentioned for multivalued classification checks, but N not explicitly stated for them.",Not reported,DISFA dataset: 12 women / 15 men,"DISFA, CelebA, Bosphorus, ImageNet (for pre-training)",Public,Static image / Facial video frames,"8 Action Units (AU1, AU2, AU4, AU6, AU9, AU12, AU25, AU26, AU27 mentioned in text, though 8 are specifically tested in the binary classification phase); Multi-label (multivalued) classification.","Expert labellers (FACS certified for DISFA, intensity 0-5)",Lab-controlled / Spontaneous (DISFA features spontaneous facial actions),"Yes (method: The choice of the F1-measure as the evaluation metric explicitly addresses the severe data imbalance noted in DISFA; additionally, the LSEP loss function and the proposed 
Lpr Loss functions are utilized to handle multi-label imbalances).",Not stated,CNN,"MobileNet-v1 (Primary proposed model), also tested DenseNet-121, DenseNet-201, MobileNet-v2",N/A (Unimodal),N/A,None (Frame-by-frame static image processing),"No (Compared against JAA-Net which uses attention, but the proposed model does not)",Yes (ImageNet),"Progressive unfreezing / Last N layers (Stage 1: Freeze convolutional layers, train new fully connected classifier block. Stage 2: Unfreeze all or part of the pre-trained network and fine-tune with a very low learning rate)",LSEP (Log-Sum-Exp Pairwise) for binary classification; Binary Cross-Entropy and Custom proposed loss (Lpr=1−Precision×Recall) for multi-label classification.,Adam,lr=0.00001,64,Not stated,"Dropout (rate 0.2), Batch Normalization",No,N/A,N/A,No,"Partially (Authors claim MobileNet architectures are chosen specifically for their speed/resource efficiency for ""mobile platforms"" and note they are ""more than three times faster"" than DenseNet/VGG, but do not explicitly test or claim real-time FER deployment latency).",No,N/A,Not specified (Mentions potential for mobile platforms),Not specified,No,No,None,FER (facial expression recognition via Action Unit detection / Multilabel classification),"Action Units (AU1, AU2, AU4, AU6, AU9, AU12, AU25, AU26, AU27)",Not reported,F1-Score (Avg. F1 across all AUs) is the primary metric. Precision and Recall are reported individually per AU in the form of Precision-Recall curves.,Not reported (though area under Precision-Recall curve is discussed conceptually regarding the loss function),No,Not reported,Not reported,"EAC-Net, LP-Net, JAA-Net. Also compared internally between DenseNet-121, DenseNet-201, MobileNet-v1, MobileNet-v2.",Yes,Yes ( Compared the base MobileNet-v1 with Lbce loss vs. MobileNet-v1 with the proposed Lpr loss function),No,"Yes (Trained using DISFA, CelebA, and Bosphorus sets for the multi-label classification experiment)","MobileNet-v1 with the proposed Lpr loss function increased the reliability of multi-label FER by 6% on average by F1 value estimation compared to standard Lbce. MobileNet-v1 and DenseNet-201 with LSEP outperformed SOTA (EAC-Net, LP-Net, JAA-Net) by 1% to 16% on binary AU classification on DISFA.",No,None reported (Though dataset gender skew is mentioned: 12 women/15 men),Not stated,No,None,"Severe data imbalance in the DISFA dataset where most AUs have a very low frequency of occurrence; smaller datasets like DISFA, CelebA, and Bosphorus do not give good accuracy results for standard training because they require multi-label classification.","High resource intensity and long training times for standard deep CNNs (VGG-19, DenseNet) on FER tasks; MobileNet architectures are compact/fast but generally inferior in classification accuracy to heavier networks like DenseNet on ImageNet.",N/A,None explicitly stated,"Existing FER CNN models are resource-intensive, require high-performance GPUs, and struggle with accuracy on smaller, imbalanced datasets requiring multi-label (multi-valued) AU classification, particularly for deployment on mobile platforms.",Consider issues related to the use of data pseudo-labeling for machine learning of deep convolutional neural networks when solving the FER problem.,Yes,"",Yes,"",Partial,"",Partial,"",Yes,"",Yes,"",Not Reported,"",Partial,""
278,Bashir 2025,Detection of Students’ Emotions in an Online Learning Environment Using a CNN-LSTM Model †,Sarbajit Paul Bappy,"Bashir, B. M., & Umar, H. A. (2025). Detection of Students’ Emotions in an Online Learning Environment Using a CNN-LSTM Model. Engineering Proceedings, 87(116). MDPI. https://doi.org/10.3390/engproc2025087116",2025,Detection of Students’ Emotions in an Online Learning Environment Using a CNN-LSTM Model,"Engineering Proceedings (Eng. Proc.), MDPI; Presented at the 5th International Electronic Conference on Applied Sciences (ASEC 2024)",Primary empirical study; proof-of-concept deep learning model,"To develop a hybrid CNN-LSTM model capable of recognizing learner emotions (interest, boredom, and confusion) in online learning environments through facial expression analysis.","RQ1, RQ2, RQ3, RQ4, RQ5","Nigeria (Bayero University, Kano, Nigeria)",Online learners / Higher Education (implied),Online learning environment / Online lectures / Virtual classrooms,Student facial images (derived from FER datasets),"Over 6,000 images",Not Reported,Not Reported,"FER2013, CK+, JAFFE (combined and relabeled)",Mixed (Public datasets combined into custom dataset),Static facial images,"3 learning-related emotions: Interest, Boredom, Confusion","Facial Action Units (AUs) mapped from FER2013, CK+, and JAFFE into educational emotion categories.",Custom educational-emotion dataset constructed from existing FER datasets,Not stated,Not reported,CNN-LSTM Hybrid,Custom CNN-LSTM Architecture,N/A (unimodal facial images),None,LSTM sequence modeling of facial feature sequences,No,No,N/A,Not explicitly reported (likely categorical cross-entropy),Adam,Learning rate = 0.001,64,100 epochs,"Dropout (0.5), Early Stopping",No,None,None,No,Yes (emotion monitoring during online learning),No,Not Reported,"NVIDIA GPU, TensorFlow/Keras environment",CNN-LSTM FER framework,Proposed for online learning systems,Proposed educational support application,Not Reported,Facial Expression Recognition (FER) for Educational Emotion Detection,"Interest, Boredom, Confusion",98.0%,"Precision: 97%, Recall: 98%, F1-score: 98%",Not Reported,No,N/A,N/A,"CNN-only models, FER2013 studies, CK+ studies, Attentional CNN.",Yes,No,No,No,"CNN-LSTM achieved 98% accuracy, outperforming CNN-only FER2013 baseline (97%).",No,None reported,None reported,No,None,Dataset derived from relabelled FER datasets rather than real online-learning data.,Evidence of potential overfitting due to fluctuations between training and testing accuracy.,No explainability component.,Real-time deployment proposed but not experimentally validated.,Existing FER systems focus on generic emotions and are not tailored to educational emotions in online learning environments.,"Expand dataset size, integrate multimodal emotion recognition (voice + posture), use larger datasets, and deploy in real-time classrooms.",Yes,"The study explicitly aims to recognize educational emotions (interest, boredom, confusion) in online learning using a CNN-LSTM architecture.",Yes,CNN for spatial features and LSTM for temporal dependencies is appropriate for FER in learning environments. Architecture and training process are clearly described.,Partial,"Network architecture, optimizer, epochs, batch size, and datasets are reported. However, code, trained weights, and complete implementation details are not provided.",Partial,"Dataset sources, preprocessing, size, and classes are described. Annotation procedures, class distributions, and demographic information are mi",Yes,"Accuracy, Precision, Recall, and F1-score are reported and appropriate for multi-class classification.",Partial,"Comparisons are made with CNN and attentional CNN models, but no statistical significance testing or rigorous benchmarking is conducted.",No,"No explainable AI methods such as Grad-CAM, SHAP, LIME, or attention visualization are included.",Partial,"Future work is discussed, and overfitting tendencies are noted, but limitations are not systematically analyzed."
278,Bashir 2025,Detection of Students’ Emotions in an Online Learning Environment Using a CNN-LSTM Model †,Consensus,"Bashir, B. M., & Umar, H. A. (2025). Detection of Students’ Emotions in an Online Learning Environment Using a CNN-LSTM Model. Engineering Proceedings, 87(116). MDPI. https://doi.org/10.3390/engproc2025087116",2025,Detection of Students’ Emotions in an Online Learning Environment Using a CNN-LSTM Model,"Engineering Proceedings (Eng. Proc.), MDPI; Presented at the 5th International Electronic Conference on Applied Sciences (ASEC 2024)",Primary empirical study; proof-of-concept deep learning model,"To develop a hybrid CNN-LSTM model capable of recognizing learner emotions (interest, boredom, and confusion) in online learning environments through facial expression analysis.","RQ1, RQ2, RQ3, RQ4, RQ5","Nigeria (Bayero University, Kano, Nigeria)",Online learners / Higher Education (implied),Online learning environment / Online lectures / Virtual classrooms,Student facial images (derived from FER datasets),"Over 6,000 images",Not Reported,Not Reported,"FER2013, CK+, JAFFE (combined and relabeled)",Mixed (Public datasets combined into custom dataset),Static facial images,"3 learning-related emotions: Interest, Boredom, Confusion","Facial Action Units (AUs) mapped from FER2013, CK+, and JAFFE into educational emotion categories.",Custom educational-emotion dataset constructed from existing FER datasets,Not stated,Not reported,CNN-LSTM Hybrid,Custom CNN-LSTM Architecture,N/A (unimodal facial images),None,LSTM sequence modeling of facial feature sequences,No,No,N/A,Not explicitly reported (likely categorical cross-entropy),Adam,Learning rate = 0.001,64,100 epochs,"Dropout (0.5), Early Stopping",No,None,None,No,Yes (emotion monitoring during online learning),No,Not Reported,"NVIDIA GPU, TensorFlow/Keras environment",CNN-LSTM FER framework,Proposed for online learning systems,Proposed educational support application,Not Reported,Facial Expression Recognition (FER) for Educational Emotion Detection,"Interest, Boredom, Confusion",98.0%,"Precision: 97%, Recall: 98%, F1-score: 98%",Not Reported,No,N/A,N/A,"CNN-only models, FER2013 studies, CK+ studies, Attentional CNN.",Yes,No,No,No,"CNN-LSTM achieved 98% accuracy, outperforming CNN-only FER2013 baseline (97%).",No,None reported,None reported,No,None,Dataset derived from relabelled FER datasets rather than real online-learning data.,Evidence of potential overfitting due to fluctuations between training and testing accuracy.,No explainability component.,Real-time deployment proposed but not experimentally validated.,Existing FER systems focus on generic emotions and are not tailored to educational emotions in online learning environments.,"Expand dataset size, integrate multimodal emotion recognition (voice + posture), use larger datasets, and deploy in real-time classrooms.",Yes,"",Yes,"",Partial,"",Partial,"",Yes,"",Partial,"",No,"",Partial,""
250,Bi 2022,Dynamic Transfer Exemplar based Facial Emotion Recognition Model Toward Online Video,Sarbajit Paul Bappy,"Bi, A.-Q., Tian, X.-Y., Wang, S.-H., & Zhang, Y.-D. (2022). Dynamic transfer exemplar based facial emotion recognition model toward online video. ACM Transactions on Multimedia Computing, Communications, and Applications, 18(2s), Article 121. https://doi.org/10.1145/3538385",2022,Dynamic Transfer Exemplar based Facial Emotion Recognition Model Toward Online Video,"ACM Transactions on Multimedia Computing, Communications, and Applications (ACM TOMM)",Proof-of-concept / Empirical,"To propose a novel model named DT-EFER that combines deep neural networks with transfer learning theory for dynamic facial emotion recognition from online video, focusing on the differences between key images (exemplars) rather than the images themselves to improve recognition performance.","RQ1 (DL Methodology), RQ3 (Performance Metrics)","China (Changshu Institute of Technology), UK (University of Leicester)",Not specified,"Not applicable (Focuses on online video streams, with mentions of VR/AR/vehicular networks)",Not applicable (Uses existing public video datasets),BAUM-1s: 653 video clips from 31 subjects. CK+: 327 samples from 123 subjects,Not reported,Not reported,"BAUM-1s, Extended Cohn-Kanade (CK+)",Public, Facial video / Static image sequences,"7 basic emotions (Anger, Disgust, Fear, Happiness, Sadness, Surprise, and Unsure/Neutral)",Not stated (Standard benchmark datasets),Mixed (BAUM-1s is spontaneous/in-the-wild; CK+ is lab-controlled/posed),Not stated,No,Hybrid (CNN + Exemplar-based Clustering/Transfer Learning),GoogLeNet (Feature extractor) + DT-EFER (Dynamic Transfer Exemplar-based clustering using Enhanced Alpha-Expansion Move optimization),N/A (Unimodal visual),N/A,"Sliding window / Transfer learning over time (Video is split into clips; the first clip establishes reliable exemplars, and subsequent clips use Transfer Learning based on KL-distance to previous exemplars)",No,"Not stated (GoogLeNet is used for feature extraction, but pre-training on ImageNet is not explicitly mentioned, though standard practice implies it)","Feature extraction only (GoogLeNet extracts deep features, which are then dimensionally reduced by PCA and fed into the DT-EFER clustering model)",Custom (Maximization of a Bayesian probabilistic target function incorporating KL-distance between current and previous exemplar sets),Enhanced Alpha-Expansion Move (EEM) optimization based on Markov Random Field theory,N/A (Iterative energy reduction optimization),N/A (Processes video clips sequentially),Until convergence (Maximum iteration M set for optimization),Not stated,Partially (discussed but not implemented as standard XAI),"Other (The model inherently provides a degree of explainability by selecting ""exemplars""—actual typical key images from the video—that represent each emotion cluster, rather than relying on abstract latent features alone)",Not stated,No,"Yes (Designed for ""online video"" and ""dynamic data stream"")",Yes,"Average time consumption reported: For BAUM-1s, ~1.8-2.3 seconds per clip. For CK+, ~0.048-0.078 seconds per clip.","Standard PC (Matlab, 64-bit Windows 10, Intel Core i7-4712MQ, 8GB RAM)",Not specified (Crops video to face region in pre-processing),No,No,None,FER (facial expression recognition) / Multimodal affect (Dynamic video),"7 basic emotions (Anger, Disgust, Fear, Happiness, Sadness, Surprise, Unsure/Neutral)","Reported in figures (graphs) comparing against baselines, varying by clip and dataset.",Not reported,Not reported,No,Not reported,Not reported (RandIndex (RI) is reported as a primary clustering evaluation metric.),"TSC (Transfer Spectral Clustering), DSAE (Deep Sparse Autoencoder), EEM (Enhanced Alpha-Expansion Move), AP (Affinity Propagation).",Yes,"Partially (Tested the effect of varying hyperparameters: self-distance and transfer learning weight lambda, but no structural ablation of the model components)",No (Mentions algorithms were repeated 10 times and averaged),No,"DT-EFER outperformed TSC, DSAE, EEM, and AP on both BAUM-1s and CK+ datasets in terms of Accuracy and RandIndex, while maintaining competitive time consumption suitable for online video processing.",No,None reported,None,No,None,"Subsequent video clips are short, meaning the number of keyframes available is limited, which weakens the differences in high-dimensional space when calculating similarity.","Time consumption is slightly higher compared to baseline AP and EEM models because DT-EFER incorporates exemplars from the previous stage. Performance is highly sensitive to the ""self-distance"" parameter; incorrect values can cause the model to either treat every sample as an exemplar or group all samples into a single class.",N/A,None explicitly stated (Authors claim time consumption meets requirements for online video).,"Existing dynamic facial emotion recognition methods struggle to efficiently process online data streams where current data clips are insufficient/short, and they fail to leverage the reliable recognition results from former video clips effectively.",Explore combining physiological signals (stimulate/response mechanism) with video/images in dynamic emotion recognition scenarios; address the major challenge of simultaneous processing of data with multi-modality.,Yes,"The authors explicitly state their objective to ""propose a novel model named DT-EFER"" that ""combines deep neural networks with transfer learning theory"" for ""dynamic facial emotion recognition from online video,"" specifically focusing on the differences between key images (exemplars) rather than the images themselves to improve recognition.",Yes,"The methodology is highly appropriate for the dynamic, online video scenario. Using GoogLeNet for feature extraction combined with an exemplar-based clustering model is sound. Crucially, the integration of Transfer Learning (via KL-distance between current and previous exemplar sets) directly addresses the challenge of recognizing emotions from short, subsequent video clips by leveraging reliable data from the initial clip.",Partial,"The mathematical formulations, algorithm pseudocode, parameter grid search bounds, and dataset preparation (video clip splits) are detailed extensively. However, the code is not released, the exact GoogLeNet weights/pre-training are not specified, and the primary results for Accuracy and RandIndex are presented only visually in bar charts (Figures 4-7) rather than exact numerical tables, making precise replication and comparison difficult.",Partial,"The datasets (BAUM-1s and CK+) are identified, and the number of subjects, video clips, frame sizes, and emotion classes are reported. The pre-processing steps (cropping, PCA dimensionality reduction) and the exact methodology for splitting the video into source and drift clips are clearly described. However, the demographic details (age, gender, ethnicity) of the subjects are omitted.",Partial,"The study uses Accuracy and RandIndex (RI), which are suitable for evaluating clustering/classification performance. Time consumption is also reported, which is vital for an online video processing claim. However, Precision, Recall, and F1-score are omitted, which could provide better insight into class-specific performance, especially in potentially imbalanced dynamic video scenarios. Furthermore, plotting results in charts instead of providing exact numbers lowers the rigor.",Yes,"The proposed DT-EFER model is compared against four relevant baselines: two exemplar-based clustering models (EEM, AP), one transfer learning model (TSC), and one deep learning model (DSAE). The comparison includes both recognition accuracy/clustering quality and time consumption across two different datasets. No statistical significance testing is performed, however.",Partial,"While no formal XAI methods (like Grad-CAM or SHAP) are used, the inherent architecture of the DT-EFER model provides a form of explainability by design. It identifies ""exemplars""—actual representative image samples from the video stream that act as cluster centers. The authors note this advantage: ""we can directly get a typical image of each emotion from the video."" However, no user study or formal qualitative evaluation is conducted to validate the usefulness of these exemplars to human users.",Partial,"The authors acknowledge that the time consumption is slightly higher due to incorporating previous exemplars, and they extensively discuss the sensitivity of the model to the ""self-distance"" parameter, noting out-of-control situations where the model fails completely. However, they do not discuss the limitation of relying on the first video clip being highly reliable (if the first clip is noisy, the transfer learning fails), nor do they discuss the lack of multi-modal or in-the-wild generalization as a current limitation (only as future work)."
250,Bi 2022,Dynamic Transfer Exemplar based Facial Emotion Recognition Model Toward Online Video,Consensus,"Bi, A.-Q., Tian, X.-Y., Wang, S.-H., & Zhang, Y.-D. (2022). Dynamic transfer exemplar based facial emotion recognition model toward online video. ACM Transactions on Multimedia Computing, Communications, and Applications, 18(2s), Article 121. https://doi.org/10.1145/3538385",2022,Dynamic Transfer Exemplar based Facial Emotion Recognition Model Toward Online Video,"ACM Transactions on Multimedia Computing, Communications, and Applications (ACM TOMM)",Proof-of-concept / Empirical,"To propose a novel model named DT-EFER that combines deep neural networks with transfer learning theory for dynamic facial emotion recognition from online video, focusing on the differences between key images (exemplars) rather than the images themselves to improve recognition performance.","RQ1 (DL Methodology), RQ3 (Performance Metrics)","China (Changshu Institute of Technology), UK (University of Leicester)",Not specified,"Not applicable (Focuses on online video streams, with mentions of VR/AR/vehicular networks)",Not applicable (Uses existing public video datasets),BAUM-1s: 653 video clips from 31 subjects. CK+: 327 samples from 123 subjects,Not reported,Not reported,"BAUM-1s, Extended Cohn-Kanade (CK+)",Public, Facial video / Static image sequences,"7 basic emotions (Anger, Disgust, Fear, Happiness, Sadness, Surprise, and Unsure/Neutral)",Not stated (Standard benchmark datasets),Mixed (BAUM-1s is spontaneous/in-the-wild; CK+ is lab-controlled/posed),Not stated,No,Hybrid (CNN + Exemplar-based Clustering/Transfer Learning),GoogLeNet (Feature extractor) + DT-EFER (Dynamic Transfer Exemplar-based clustering using Enhanced Alpha-Expansion Move optimization),N/A (Unimodal visual),N/A,"Sliding window / Transfer learning over time (Video is split into clips; the first clip establishes reliable exemplars, and subsequent clips use Transfer Learning based on KL-distance to previous exemplars)",No,"Not stated (GoogLeNet is used for feature extraction, but pre-training on ImageNet is not explicitly mentioned, though standard practice implies it)","Feature extraction only (GoogLeNet extracts deep features, which are then dimensionally reduced by PCA and fed into the DT-EFER clustering model)",Custom (Maximization of a Bayesian probabilistic target function incorporating KL-distance between current and previous exemplar sets),Enhanced Alpha-Expansion Move (EEM) optimization based on Markov Random Field theory,N/A (Iterative energy reduction optimization),N/A (Processes video clips sequentially),Until convergence (Maximum iteration M set for optimization),Not stated,Partially (discussed but not implemented as standard XAI),"Other (The model inherently provides a degree of explainability by selecting ""exemplars""—actual typical key images from the video—that represent each emotion cluster, rather than relying on abstract latent features alone)",Not stated,No,"Yes (Designed for ""online video"" and ""dynamic data stream"")",Yes,"Average time consumption reported: For BAUM-1s, ~1.8-2.3 seconds per clip. For CK+, ~0.048-0.078 seconds per clip.","Standard PC (Matlab, 64-bit Windows 10, Intel Core i7-4712MQ, 8GB RAM)",Not specified (Crops video to face region in pre-processing),No,No,None,FER (facial expression recognition) / Multimodal affect (Dynamic video),"7 basic emotions (Anger, Disgust, Fear, Happiness, Sadness, Surprise, Unsure/Neutral)","Reported in figures (graphs) comparing against baselines, varying by clip and dataset.",Not reported,Not reported,No,Not reported,Not reported (RandIndex (RI) is reported as a primary clustering evaluation metric.),"TSC (Transfer Spectral Clustering), DSAE (Deep Sparse Autoencoder), EEM (Enhanced Alpha-Expansion Move), AP (Affinity Propagation).",Yes,"Partially (Tested the effect of varying hyperparameters: self-distance and transfer learning weight lambda, but no structural ablation of the model components)",No (Mentions algorithms were repeated 10 times and averaged),No,"DT-EFER outperformed TSC, DSAE, EEM, and AP on both BAUM-1s and CK+ datasets in terms of Accuracy and RandIndex, while maintaining competitive time consumption suitable for online video processing.",No,None reported,None,No,None,"Subsequent video clips are short, meaning the number of keyframes available is limited, which weakens the differences in high-dimensional space when calculating similarity.","Time consumption is slightly higher compared to baseline AP and EEM models because DT-EFER incorporates exemplars from the previous stage. Performance is highly sensitive to the ""self-distance"" parameter; incorrect values can cause the model to either treat every sample as an exemplar or group all samples into a single class.",N/A,None explicitly stated (Authors claim time consumption meets requirements for online video).,"Existing dynamic facial emotion recognition methods struggle to efficiently process online data streams where current data clips are insufficient/short, and they fail to leverage the reliable recognition results from former video clips effectively.",Explore combining physiological signals (stimulate/response mechanism) with video/images in dynamic emotion recognition scenarios; address the major challenge of simultaneous processing of data with multi-modality.,Yes,"",Yes,"",Partial,"",Partial,"",Partial,"",Yes,"",Partial,"",Partial,""
241,Lofandri 2024,Students Emotion and Distraction Detection While Adopting E-Learning Approach,Sarbajit Paul Bappy,"Lofandri, W., & Salameh, A. A. (2024). Students Emotion and Distraction Detection While Adopting E-Learning Approach. International Journal of Interactive Mobile Technologies (iJIM), 18(23), 30–43. https://doi.org/10.3991/ijim.v18i23.51213
",2024,Students Emotion and Distraction Detection While Adopting E-Learning Approach,International Journal of Interactive Mobile Technologies (iJIM),"Proof-of-concept
","To propose an intelligent system (IELMS) that utilizes CNN techniques to detect students' emotions and fuse this with a distraction detection model, producing logs to assist faculty in identifying underperforming online learners.
","RQ1 (Methodology), RQ4 (Limitations/Deployment challenges - implicitly)
",Indonesia / Saudi Arabia (Authors' affiliations),"Higher Ed (Implied by university context and ""adult learners"" mention)
",Custom intelligent e-learning monitoring system (IELMS),"Not applicable (Dataset-driven study, no live human participants evaluated for the AI model)","30,835 images (FER-2013 dataset); 550 students mentioned for a separate LMS interaction log analysis.",Not specified,NR (Not reported),"FER-2013
",Public,Static image (Facial),"7 basic emotions (Angry, Disgust, Fear, Happy, Sad, Surprise, Neutral); 2 engagement states (Engaged/Focused vs. Distracted - derived from eye images).","Not stated (for FER-2013 specifically, though generally crowdsourced, the authors do not specify)","In-the-wild (FER-2013 is generally wild, though authors use it for a simulated e-learning context)",Not stated,Not stated,CNN (Combined with Haar Cascade Classifier)," Custom Sequential CNN (Input 32x32, 3x3 convolutional filters, 2x2 max pooling, ReLU activation, fully connected layer). No specific standard variant (like ResNet/VGG) named.","Late fusion (Emotion detection model and Distraction/Engagement detection model run separately and output logs which are combined/framework-level fusion)
",Face (for emotion) + Eye region (for distraction),"None (Static image processing only)
",No,"Not stated (Implied No, trained from scratch based on the architecture description)",Not applicable,"Not stated
",Not stated,Not stated,Not stated,Not stated,Not stated,No,None,None,No,"Yes (""Real-time prediction is possible by using the learned values for both systems."")
",No,"Not specified
",Not specified (Client/Server or Browser/Server architecture proposed conceptually),OpenCV Cascade (Haar Cascade Classifier),Prototype only (Proposed IELMS framework),"Proposed only (""produces logs of distraction and emotion... will assist the teaching community"")",None / Not stated,"FER (facial expression) / Engagement detection
","7 basic (Angry, Disgust, Fear, Happy, Sad, Surprise, Neutral) + Binary distraction (Engaged vs. Not engaged)"," Not reported for the proposed model. (Mentions prior works achieving 92.75%, 85.66%, 93.97%, but provides no accuracy for the current IELMS CNN).
","Not reported
",Not reported,No,"Not reported
","Not reported
",None,No,No,"Partial (A Mann-Whitney U test is reported for LMS interaction logs (p < 0.002), but no statistical testing for the AI/CNN models).
",No,"No ML performance metrics are reported for the proposed fused model. The paper only evaluates the broader IELMS system's impact on autonomous learning indices.
",No,None reported,"None / Not stated
",No,None,"Limited modalities (Relies strictly on facial/eye visual data, ignoring audio/interaction logs for the AI model); Small N / Lab-controlled only (FER-2013 consists of isolated faces, lacking the natural, lower-intensity expressions of actual e-learning environments).","Generalisation failure (Haar cascade struggles with varying image sizes/orientations and lighting); Poor occlusion handling (System relies heavily on unobstructed frontal face and eye visibility).
","XAI not validated (System is a black box; no explanation provided for why an emotion/distraction is flagged).
","Latency too high / Not tested in real classroom (Despite claims of real-time capability, the fused IELMS model was never deployed or tested for latency in an actual live e-learning environment).","Current e-learning environments lack integrated, real-time monitoring frameworks that effectively combine cognitive/affective states (emotion) with behavioral states (distraction) to provide actionable feedback to instructors for timely intervention. Existing systems struggle to operate effectively in uncontrolled online environments due to reliance on singular modalities.
","Deploy and validate the IELMS in a live educational setting; integrate multi-modal data (audio, interaction logs, mouse dynamics) alongside facial recognition; design adaptive intervention mechanisms that automatically adjust content or alert instructors based on the fused detection logs.


",Partial,"The abstract and introduction state the aim to propose an ""Intelligent E-Learning Monitoring System (IELMS)"" using CNNs to detect emotion and distraction. However, the study lacks an explicitly formulated research question or testable hypothesis. Furthermore, the scope is poorly defined; the paper meanders through general e-learning architectures and statistical logs of student portal visits, deviating significantly from a focused evaluation of the proposed AI fusion model.",No,"While the authors propose fusing a CNN emotion detector with a Haar Cascade/CNN distraction detector, the methodology is severely incomplete. They describe the architecture of each component, but they do not detail how the ""fusion"" actually occurs algorithmically. Crucially, there is no experimental setup provided to evaluate the fused model's performance on the distraction detection task. The methodology reads as a conceptual system design rather than a rigorously tested empirical study.",No," The study is not reproducible. No code, model weights, or custom datasets are made publicly available. More critically, the implementation details are entirely absent: the authors do not report the hyperparameters, learning rate, batch size, number of epochs, or loss functions used to train the CNN models.",Partial,"The source dataset for emotion detection (FER-2013) is identified, and its size (30,835 images), modality (grayscale pixels), and class labels (7 emotions) are described. However, the dataset for the distraction/engagement model is inadequately described. The authors state they used ""manually labeled eye pictures acquired after using the Haar Cascade network on human faces taken from the FER13 dataset,"" but they do not report the size of this derived dataset, the class distribution, or the criteria used for manual labeling.",No,"The paper completely fails to evaluate the proposed IELMS or its component deep learning models using appropriate ML metrics. There are no reports of accuracy, precision, recall, F1-score, or AUC-ROC for the emotion or distraction classifiers. The results section only discusses autonomous learning competency indices and web portal visit frequencies, which evaluate the e-learning platform's impact on student behavior, not the AI model's detection performance.",No," The proposed system is not benchmarked against any baseline or current state-of-the-art models. While the authors mention accuracy rates from prior works (e.g., 92.75% for engagement levels), they do not compare their own trained model's performance against these or any other benchmarks. No statistical significance testing is performed for the AI components.
",Not Reported," No Explainable AI (XAI) methods are mentioned, utilized, or evaluated in the study. The CNN models operate entirely as black boxes, with no attempt to explain why the model classifies a student as distracted or experiencing a specific emotion.",No,"The authors do not explicitly discuss the limitations, weaknesses, or threats to validity of their proposed system. Critical flaws—such as the Haar Cascade's sensitivity to lighting/occlusion, the lack of temporal modeling for video data, the disconnect between the FER-2013 dataset and real e-learning expressions, and the fact that the system was never deployed in a real classroom—are completely omitted from the text."
241,Lofandri 2024,Students Emotion and Distraction Detection While Adopting E-Learning Approach,Consensus,"Lofandri, W., & Salameh, A. A. (2024). Students Emotion and Distraction Detection While Adopting E-Learning Approach. International Journal of Interactive Mobile Technologies (iJIM), 18(23), 30–43. https://doi.org/10.3991/ijim.v18i23.51213
",2024,Students Emotion and Distraction Detection While Adopting E-Learning Approach,International Journal of Interactive Mobile Technologies (iJIM),"Proof-of-concept
","To propose an intelligent system (IELMS) that utilizes CNN techniques to detect students' emotions and fuse this with a distraction detection model, producing logs to assist faculty in identifying underperforming online learners.
","RQ1 (Methodology), RQ4 (Limitations/Deployment challenges - implicitly)
",Indonesia / Saudi Arabia (Authors' affiliations),"Higher Ed (Implied by university context and ""adult learners"" mention)
",Custom intelligent e-learning monitoring system (IELMS),"Not applicable (Dataset-driven study, no live human participants evaluated for the AI model)","30,835 images (FER-2013 dataset); 550 students mentioned for a separate LMS interaction log analysis.",Not specified,NR (Not reported),"FER-2013
",Public,Static image (Facial),"7 basic emotions (Angry, Disgust, Fear, Happy, Sad, Surprise, Neutral); 2 engagement states (Engaged/Focused vs. Distracted - derived from eye images).","Not stated (for FER-2013 specifically, though generally crowdsourced, the authors do not specify)","In-the-wild (FER-2013 is generally wild, though authors use it for a simulated e-learning context)",Not stated,Not stated,CNN (Combined with Haar Cascade Classifier)," Custom Sequential CNN (Input 32x32, 3x3 convolutional filters, 2x2 max pooling, ReLU activation, fully connected layer). No specific standard variant (like ResNet/VGG) named.","Late fusion (Emotion detection model and Distraction/Engagement detection model run separately and output logs which are combined/framework-level fusion)
",Face (for emotion) + Eye region (for distraction),"None (Static image processing only)
",No,"Not stated (Implied No, trained from scratch based on the architecture description)",Not applicable,"Not stated
",Not stated,Not stated,Not stated,Not stated,Not stated,No,None,None,No,"Yes (""Real-time prediction is possible by using the learned values for both systems."")
",No,"Not specified
",Not specified (Client/Server or Browser/Server architecture proposed conceptually),OpenCV Cascade (Haar Cascade Classifier),Prototype only (Proposed IELMS framework),"Proposed only (""produces logs of distraction and emotion... will assist the teaching community"")",None / Not stated,"FER (facial expression) / Engagement detection
","7 basic (Angry, Disgust, Fear, Happy, Sad, Surprise, Neutral) + Binary distraction (Engaged vs. Not engaged)"," Not reported for the proposed model. (Mentions prior works achieving 92.75%, 85.66%, 93.97%, but provides no accuracy for the current IELMS CNN).
","Not reported
",Not reported,No,"Not reported
","Not reported
",None,No,No,"Partial (A Mann-Whitney U test is reported for LMS interaction logs (p < 0.002), but no statistical testing for the AI/CNN models).
",No,"No ML performance metrics are reported for the proposed fused model. The paper only evaluates the broader IELMS system's impact on autonomous learning indices.
",No,None reported,"None / Not stated
",No,None,"Limited modalities (Relies strictly on facial/eye visual data, ignoring audio/interaction logs for the AI model); Small N / Lab-controlled only (FER-2013 consists of isolated faces, lacking the natural, lower-intensity expressions of actual e-learning environments).","Generalisation failure (Haar cascade struggles with varying image sizes/orientations and lighting); Poor occlusion handling (System relies heavily on unobstructed frontal face and eye visibility).
","XAI not validated (System is a black box; no explanation provided for why an emotion/distraction is flagged).
","Latency too high / Not tested in real classroom (Despite claims of real-time capability, the fused IELMS model was never deployed or tested for latency in an actual live e-learning environment).","Current e-learning environments lack integrated, real-time monitoring frameworks that effectively combine cognitive/affective states (emotion) with behavioral states (distraction) to provide actionable feedback to instructors for timely intervention. Existing systems struggle to operate effectively in uncontrolled online environments due to reliance on singular modalities.
","Deploy and validate the IELMS in a live educational setting; integrate multi-modal data (audio, interaction logs, mouse dynamics) alongside facial recognition; design adaptive intervention mechanisms that automatically adjust content or alert instructors based on the fused detection logs.


",Partial,"",No,"",No,"",Partial,"",No,"",No,"",Not Reported,"",No,""
212,Long 2022,A Facial Expression Recognition Model using Lightweight Dense-Connectivity Neural Networks for Monitoring Online Learning Activities,Sarbajit Paul Bappy,"Long, D. T., Tung, T. T., & Dung, T. T. (2022). A Facial Expression Recognition Model using Lightweight Dense-Connectivity Neural Networks for Monitoring Online Learning Activities. International Journal of Modern Education and Computer Science, 14(6), 53–64. https://doi.org/10.5815/ijmecs.2022.06.05
",2022,A Facial Expression Recognition Model using Lightweight Dense-Connectivity Neural Networks for Monitoring Online Learning Activities,International Journal of Modern Education and Computer Science (IJMECS),"Proof-of-concept
","To propose a lightweight CNN model based on dense-connectivity architecture (LDFER) for facial expression recognition that balances moderate complexity with high efficiency, and to design its integration into an LMS for monitoring online learning activities.
","RQ1 (Methodology), RQ3 (Performance Metrics)",Vietnam (Hanoi Open University),Higher Ed (Implied university context),Custom integration with a Learning Management System (LMS) via APIs,"Not applicable (Dataset-driven study using public datasets)
","CK+ (981 images), JAFFE (213 images), OuluCASIA (1,440 images), CJO/Mixed (2,634 images)
","Not specified
","JAFFE (10 women); Others: Not specified
","CK+, JAFFE, OuluCASIA, CJO (Custom mixed dataset)
","Public / Mixed
","Static image (Facial)
","CK+ (7: anger, disgust, fear, happiness, sadness, surprise, contempt); JAFFE (7: 6 basic + neutral); OuluCASIA (6: anger, disgust, fear, happiness, sadness, surprise); CJO (8: all combined).","Not stated
","Lab-controlled (All datasets are posed/controlled; OuluCASIA has varied illumination/pose)
","Not stated (Paper explicitly notes CJO has imbalanced classes, e.g., ""surprise"" has >10x ""neutral"", but no algorithmic mitigation like SMOTE is applied, only data augmentation)","Yes (Noise addition, rotation, shifting, contrast adjustment, scaling. 10x enlargement of training data)",CNN (Dense-connectivity / DenseNet variant),"LDFER (Lightweight Dense-connectivity based for FER) - 4 Dense Blocks with sizes 2, 4, 8, and 16.", N/A (Unimodal)," N/A
",None,No,No (Trained from scratch),Not applicable,Not stated (Implied categorical cross-entropy),Adam, lr = 0.001; Scheduler not stated,128,150 epochs,"Batch norm (within dense blocks), Data augmentation
",Partially (discussed but not rigorously evaluated),Gradient-based localization (Grad-CAM / Heatmaps),"Qualitative visualisation (Heatmaps show focus on mouth and eyes)
",No,"Yes (""automatically capture photos and recognize facial expressions... during whole learning processes"")
",No,Not specified,Client device (Web-client or mobile apps),MTCNN (Used for face detection preprocessing),"Yes (Custom LMS via APIs)
","Yes (History of FERs stored for assessment; notifications sent to learners, teachers, administrators)",Partial (Secure connection via userID and security code between LMS and LDFER; Client-side processing),FER (facial expression),7 basic (Ekman) + Neutral/Contempt variations depending on dataset,"Yes. (Average 5-fold: CK+ = 99.90%; JAFFE = 99.08%; OuluCASIA = 100%; CJO = 99.92%)
",Not reported,Not reported,Yes (For the CJO mixed dataset),Not reported,Not reported,"Yes (EfficientNet B0, and 7 other methods from literature including Dilated ResNet, Attentional CNN, Dynamic MTL)
",Yes,No,No,"No (Trained and tested on the same datasets/folds, including a mixed dataset)","100% accuracy on the OuluCASIA dataset; 99.92% on the mixed CJO dataset.
",No, None reported,None / Not stated,No,None,"Small N (JAFFE contains very few images, causing training fluctuations); Lab-controlled only (CK+, JAFFE, OuluCASIA are posed datasets, lacking real-world e-learning representation); Class imbalance (CJO dataset is heavily imbalanced, e.g., ""surprise"" vs ""neutral"").","Generalisation failure (High accuracy on controlled datasets may not translate to unconstrained environments; some expressions like ""fear"", ""sadness"", and ""disgust"" have high confusion rates).","XAI not validated (Heatmaps are only visually interpreted, not quantitatively evaluated).
","Latency too high / Not tested in real classroom (Inference speed/FPS not reported; System is a proposed design, not a deployed and tested real-world application).
","State-of-the-art CNN architectures for FER (VGG, ResNet, DenseNet, EfficientNet) often have considerable complexity and high computational costs, making them unsuitable for practical, resource-constrained real-world applications like web-based online learning monitoring systems.
","Improve the model by using hybrid integration between state-of-the-art architectures to achieve higher quality of feature extraction; Run experiments on more complex datasets for evaluation.
",Yes,"The paper explicitly states its aim to ""propose a lightweight CNN model based on a modern architecture of dense-connectivity with moderate complexity but still ensures quality and efficiency for facial expression recognition"" and ""designed to be integrated into learning management systems (LMS) for recording and evaluation of online learning activities.""
",Yes,"The methodology is sound. The authors design a custom lightweight DenseNet variant (LDFER), utilize data augmentation, and employ a rigorous 5-fold cross-validation strategy across four different dataset scenarios (CK+, JAFFE, OuluCASIA, and a mixed CJO dataset) to evaluate performance.
",Partial,"The model architecture (layer types, filter sizes, block repetitions) and training parameters (lr=0.001, batch=128, epochs=150, Adam optimizer, augmentation ranges) are detailed well in tables. However, the source code and trained model weights are not publicly released, making exact replication difficult.
",Yes,"The paper provides a thorough description of the datasets. It lists the number of images, number of subjects, class labels, image format (grayscale/color), and collection context (illumination/pose variations). It also explicitly details the class distribution for the mixed CJO dataset in Table 2.
",Partial,"Accuracy is reported across the 5-fold cross-validation, and a confusion matrix is thoughtfully provided for the CJO dataset. However, because the authors explicitly acknowledge that the CJO dataset suffers from severe class imbalance (e.g., ""surprise"" has 10x more images than ""neutral""), relying solely on accuracy is misleading. Precision, recall, or F1-score should have been reported.",Yes,"The proposed LDFER model is compared against an EfficientNet-B0 baseline run under the exact same experimental setup. It is also compared against seven other recent methods from the literature across the different datasets.
",No,"Gradient-based localization (Grad-CAM) is used to generate heatmaps, and the authors qualitatively observe that the model focuses on the mouth and eyes. However, there is no quantitative evaluation of the explanation quality (e.g., faithfulness metrics, robustness tests, or user studies), rendering the XAI evaluation purely descriptive.
",Partial,"The authors implicitly reveal limitations by discussing the ""many changes/fluctuations"" in training on JAFFE due to few images, and by showing confusion between ""fear,"" ""sadness,"" and ""disgust"" in the matrix. However, they do not explicitly discuss the severe threat to validity of evaluating a ""real-world"" LMS monitoring system almost entirely on lab-controlled, posed datasets, nor do they address the lack of latency metrics for their claimed lightweight/real-time system."
212,Long 2022,A Facial Expression Recognition Model using Lightweight Dense-Connectivity Neural Networks for Monitoring Online Learning Activities,Consensus,"Long, D. T., Tung, T. T., & Dung, T. T. (2022). A Facial Expression Recognition Model using Lightweight Dense-Connectivity Neural Networks for Monitoring Online Learning Activities. International Journal of Modern Education and Computer Science, 14(6), 53–64. https://doi.org/10.5815/ijmecs.2022.06.05
",2022,A Facial Expression Recognition Model using Lightweight Dense-Connectivity Neural Networks for Monitoring Online Learning Activities,International Journal of Modern Education and Computer Science (IJMECS),"Proof-of-concept
","To propose a lightweight CNN model based on dense-connectivity architecture (LDFER) for facial expression recognition that balances moderate complexity with high efficiency, and to design its integration into an LMS for monitoring online learning activities.
","RQ1 (Methodology), RQ3 (Performance Metrics)",Vietnam (Hanoi Open University),Higher Ed (Implied university context),Custom integration with a Learning Management System (LMS) via APIs,"Not applicable (Dataset-driven study using public datasets)
","CK+ (981 images), JAFFE (213 images), OuluCASIA (1,440 images), CJO/Mixed (2,634 images)
","Not specified
","JAFFE (10 women); Others: Not specified
","CK+, JAFFE, OuluCASIA, CJO (Custom mixed dataset)
","Public / Mixed
","Static image (Facial)
","CK+ (7: anger, disgust, fear, happiness, sadness, surprise, contempt); JAFFE (7: 6 basic + neutral); OuluCASIA (6: anger, disgust, fear, happiness, sadness, surprise); CJO (8: all combined).","Not stated
","Lab-controlled (All datasets are posed/controlled; OuluCASIA has varied illumination/pose)
","Not stated (Paper explicitly notes CJO has imbalanced classes, e.g., ""surprise"" has >10x ""neutral"", but no algorithmic mitigation like SMOTE is applied, only data augmentation)","Yes (Noise addition, rotation, shifting, contrast adjustment, scaling. 10x enlargement of training data)",CNN (Dense-connectivity / DenseNet variant),"LDFER (Lightweight Dense-connectivity based for FER) - 4 Dense Blocks with sizes 2, 4, 8, and 16.", N/A (Unimodal)," N/A
",None,No,No (Trained from scratch),Not applicable,Not stated (Implied categorical cross-entropy),Adam, lr = 0.001; Scheduler not stated,128,150 epochs,"Batch norm (within dense blocks), Data augmentation
",Partially (discussed but not rigorously evaluated),Gradient-based localization (Grad-CAM / Heatmaps),"Qualitative visualisation (Heatmaps show focus on mouth and eyes)
",No,"Yes (""automatically capture photos and recognize facial expressions... during whole learning processes"")
",No,Not specified,Client device (Web-client or mobile apps),MTCNN (Used for face detection preprocessing),"Yes (Custom LMS via APIs)
","Yes (History of FERs stored for assessment; notifications sent to learners, teachers, administrators)",Partial (Secure connection via userID and security code between LMS and LDFER; Client-side processing),FER (facial expression),7 basic (Ekman) + Neutral/Contempt variations depending on dataset,"Yes. (Average 5-fold: CK+ = 99.90%; JAFFE = 99.08%; OuluCASIA = 100%; CJO = 99.92%)
",Not reported,Not reported,Yes (For the CJO mixed dataset),Not reported,Not reported,"Yes (EfficientNet B0, and 7 other methods from literature including Dilated ResNet, Attentional CNN, Dynamic MTL)
",Yes,No,No,"No (Trained and tested on the same datasets/folds, including a mixed dataset)","100% accuracy on the OuluCASIA dataset; 99.92% on the mixed CJO dataset.
",No, None reported,None / Not stated,No,None,"Small N (JAFFE contains very few images, causing training fluctuations); Lab-controlled only (CK+, JAFFE, OuluCASIA are posed datasets, lacking real-world e-learning representation); Class imbalance (CJO dataset is heavily imbalanced, e.g., ""surprise"" vs ""neutral"").","Generalisation failure (High accuracy on controlled datasets may not translate to unconstrained environments; some expressions like ""fear"", ""sadness"", and ""disgust"" have high confusion rates).","XAI not validated (Heatmaps are only visually interpreted, not quantitatively evaluated).
","Latency too high / Not tested in real classroom (Inference speed/FPS not reported; System is a proposed design, not a deployed and tested real-world application).
","State-of-the-art CNN architectures for FER (VGG, ResNet, DenseNet, EfficientNet) often have considerable complexity and high computational costs, making them unsuitable for practical, resource-constrained real-world applications like web-based online learning monitoring systems.
","Improve the model by using hybrid integration between state-of-the-art architectures to achieve higher quality of feature extraction; Run experiments on more complex datasets for evaluation.
",Yes,"",Yes,"",Partial,"",Yes,"",Partial,"",Yes,"",No,"",Partial,""
201,Manu 2026,DEVELOPMENT AND EVALUATION OF A REAL-TIME EMOTION DETECTION SYSTEM TO ENHANCE STUDENT INTERACTION,Sarbajit Paul Bappy,"Manu, G. A., Setyosari, P., Ulfa, S., & Praherdhiono, H. (2026). Development and evaluation of a real-time emotion detection system to enhance student interaction. Journal of Educators Online. (Advance online publication) https://doi.org/10.9743/JEO.2026.23.1.9",2026,"Development and Evaluation of a Real-Time Emotion Detection System to Enhance Student Interaction

",Journal of Educators Online,Primary empirical / Case study,"To develop and implement a real-time emotion detection system using CNN to improve engagement in online learning, and to investigate how real-time emotion detection data influences student engagement and instructor teaching strategies.
","RQ1 (DL Methodology), RQ2 (Datasets), RQ3 (Performance), RQ4 (XAI & Limitations)","Indonesia (Citra Bangsa University, State University of Malang)
",Higher Ed (Undergraduate students in an Artificial Intelligence course),Custom web-based platform integrated with Zoom Meeting," Both (30 Students, 2 Instructors)",30 students, Undergraduate (2nd/3rd year),"60% male (18), 40% female (12)
"," AffectNet, FER2013, Custom (school-based facial expression dataset)
","Mixed (Public + Custom)
",Facial video (Webcam stream),"5 emotions (Happy, Sad, Angry, Surprised, Neutral)",Expert labellers / Automated (for public datasets); Human observers (for evaluation comparison),Online lecture capture (Simulated e-learning sessions via Zoom) + In-the-wild (Public datasets),Not stated,"Yes (Rotation, zoom, and contrast adjustment)
","CNN
","FaceAPI.js (TensorFlow.js based CNN)
",N/A (unimodal),N/A,"None (Frame-by-frame analysis via webcam stream)
",No,Yes (Pretrained on AffectNet),"Partial (Fine-tuned using FER2013 and custom dataset)
",Not stated,Not stated (Mentions hyperparameter tuning of optimizer type),"Not stated (Mentions tuning learning rate)
","Not stated (Mentions tuning batch size)
",NR, None,No,N/A,N/A,No,Yes,No,"N/A (Mentions minimizing latency as a goal, but provides no ms/frame or FPS metric)
", Browser (Web-based application running FaceAPI.js via TensorFlow.js),FaceAPI.js (TensorFlow.js),"Yes (Integrated into a custom web platform used alongside Zoom Meeting)
",Yes (Instructors receive real-time emotional data to adjust teaching strategies; students can view their own emotion charts and generate PDF reports),"Yes (On-device processing/Edge computing: ""system was privately architected to run locally on users' devices, so personal data never crossed the wire""; Data anonymization and informed consent implemented)
",FER (facial expression) / Engagement detection,"Custom taxonomy (5 emotions: Happy, Sad, Angry, Surprised, Neutral)","86.4% (Overall); Happy: 93%, Neutral: 90%, Surprised: 88%, Sad: 83%, Angry: 78%","Happy (P:89, R:91, F1:90); Neutral (P:87, R:88, F1:87.5); Sad (P:78, R:75, F1:76); Angry (P:72, R:70, F1:71); Surprised (P:86, R:85, F1:85.5)",NR,No,NR,N/A,"No (Compared against manual annotations from human observers for validation, but not against other DL SOTA models)
",No,No,No,No,"86.4% overall accuracy; 88% of students reported the system increased their engagement and motivation.
",No,"Cultural expression norms (Discussed in lit review: cultural differences shape how emotions are shown, and models may struggle in diverse demographic settings)",None,"Partially (Discussed as a general challenge in the literature review, but not addressed in the study's methodology or evaluation)",None," Limited sample size (N=30); simulated environment may not reflect actual online classroom dynamics/complexity.
","Varying accuracy across emotions (Anger lowest at 78%); performance impacted by lighting conditions, camera specs, and background irritants; lack of standardized instruction guidelines for instructors on how to respond to detected emotions.",None discussed,"Only 2 instructors involved, limiting generalizability of teaching strategy adjustments; students' prior e-learning experience may have biased engagement.","Online learning lacks immediate emotional feedback for instructors to adapt teaching strategies, creating a gap between online and traditional face-to-face interaction.
","Test the system in actual (non-simulated) online classroom environments with larger, more diverse participant groups; conduct long-term studies on teaching practices and engagement; include more instructors across various subjects; develop structured intervention protocols/guidelines for instructors responding to emotional data.",Yes,"The study explicitly aims to develop a real-time emotion detection system to improve engagement in online learning and investigates two clear research questions regarding how instructors use emotion data to enhance teaching techniques and how real-time detection influences student engagement and satisfaction.
",Yes," The methodology aligns well with the objectives. Using a CNN-based webcam system for real-time detection, combined with instructional adjustment based on the feedback and user surveys, is an appropriate and comprehensive approach for evaluating an educational technology tool.",Partial,"The deployment platform URL is provided, and the datasets used for training (AffectNet, FER2013) are public. However, critical training hyperparameters (learning rate, optimizer, batch size, epochs) are only vaguely mentioned as ""tuned"" but not specified, and the model code/weights are not released, making exact reproduction of the model training difficult.
",Partial,"The source datasets (AffectNet, FER2013) and the custom dataset (30 students) are named, and demographic distribution (18M/12F) is provided. However, the size of the custom dataset, class distributions, and data splits are not detailed.",Yes,"The study uses standard classification metrics (Accuracy, Precision, Recall, F1-score) appropriate for FER, and pairs them with robust human-centric evaluations (usability surveys, instructor adjustment tracking), which is highly appropriate for an educational context.",No,The model's performance is not compared against any baseline or state-of-the-art FER algorithms. It is only validated against human observer annotations.,No,"No XAI methods were implemented or evaluated. The system outputs an emotion label without explaining which facial features drove the classification, acting as a black box.",Yes,"The authors explicitly acknowledge multiple limitations: the simulated environment may not reflect reality, the small sample size (30 students, 2 instructors), varying accuracy for emotions like anger, lack of standardized intervention guidelines for instructors, and the influence of lighting/camera quality on performance.


"
201,Manu 2026,DEVELOPMENT AND EVALUATION OF A REAL-TIME EMOTION DETECTION SYSTEM TO ENHANCE STUDENT INTERACTION,Consensus,"Manu, G. A., Setyosari, P., Ulfa, S., & Praherdhiono, H. (2026). Development and evaluation of a real-time emotion detection system to enhance student interaction. Journal of Educators Online. (Advance online publication) https://doi.org/10.9743/JEO.2026.23.1.9",2026,"Development and Evaluation of a Real-Time Emotion Detection System to Enhance Student Interaction

",Journal of Educators Online,Primary empirical / Case study,"To develop and implement a real-time emotion detection system using CNN to improve engagement in online learning, and to investigate how real-time emotion detection data influences student engagement and instructor teaching strategies.
","RQ1 (DL Methodology), RQ2 (Datasets), RQ3 (Performance), RQ4 (XAI & Limitations)","Indonesia (Citra Bangsa University, State University of Malang)
",Higher Ed (Undergraduate students in an Artificial Intelligence course),Custom web-based platform integrated with Zoom Meeting," Both (30 Students, 2 Instructors)",30 students, Undergraduate (2nd/3rd year),"60% male (18), 40% female (12)
"," AffectNet, FER2013, Custom (school-based facial expression dataset)
","Mixed (Public + Custom)
",Facial video (Webcam stream),"5 emotions (Happy, Sad, Angry, Surprised, Neutral)",Expert labellers / Automated (for public datasets); Human observers (for evaluation comparison),Online lecture capture (Simulated e-learning sessions via Zoom) + In-the-wild (Public datasets),Not stated,"Yes (Rotation, zoom, and contrast adjustment)
","CNN
","FaceAPI.js (TensorFlow.js based CNN)
",N/A (unimodal),N/A,"None (Frame-by-frame analysis via webcam stream)
",No,Yes (Pretrained on AffectNet),"Partial (Fine-tuned using FER2013 and custom dataset)
",Not stated,Not stated (Mentions hyperparameter tuning of optimizer type),"Not stated (Mentions tuning learning rate)
","Not stated (Mentions tuning batch size)
",NR, None,No,N/A,N/A,No,Yes,No,"N/A (Mentions minimizing latency as a goal, but provides no ms/frame or FPS metric)
", Browser (Web-based application running FaceAPI.js via TensorFlow.js),FaceAPI.js (TensorFlow.js),"Yes (Integrated into a custom web platform used alongside Zoom Meeting)
",Yes (Instructors receive real-time emotional data to adjust teaching strategies; students can view their own emotion charts and generate PDF reports),"Yes (On-device processing/Edge computing: ""system was privately architected to run locally on users' devices, so personal data never crossed the wire""; Data anonymization and informed consent implemented)
",FER (facial expression) / Engagement detection,"Custom taxonomy (5 emotions: Happy, Sad, Angry, Surprised, Neutral)","86.4% (Overall); Happy: 93%, Neutral: 90%, Surprised: 88%, Sad: 83%, Angry: 78%","Happy (P:89, R:91, F1:90); Neutral (P:87, R:88, F1:87.5); Sad (P:78, R:75, F1:76); Angry (P:72, R:70, F1:71); Surprised (P:86, R:85, F1:85.5)",NR,No,NR,N/A,"No (Compared against manual annotations from human observers for validation, but not against other DL SOTA models)
",No,No,No,No,"86.4% overall accuracy; 88% of students reported the system increased their engagement and motivation.
",No,"Cultural expression norms (Discussed in lit review: cultural differences shape how emotions are shown, and models may struggle in diverse demographic settings)",None,"Partially (Discussed as a general challenge in the literature review, but not addressed in the study's methodology or evaluation)",None," Limited sample size (N=30); simulated environment may not reflect actual online classroom dynamics/complexity.
","Varying accuracy across emotions (Anger lowest at 78%); performance impacted by lighting conditions, camera specs, and background irritants; lack of standardized instruction guidelines for instructors on how to respond to detected emotions.",None discussed,"Only 2 instructors involved, limiting generalizability of teaching strategy adjustments; students' prior e-learning experience may have biased engagement.","Online learning lacks immediate emotional feedback for instructors to adapt teaching strategies, creating a gap between online and traditional face-to-face interaction.
","Test the system in actual (non-simulated) online classroom environments with larger, more diverse participant groups; conduct long-term studies on teaching practices and engagement; include more instructors across various subjects; develop structured intervention protocols/guidelines for instructors responding to emotional data.",Yes,"",Yes,"",Partial,"",Partial,"",Yes,"",No,"",No,"",Yes,""
185,IEEEComputerSociety 2021,Lightweight and Interpretable Detection of Affective Engagement for Online Learners,Sarbajit Paul Bappy,"Boulanger, D., Dewan, M. A. A., Kumar, V. S., & Lin, F. (2021). Lightweight and Interpretable Detection of Affective Engagement for Online Learners. In 2021 IEEE International Conference on Dependable, Autonomic and Secure Computing, International Conference on Pervasive Intelligence and Computing, International Conference on Cloud and Big Data Computing, and International Conference on Cyber Science and Technology Congress (DASC/PiCom/CBDCom/CyberSciTech) (pp. 176–184). IEEE. https://doi.org/10.1109/DASC-PICOM-CBDCOM-CYBERSCITECH52372.2021.00040",2021,Lightweight and Interpretable Detection of Affective Engagement for Online Learners.,"2021 IEEE International Conference on Dependable, Autonomic and Secure Computing, International Conference on Pervasive Intelligence and Computing, International Conference on Cloud and Big Data Computing, and International Conference on Cyber Science and Technology Congress",Experimental deep learning study evaluating lightweight CNN architectures and explainable AI for academic emotion detection from facial expressions.,"To investigate the feasibility of deploying lightweight, interpretable affective engagement detection models on edge devices and examine the impact of lightweight architectures (particularly SqueezeNet) on predictive accuracy, interpretability, trustworthiness, and generalizability.v","RQ1: Deep learning-based affective engagement detection in online learning.
RQ2: Academic emotion dataset characteristics and usage.
RQ3: Model performance evaluation and comparison.
RQ4: Explainability and interpretability using XAI.
RQ5: Future directions for engagement detection systems.","Not explicitly stated for the dataset collection in this paper. Authors are affiliated with Athabasca University, Canada",Online learners (specific educational level not reported).,Online learning environment using video lessons designed to elicit academic emotions while students were recorded through webcams,Students.,82 students.,17–26 years.,"Male: 29
Female: 53",OL-SFED (Online Learning Spontaneous Facial Expression Database).,Public academic emotion facial-expression dataset.,"Facial expression images
Webcam video recordings","Confusion
Distraction
Enjoyment
Neutrality
Fatigue","Students identified emotional episodes after completing lessons. Four external raters independently classified the same episodes. Majority voting was used.

Fleiss’ κ = 0.867
Cohen’s κ = 0.943 between students and raters.","Students watched online learning videos while being recorded at:

30 fps
Resolution: 720 × 1280
Various illumination and occlusion conditions.",Dataset reported as relatively balanced after face detection.,Not reported,"Two architectures were investigated:

Traditional CNN
SqueezeNet CNN","Best-performing models:

CNN3
SqueezeNet1",N/A,"Single modality:

Facial expression images.",None.,No,No.,Not reported.,Not reported.,Bayesian Optimization used for hyperparameter tuning,0.0001,Not reported.,50 epochs.,"Dropout.

Best models:

CNN3: 0.5
SqueezeNet1: 0.5",Yes.,"SHAP (SHapley Additive exPlanations).

Specifically:

Expected Gradients implementation of SHAP.","Comparison of:

Predictive accuracy
Descriptive accuracy

Feature visualization through SHAP heatmaps.","Yes.

Authors questioned whether:

SqueezeNet learned meaningful facial features.
SHAP is appropriate for SqueezeNet architectures.","Yes.

Study focuses on deployment on:

Smartphones
Tablets
Laptops
Edge devices.v",No.,No,Edge-device-based affective engagement detection,"Viola–Jones face detector
CNN
SqueezeNet
SHAP explainability framework.",No.,No.,"Strong emphasis on:

Privacy-preserving deployment
Student-controlled AI companion
Local processing on edge devices
Avoiding storage of personal images outside learner control.",Academic emotion classification / affective engagement detection.,"Confusion
Distraction
Enjoyment
Neutrality
Fatigue","CNN3
99.37% testing accuracy
99.8% after threshold tuning.
SqueezeNet1
93.68% testing accuracy
97.0% after threshold tuning.",Average,"CNN3
AUC = 99.99%
SqueezeNet1
AUC = 99.38%",Yes,Not reported.,Not reported.,Traditional CNN vs SqueezeNet.,No.,No.,Not reported.,No.,"CNN3
Accuracy: 99.37%
SqueezeNet1
Accuracy: 93.68%",No,"Potential personalization bias discussed because the same individuals appeared in train, validation, and test sets.",None implemented.,No,No,"Same participants present across train, validation, and test sets.
Generalizability may be inflated.
Face detection failed on 3,820 images.
Dataset limited to facial expressions.","SqueezeNet explanations lacked interpretability.
Models trained on ideal face crops.
No evaluation on unseen individuals.","SHAP may not adequately explain SqueezeNet.
Human agreement with explanations not quantitatively measured.","Real-world deployment not validated.
Occlusion and face-detection issues remain.
Temporal emotional dynamics ignored","Need for:

Lightweight yet trustworthy emotion detectors.
Better explainability assessment.
Personalized edge-device learning systems.
Models that generalize beyond known users.","Person-centric emotion models.
Smaller personalized datasets.
Temporal emotion modeling.
Recurrent neural networks.
LSTM-based emotion analysis.
Hidden Markov Models.
Optical-flow approaches.
MobileNet evaluation.
ShuffleNet evaluation.
Xception evaluation.
Comparison of XAI methods:
SHAP variants
LIME
xRAI
Human evaluation of explanation",Yes,The study clearly aims to investigate lightweight and interpretable affective engagement detection models suitable for deployment on edge devices and evaluate the impact of model compression on interpretability.,Yes,"The study uses a public academic emotion dataset, CNN and SqueezeNet architectures, hyperparameter optimization, ROC analysis, confusion matrices, and SHAP explainability evaluation.",Partial,"Dataset source, preprocessing, hyperparameter spaces, architecture configurations, and training procedures are described. Source code is not provided.",Yes,"Dataset characteristics, participants, collection procedures, class distributions, annotation process, agreement statistics, and preprocessing are extensively reported.",Yes,"Accuracy, precision, recall, F1-score, ROC-AUC, confusion matrices, descriptive accuracy, and threshold optimization were used.",Partial,"CNN and SqueezeNet are compared, but no comparison with external state-of-the-art studies is reported.",Yes,SHAP explanations were quantitatively evaluated using descriptive accuracy and qualitatively assessed through facial-feature visualizations.,Yes,"Authors explicitly discuss participant overlap across splits, face-detection failures, generalizability concerns, interpretability limitations, and deployment challenges."
185,IEEEComputerSociety 2021,Lightweight and Interpretable Detection of Affective Engagement for Online Learners,Consensus,"Boulanger, D., Dewan, M. A. A., Kumar, V. S., & Lin, F. (2021). Lightweight and Interpretable Detection of Affective Engagement for Online Learners. In 2021 IEEE International Conference on Dependable, Autonomic and Secure Computing, International Conference on Pervasive Intelligence and Computing, International Conference on Cloud and Big Data Computing, and International Conference on Cyber Science and Technology Congress (DASC/PiCom/CBDCom/CyberSciTech) (pp. 176–184). IEEE. https://doi.org/10.1109/DASC-PICOM-CBDCOM-CYBERSCITECH52372.2021.00040",2021,Lightweight and Interpretable Detection of Affective Engagement for Online Learners.,"2021 IEEE International Conference on Dependable, Autonomic and Secure Computing, International Conference on Pervasive Intelligence and Computing, International Conference on Cloud and Big Data Computing, and International Conference on Cyber Science and Technology Congress",Experimental deep learning study evaluating lightweight CNN architectures and explainable AI for academic emotion detection from facial expressions.,"To investigate the feasibility of deploying lightweight, interpretable affective engagement detection models on edge devices and examine the impact of lightweight architectures (particularly SqueezeNet) on predictive accuracy, interpretability, trustworthiness, and generalizability.v","RQ1: Deep learning-based affective engagement detection in online learning.
RQ2: Academic emotion dataset characteristics and usage.
RQ3: Model performance evaluation and comparison.
RQ4: Explainability and interpretability using XAI.
RQ5: Future directions for engagement detection systems.","Not explicitly stated for the dataset collection in this paper. Authors are affiliated with Athabasca University, Canada",Online learners (specific educational level not reported).,Online learning environment using video lessons designed to elicit academic emotions while students were recorded through webcams,Students.,82 students.,17–26 years.,"Male: 29
Female: 53",OL-SFED (Online Learning Spontaneous Facial Expression Database).,Public academic emotion facial-expression dataset.,"Facial expression images
Webcam video recordings","Confusion
Distraction
Enjoyment
Neutrality
Fatigue","Students identified emotional episodes after completing lessons. Four external raters independently classified the same episodes. Majority voting was used.

Fleiss’ κ = 0.867
Cohen’s κ = 0.943 between students and raters.","Students watched online learning videos while being recorded at:

30 fps
Resolution: 720 × 1280
Various illumination and occlusion conditions.",Dataset reported as relatively balanced after face detection.,Not reported,"Two architectures were investigated:

Traditional CNN
SqueezeNet CNN","Best-performing models:

CNN3
SqueezeNet1",N/A,"Single modality:

Facial expression images.",None.,No,No.,Not reported.,Not reported.,Bayesian Optimization used for hyperparameter tuning,0.0001,Not reported.,50 epochs.,"Dropout.

Best models:

CNN3: 0.5
SqueezeNet1: 0.5",Yes.,"SHAP (SHapley Additive exPlanations).

Specifically:

Expected Gradients implementation of SHAP.","Comparison of:

Predictive accuracy
Descriptive accuracy

Feature visualization through SHAP heatmaps.","Yes.

Authors questioned whether:

SqueezeNet learned meaningful facial features.
SHAP is appropriate for SqueezeNet architectures.","Yes.

Study focuses on deployment on:

Smartphones
Tablets
Laptops
Edge devices.v",No.,No,Edge-device-based affective engagement detection,"Viola–Jones face detector
CNN
SqueezeNet
SHAP explainability framework.",No.,No.,"Strong emphasis on:

Privacy-preserving deployment
Student-controlled AI companion
Local processing on edge devices
Avoiding storage of personal images outside learner control.",Academic emotion classification / affective engagement detection.,"Confusion
Distraction
Enjoyment
Neutrality
Fatigue","CNN3
99.37% testing accuracy
99.8% after threshold tuning.
SqueezeNet1
93.68% testing accuracy
97.0% after threshold tuning.",Average,"CNN3
AUC = 99.99%
SqueezeNet1
AUC = 99.38%",Yes,Not reported.,Not reported.,Traditional CNN vs SqueezeNet.,No.,No.,Not reported.,No.,"CNN3
Accuracy: 99.37%
SqueezeNet1
Accuracy: 93.68%",No,"Potential personalization bias discussed because the same individuals appeared in train, validation, and test sets.",None implemented.,No,No,"Same participants present across train, validation, and test sets.
Generalizability may be inflated.
Face detection failed on 3,820 images.
Dataset limited to facial expressions.","SqueezeNet explanations lacked interpretability.
Models trained on ideal face crops.
No evaluation on unseen individuals.","SHAP may not adequately explain SqueezeNet.
Human agreement with explanations not quantitatively measured.","Real-world deployment not validated.
Occlusion and face-detection issues remain.
Temporal emotional dynamics ignored","Need for:

Lightweight yet trustworthy emotion detectors.
Better explainability assessment.
Personalized edge-device learning systems.
Models that generalize beyond known users.","Person-centric emotion models.
Smaller personalized datasets.
Temporal emotion modeling.
Recurrent neural networks.
LSTM-based emotion analysis.
Hidden Markov Models.
Optical-flow approaches.
MobileNet evaluation.
ShuffleNet evaluation.
Xception evaluation.
Comparison of XAI methods:
SHAP variants
LIME
xRAI
Human evaluation of explanation",Yes,"",Yes,"",Partial,"",Yes,"",Yes,"",Partial,"",Yes,"",Yes,""
162,Long 2021,A Facial Expressions Recognition Method Using Residual Network Architecture for Online Learning Evaluation,Sarbajit Paul Bappy,"Long, D. T. (2021). A Facial Expressions Recognition Method Using Residual Network Architecture for Online Learning Evaluation. Journal of Advanced Computational Intelligence and Intelligent Informatics, 25(6), 953–962. https://doi.org/10.20965/jaciii.2021.p0953",2021,A Facial Expressions Recognition Method Using Residual Network Architecture for Online Learning Evaluation,"Journal of Advanced Computational Intelligence and Intelligent Informatics (JACIII)
","Proof-of-concept
","To propose a CNN-based model using a residual network architecture (FERES) for facial expression recognition, utilize image augmentation to improve results, and design an integrated system for LMS to evaluate online learning processes.","RQ1 (Methodology), RQ3 (Performance Metrics)",Vietnam (Hanoi Open University),Higher Ed (University students),"Custom integration with a Learning Management System (LMS)
",Students (for FERS21 dataset) / Actors (Public datasets),"CK+ (927 images), Oulu-CASIA (1,440 images), JAFFE (213 images), FERS21 (599 images from 20 learners)",Not specified,"JAFFE (10 females); FERS21 (Males and females, exact % NR); Others: Not specified","CK+, Oulu-CASIA, JAFFE, FERS21 (Custom)","Mixed (Public + Custom)
",Static image (Facial),"CK+, Oulu-CASIA, JAFFE (6 basic emotions + Neutral/Contempt variants); FERS21 (2 labels: Happiness, NO-Happy)",Not stated,"Lab-controlled (CK+, JAFFE, Oulu-CASIA) / In-the-wild (FERS21 - ""collected from learners under fairly free conditions"")","Not stated (Paper notes FERS21 is imbalanced: 499 NO-Happy vs 100 Happiness, but no algorithmic mitigation like SMOTE is applied)
","Yes (Gaussian noise, rotation, zoom, shift, horizontal flip. 11x enlargement for small datasets)
","CNN (Residual Network / ResNet variant)
",FERES (Custom ResNet model with 16 Residual Units divided into 4 blocks; 49 convolutional layers total),"N/A (Unimodal)
","N/A
",None,No,No (Trained from scratch),"Not applicable
",Softmax loss (Categorical cross-entropy implied),Adam,lr = 0.001; Scheduler not stated,64,200 epochs,"Batch normalization, Data augmentation
",Partially (visualized but not rigorously evaluated),Grad-CAM (Gradient-based localization / Heatmaps),Qualitative visualisation (Observation that heatmaps focus on mouth and eye areas),No,"Yes (""captures face pictures... for every certain period of time... repeated at a predefined time period (I) until the learner stops"")
",No,Not specified,"Not specified (Server-side receiving images from LMS)
",MTCNN (Used for face detection preprocessing),"Yes (Custom LMS via API connections)
","Yes (Recognized results sent to LMS for recording and tracking learning activities; institutions use evaluation to improve teaching)
",None / Not stated,FER (facial expression)," 7 basic (Ekman) + Neutral variations for public datasets; 2 custom (Happiness, NO-Happy) for FERS21","Yes. (Average 10-fold: CK+ = 99.68%; Oulu-CASIA = 98.47%; JAFFE = 96.20%; FERS21 = 95.33%)
","Not reported
","Not reported
"," Yes (For CK+, Oulu-CASIA, and JAFFE)","Not reported
","Not reported
","Yes (Compared against 7 other methods: Multi-task CNN, Attentional CNN, Dynamic Multi-task CNN, 2-channel CNN, etc.)",Yes,No,No,No,"99.68% accuracy on the CK+ dataset; 95.33% on the real-world FERS21 dataset.
",No,None reported,None / Not stated,No,None,"Small N (JAFFE has very few images causing unstable validation; CK+ images are homogeneous); Lab-controlled only (CK+, Oulu-CASIA lack real-world pose/illumination variety); Class imbalance (FERS21 is heavily imbalanced towards NO-Happy).","High computational cost (23.5 million parameters, described as ""moderate size"" but significantly larger than his later 2022/2023 works); Generalisation failure (FERS21 accuracy is notably lower than controlled datasets due to free conditions/varied poses).
",XAI not validated (Grad-CAM is only visually interpreted).,"Latency too high / Not tested in real classroom (Inference speed/FPS not reported; System is a proposed design, not a live deployment test).
","Existing FER models struggle with the diversity of people showing the same facial expressions, and state-of-the-art architectures often have massive computational complexity (hundreds of millions of parameters) that hinders practical integration into resource-constrained LMS systems.
","Improve accuracy and efficiency by applying state-of-the-art loss functions (beyond softmax) and advanced CONV blocks like ""squeeze-and-excitation"" (SE); Design an automatic image data collection system to build larger datasets for real-world application; Build a full monitoring/assistant application for online learning students.
",Yes,"The paper explicitly states its aim to ""propose a CNN-based model using a residual network architecture for FER problems... augment images to create a diversity of training data... [and] propose an integrated system for learning management systems to identify students and evaluate online learning processes.""
",Yes,"The methodology is sound. The author designs a custom ResNet-based architecture (FERES), utilizes appropriate data augmentation strategies, and evaluates the model using a standard 10-fold cross-validation scenario across four different datasets (three public, one custom).
",Partial,"The model architecture (block sizes, RU structure) and training parameters (lr=0.001, batch=64, epochs=200, Adam optimizer, augmentation ranges) are detailed. However, the code, model weights, and the custom FERS21 dataset are not publicly released, making exact replication impossible.
",Yes,"The paper provides a thorough description of the datasets. It lists the number of images, subjects, class labels, image format, and collection context. It explicitly details the class distribution for all datasets in Table 1, acknowledging the severe imbalance in FERS21.
",Partial,"Accuracy is reported across the 10-fold cross-validation, and confusion matrices are thoughtfully provided and analyzed for the public datasets. However, because the author explicitly acknowledges that the FERS21 dataset has a highly imbalanced distribution (499 vs 100), relying solely on accuracy is misleading; precision, recall, or F1-score should have been reported for FERS21.
",Yes,"The proposed FERES model is compared against seven other recent CNN-based methods from the literature across the CK+, Oulu-CASIA, and JAFFE datasets, demonstrating superior performance in most cases.",No,"Grad-CAM is used to generate heatmaps, and the author qualitatively observes that the model focuses on the mouth and eyes. However, there is no quantitative evaluation of the explanation quality (e.g., faithfulness metrics, robustness tests, or user studies), making the XAI evaluation purely descriptive.",Partial,"The author acknowledges computational limitations (""owing to computing limitations, we only apply a small training time""), the small size of JAFFE causing unstable validation, and the lower accuracy on FERS21 due to free conditions. However, they do not explicitly discuss the limitations of evaluating a ""real-world"" LMS monitoring system almost entirely on lab-controlled, posed datasets (CK+, JAFFE, OuluCASIA), nor the risk of bias in the imbalanced FERS21 dataset.


"
162,Long 2021,A Facial Expressions Recognition Method Using Residual Network Architecture for Online Learning Evaluation,Consensus,"Long, D. T. (2021). A Facial Expressions Recognition Method Using Residual Network Architecture for Online Learning Evaluation. Journal of Advanced Computational Intelligence and Intelligent Informatics, 25(6), 953–962. https://doi.org/10.20965/jaciii.2021.p0953",2021,A Facial Expressions Recognition Method Using Residual Network Architecture for Online Learning Evaluation,"Journal of Advanced Computational Intelligence and Intelligent Informatics (JACIII)
","Proof-of-concept
","To propose a CNN-based model using a residual network architecture (FERES) for facial expression recognition, utilize image augmentation to improve results, and design an integrated system for LMS to evaluate online learning processes.","RQ1 (Methodology), RQ3 (Performance Metrics)",Vietnam (Hanoi Open University),Higher Ed (University students),"Custom integration with a Learning Management System (LMS)
",Students (for FERS21 dataset) / Actors (Public datasets),"CK+ (927 images), Oulu-CASIA (1,440 images), JAFFE (213 images), FERS21 (599 images from 20 learners)",Not specified,"JAFFE (10 females); FERS21 (Males and females, exact % NR); Others: Not specified","CK+, Oulu-CASIA, JAFFE, FERS21 (Custom)","Mixed (Public + Custom)
",Static image (Facial),"CK+, Oulu-CASIA, JAFFE (6 basic emotions + Neutral/Contempt variants); FERS21 (2 labels: Happiness, NO-Happy)",Not stated,"Lab-controlled (CK+, JAFFE, Oulu-CASIA) / In-the-wild (FERS21 - ""collected from learners under fairly free conditions"")","Not stated (Paper notes FERS21 is imbalanced: 499 NO-Happy vs 100 Happiness, but no algorithmic mitigation like SMOTE is applied)
","Yes (Gaussian noise, rotation, zoom, shift, horizontal flip. 11x enlargement for small datasets)
","CNN (Residual Network / ResNet variant)
",FERES (Custom ResNet model with 16 Residual Units divided into 4 blocks; 49 convolutional layers total),"N/A (Unimodal)
","N/A
",None,No,No (Trained from scratch),"Not applicable
",Softmax loss (Categorical cross-entropy implied),Adam,lr = 0.001; Scheduler not stated,64,200 epochs,"Batch normalization, Data augmentation
",Partially (visualized but not rigorously evaluated),Grad-CAM (Gradient-based localization / Heatmaps),Qualitative visualisation (Observation that heatmaps focus on mouth and eye areas),No,"Yes (""captures face pictures... for every certain period of time... repeated at a predefined time period (I) until the learner stops"")
",No,Not specified,"Not specified (Server-side receiving images from LMS)
",MTCNN (Used for face detection preprocessing),"Yes (Custom LMS via API connections)
","Yes (Recognized results sent to LMS for recording and tracking learning activities; institutions use evaluation to improve teaching)
",None / Not stated,FER (facial expression)," 7 basic (Ekman) + Neutral variations for public datasets; 2 custom (Happiness, NO-Happy) for FERS21","Yes. (Average 10-fold: CK+ = 99.68%; Oulu-CASIA = 98.47%; JAFFE = 96.20%; FERS21 = 95.33%)
","Not reported
","Not reported
"," Yes (For CK+, Oulu-CASIA, and JAFFE)","Not reported
","Not reported
","Yes (Compared against 7 other methods: Multi-task CNN, Attentional CNN, Dynamic Multi-task CNN, 2-channel CNN, etc.)",Yes,No,No,No,"99.68% accuracy on the CK+ dataset; 95.33% on the real-world FERS21 dataset.
",No,None reported,None / Not stated,No,None,"Small N (JAFFE has very few images causing unstable validation; CK+ images are homogeneous); Lab-controlled only (CK+, Oulu-CASIA lack real-world pose/illumination variety); Class imbalance (FERS21 is heavily imbalanced towards NO-Happy).","High computational cost (23.5 million parameters, described as ""moderate size"" but significantly larger than his later 2022/2023 works); Generalisation failure (FERS21 accuracy is notably lower than controlled datasets due to free conditions/varied poses).
",XAI not validated (Grad-CAM is only visually interpreted).,"Latency too high / Not tested in real classroom (Inference speed/FPS not reported; System is a proposed design, not a live deployment test).
","Existing FER models struggle with the diversity of people showing the same facial expressions, and state-of-the-art architectures often have massive computational complexity (hundreds of millions of parameters) that hinders practical integration into resource-constrained LMS systems.
","Improve accuracy and efficiency by applying state-of-the-art loss functions (beyond softmax) and advanced CONV blocks like ""squeeze-and-excitation"" (SE); Design an automatic image data collection system to build larger datasets for real-world application; Build a full monitoring/assistant application for online learning students.
",Yes,"",Yes,"",Partial,"",Yes,"",Partial,"",Yes,"",No,"",Partial,""
157,Wang 2024,YOLOv5 Based Student Engagement and Emotional States Detection in E-Classes,Sarbajit Paul Bappy,"Shuai Wang, Abdul Samad Shibghatullah, Kay Hooi Keoy, Javid Iqbal, YOLOv5 Based Student Engagement and Emotional States Detection in E-Classes, Journal of Robotics, Networking and Artificial Life, 2023-2024, Volume 10, Issue 4, Pages 357-361, Released on J-STAGE September 11, 2024, Online ISSN 2352-6386, Print ISSN 2405-9021, https://doi.org/10.57417/jrnal.10.4_357, https://www.jstage.jst.go.jp/article/jrnal/10/4/10_12/_article/-char/en",2024,YOLOv5 based student engagement and emotional states detection in e-classes,"Journal of Robotics, Networking and Artificial Life

",Primary empirical / Proof-of-concept,"To develop a novel approach (SER-YOLO) for early detection of cyberbullying by analyzing student engagement and emotional states in real-time within e-learning environments, using an enhanced YOLOv5 model.","RQ1 (Methodology), RQ3 (Performance), RQ4 (Limitations)",Malaysia / China (Authors affiliated with UCSI University Malaysia and Yuncheng University China; Survey conducted in higher vocational colleges/universities).,Higher Ed (Higher vocational colleges and universities),Virtual classroom / E-class (Online learning environment),"Students
","520 survey respondents (287 male, 233 female); 668 images in custom dataset; 11,000 images in refined FER2013 dataset.",Not specified (Higher education students),"Survey: 55.2% Male, 44.8% Female. (Dataset gender distribution not reported).","FER2013, Custom (Self-constructed student facial expression dataset)","Mixed (Public + Custom)

",Static image (Frames extracted from classroom videos + public dataset images),"7 basic emotions (Anger, Surprise, Disgust, Happiness, Fear, Sadness, Neutral) mapped to engagement states (Mastery, Confusion, Non-mastery).",Custom (Extracted frames from recorded sessions and labeled; FER2013 cleansed/filtered by authors),Lab-controlled / Online lecture capture (Classroom videos surveilled),Yes (Method: Focal Loss incorporated to mitigate class imbalance),"Not stated (Standard YOLO augmentations like mosaic may be used by default, but not explicitly detailed in the text)", CNN / YOLO (One-stage object detector adapted for classification/detection),SER-YOLO (Based on YOLOv5s-6.0) ,N/A (Unimodal - Visual),"N/A
",None (Static frame analysis),Yes (Coordinate Attention [CA] module integrated into the backbone to strengthen channel characteristics and capture precise spatial data), Yes (Pre-trained weights yolov5s.pt utilized),"Full fine-tuning (Implied by training the enhanced network on the new datasets)
",Custom (EIOU Loss for bounding box regression + Focal Loss for classification/sample imbalance),Adam,lr0 = 0.01; lrf = 0.1 (Final learning rate factor),16,300 epochs,Weight decay (0.0005),No,N/A,N/A,No,Yes (Explicitly stated goal for real-time detection; YOLOv5 noted for reaching up to 140 FPS),"No (While the text mentions YOLOv5 can reach 140 FPS, no specific inference speed/FPS is reported for the proposed SER-YOLO model on their hardware).

",N/A,"Edge device / Standard PC (Tested on Windows 10, Intel i5-11400H, NVIDIA RTX 3050)","YOLOv5s-6.0

",No,"Proposed only (Implied that it assists teachers in understanding learning experiences, but no system implemented).",None,FER (facial expression) / Engagement detection,"7 basic (Ekman) + 3 engagement states (Mastery, Confusion, Non-mastery)","No
",Yes (Precision [P] reported. Self-constructed dataset overall: 87.3%; FER2013 overall: 75.6%),No,No,No,No,"Yes (Compared against the baseline YOLOv5 model)
","Partially (Only compared against its own baseline, not other SOTA FER architectures like ResNet, VGG, etc.)
","Partially (The paper describes enhancements—Soft NMS, CA module, EIOU+Focal Loss—but the results table only compares baseline YOLOv5 to the final SER-YOLO, without isolating the contribution of each individual component).",No,Yes (Tested on both a self-constructed dataset and FER2013),"On the self-constructed dataset, SER-YOLO achieved 87.3% Precision and 88.9% mAP@0.5 (an improvement of 3.9% in P and 3.0% in mAP@0.5 over baseline YOLOv5).",No,"None reported

"," Not stated (Though Focal Loss addresses class imbalance, demographic bias is not discussed)",No,None, Limited modalities (only facial expressions currently used).," Not explicitly discussed in detail, though the lower performance on the FER2013 dataset (75.6% P) suggests difficulty with more varied/in-the-wild data compared to the controlled self-constructed dataset.",N/A,"Inference latency was not empirically validated/reported for the modified model, leaving real-time claims unproven in the experimental results.

","Existing real-time detection capabilities for student facial expressions are inadequate, and there is a lack of timeliness in identifying emotional states and cyberbullying incidents in complex e-learning settings.

",Broaden the scope to encompass not only facial expressions but also body postures and gestures to provide a more comprehensive understanding of classroom dynamics and strengthen cyberbullying prevention.,Yes,"The abstract clearly states: ""This study introduces a novel approach for early detection of cyberbullying by analyzing student engagement and emotional states in real time. Our SER-YOLO model fuses an advanced YOLOv5... enriched by sophisticated methodological improvements.""",Yes,"The use of a YOLO variant is appropriate for the stated goal of real-time detection. The specific enhancements (Soft NMS for subtle expressions, CA mechanism for distant/multi-student scenarios, EIOU+Focal Loss for bounding box and class imbalance) logically address known challenges in classroom FER.
",Partial,"The authors provide the exact hyperparameters (resolution 640x640, Adam optimizer, lr0=0.01, lrf=0.1, weight_decay=0.0005, epochs=300, batch_size=16), hardware specs, and software versions (PyTorch 1.8, Python 3.8). However, the self-constructed dataset is proprietary/not linked, and the exact configuration of the CA module integration is only briefly shown in a diagram without code repository provision.
",Partial,"The source of data (FER2013 + self-constructed) is stated, the cleaning process for FER2013 is mentioned, and the total image counts are given (11,000 and 668). However, the demographic makeup of the students in the self-constructed dataset is missing, and the 7-emotion class distribution within the datasets is not reported, making it hard to assess the severity of the class imbalance they tried to fix with Focal Loss.",Partial,"The study uses Precision and mAP@0.5, which are standard for object detection models like YOLO. However, for facial expression recognition classification tasks, metrics like Accuracy, F1-score, or per-class Recall are typically expected and largely missing here (only overall Precision is emphasized).",Partial,"The model is compared against the baseline YOLOv5, demonstrating the value of their enhancements. However, it is not compared against any other State-of-the-Art FER models or classification architectures (e.g., ResNet, VGG, or other attention-based CNNs), limiting the ability to benchmark this approach against the broader field.",No,"No Explainable AI methods were implemented or evaluated in this study.
",Partial,"The conclusion implicitly acknowledges a scope limitation by stating future work will broaden beyond facial expressions to body postures. However, they do not explicitly discuss the methodological limitations of their current model (e.g., the significant performance drop when tested on the FER2013 dataset compared to their custom dataset, or the unverified real-time inference speed of their modified architecture)."
157,Wang 2024,YOLOv5 Based Student Engagement and Emotional States Detection in E-Classes,Consensus,"Shuai Wang, Abdul Samad Shibghatullah, Kay Hooi Keoy, Javid Iqbal, YOLOv5 Based Student Engagement and Emotional States Detection in E-Classes, Journal of Robotics, Networking and Artificial Life, 2023-2024, Volume 10, Issue 4, Pages 357-361, Released on J-STAGE September 11, 2024, Online ISSN 2352-6386, Print ISSN 2405-9021, https://doi.org/10.57417/jrnal.10.4_357, https://www.jstage.jst.go.jp/article/jrnal/10/4/10_12/_article/-char/en",2024,YOLOv5 based student engagement and emotional states detection in e-classes,"Journal of Robotics, Networking and Artificial Life

",Primary empirical / Proof-of-concept,"To develop a novel approach (SER-YOLO) for early detection of cyberbullying by analyzing student engagement and emotional states in real-time within e-learning environments, using an enhanced YOLOv5 model.","RQ1 (Methodology), RQ3 (Performance), RQ4 (Limitations)",Malaysia / China (Authors affiliated with UCSI University Malaysia and Yuncheng University China; Survey conducted in higher vocational colleges/universities).,Higher Ed (Higher vocational colleges and universities),Virtual classroom / E-class (Online learning environment),"Students
","520 survey respondents (287 male, 233 female); 668 images in custom dataset; 11,000 images in refined FER2013 dataset.",Not specified (Higher education students),"Survey: 55.2% Male, 44.8% Female. (Dataset gender distribution not reported).","FER2013, Custom (Self-constructed student facial expression dataset)","Mixed (Public + Custom)

",Static image (Frames extracted from classroom videos + public dataset images),"7 basic emotions (Anger, Surprise, Disgust, Happiness, Fear, Sadness, Neutral) mapped to engagement states (Mastery, Confusion, Non-mastery).",Custom (Extracted frames from recorded sessions and labeled; FER2013 cleansed/filtered by authors),Lab-controlled / Online lecture capture (Classroom videos surveilled),Yes (Method: Focal Loss incorporated to mitigate class imbalance),"Not stated (Standard YOLO augmentations like mosaic may be used by default, but not explicitly detailed in the text)", CNN / YOLO (One-stage object detector adapted for classification/detection),SER-YOLO (Based on YOLOv5s-6.0) ,N/A (Unimodal - Visual),"N/A
",None (Static frame analysis),Yes (Coordinate Attention [CA] module integrated into the backbone to strengthen channel characteristics and capture precise spatial data), Yes (Pre-trained weights yolov5s.pt utilized),"Full fine-tuning (Implied by training the enhanced network on the new datasets)
",Custom (EIOU Loss for bounding box regression + Focal Loss for classification/sample imbalance),Adam,lr0 = 0.01; lrf = 0.1 (Final learning rate factor),16,300 epochs,Weight decay (0.0005),No,N/A,N/A,No,Yes (Explicitly stated goal for real-time detection; YOLOv5 noted for reaching up to 140 FPS),"No (While the text mentions YOLOv5 can reach 140 FPS, no specific inference speed/FPS is reported for the proposed SER-YOLO model on their hardware).

",N/A,"Edge device / Standard PC (Tested on Windows 10, Intel i5-11400H, NVIDIA RTX 3050)","YOLOv5s-6.0

",No,"Proposed only (Implied that it assists teachers in understanding learning experiences, but no system implemented).",None,FER (facial expression) / Engagement detection,"7 basic (Ekman) + 3 engagement states (Mastery, Confusion, Non-mastery)","No
",Yes (Precision [P] reported. Self-constructed dataset overall: 87.3%; FER2013 overall: 75.6%),No,No,No,No,"Yes (Compared against the baseline YOLOv5 model)
","Partially (Only compared against its own baseline, not other SOTA FER architectures like ResNet, VGG, etc.)
","Partially (The paper describes enhancements—Soft NMS, CA module, EIOU+Focal Loss—but the results table only compares baseline YOLOv5 to the final SER-YOLO, without isolating the contribution of each individual component).",No,Yes (Tested on both a self-constructed dataset and FER2013),"On the self-constructed dataset, SER-YOLO achieved 87.3% Precision and 88.9% mAP@0.5 (an improvement of 3.9% in P and 3.0% in mAP@0.5 over baseline YOLOv5).",No,"None reported

"," Not stated (Though Focal Loss addresses class imbalance, demographic bias is not discussed)",No,None, Limited modalities (only facial expressions currently used).," Not explicitly discussed in detail, though the lower performance on the FER2013 dataset (75.6% P) suggests difficulty with more varied/in-the-wild data compared to the controlled self-constructed dataset.",N/A,"Inference latency was not empirically validated/reported for the modified model, leaving real-time claims unproven in the experimental results.

","Existing real-time detection capabilities for student facial expressions are inadequate, and there is a lack of timeliness in identifying emotional states and cyberbullying incidents in complex e-learning settings.

",Broaden the scope to encompass not only facial expressions but also body postures and gestures to provide a more comprehensive understanding of classroom dynamics and strengthen cyberbullying prevention.,Yes,"",Yes,"",Partial,"",Partial,"",Partial,"",Partial,"",No,"",Partial,""
152,Benisha 2023,Human Facial Emotion Recognition using Deep Neural Networks,Sarbajit Paul Bappy,"Benisha, S., & Mirnalinee, T. T. (2023). Human facial emotion recognition using deep neural networks. The International Arab Journal of Information Technology, 20(3), 303-309. https://doi.org/10.34028/iajit/20/3/2",2023,Human Facial Emotion Recognition using Deep Neural Networks,The International Arab Journal of Information Technology, Empirical / Proof-of-concept,"To propose a deep learning model to detect the seven basic emotion classes, overcoming illumination variation, addressing the imbalance problem in CK+ and JAFFE datasets, and comparing the proposed model's accuracy with existing models.","RQ1 (DL Methodology), RQ3 (Performance Metrics)",India (SSN College of Engineering),Not specified (Mentions e-learning as an application domain in the abstract),Not applicable (Algorithmic/model development paper),Not applicable (Uses existing public image datasets),"CK+: 593 sequences from 123 subjects (13,467 images for training, 700 for testing after augmentation). JAFFE: 213 images from 10 subjects.",Not reported,JAFFE is exclusively female (10 Japanese women); CK+ not specified.,"CK+, JAFFE",Public,Static image,"7 basic emotions (Anger, Disgust, Fear, Happiness, Sadness, Neutral, Surprise)",Not stated (Standard benchmark datasets),Lab-controlled (Both datasets are taken from a controlled environment with constant lighting and head pose),Yes (method: Combined CK+ and JAFFE datasets and applied data augmentation),"Yes (Specific techniques not detailed, but applied to increase dataset size and address imbalance)",CNN,"Custom Deep Neural Network (6 convolutional layers, 3 max pooling layers, 2 fully connected layers)",N/A (Unimodal),N/A,None,No,No,N/A (Trained from scratch),Categorical cross entropy,Stochastic Gradient Descent (SGD),"Initial learning rate of 5e-5 (also mentions 4e-2 in results section), decreases every 15 epochs.",512 (also mentions 8 and 64 in results section for parameter tuning),Up to 1000 epochs,"Dropout (rate 0.2), Batch Normalization, Weight decay (1e-5)",No,N/A,N/A,No,"Partially (Authors claim the model ""can be used in real time applications like detection of facial emotion in real time web-cam"", but do not evaluate or test real-time latency).",No,N/A,Nvidia GPU (implementation via PyTorch),"Not specified (Mention of ""face detection algorithm"" in preprocessing but not named)",No,No,None,FER (facial expression recognition),"7 basic emotions (Anger, Disgust, Fear, Happiness, Sadness, Neutral, Surprise)",CK+: 98.49%; JAFFE: 96.91%,"Mentioned as calculated in the text, but exact values are not reported.",Not reported,Yes (Provided for JAFFE and CK+ datasets),Not reported,Not reported,"Compared against Jain et al. (2019), Happy and Routray (2015), Goyani and Patel (2017), Minaee et al. (2019), Sun et al. (2018), Niu et al. (2021).",Yes,"Partially (Tested performance by varying epoch count and batch size, but no architectural ablation)",No,No (Trained and tested on combined/specific splits of CK+ and JAFFE),"98.49% accuracy on CK+ and 96.91% on JAFFE, outperforming the compared state-of-the-art methods.",No,"None reported (JAFFE is limited to Japanese females, which poses a cultural/gender bias limitation not discussed)",None,No,None,"Addressed the class imbalance and small size of JAFFE via augmentation, but did not cite the lack of diversity as a limitation.","None explicitly stated in the results, though the conclusion mentions future work will focus on handling occlusions.",N/A,None explicitly stated.,"Existing facial emotion recognition systems struggle with imbalanced datasets, illumination variations, and the fact that the same person can differ in how they portray an emotion.
",Extend the model for detection of compound emotions and micro emotions; focus on handling occlusions; improve accuracy of predicted emotions; address the strength of the emotion; apply facial emotion recognition in crime branch scenarios.,Yes,"The authors explicitly state their objectives: ""to overcome the illumination variation in images and to detect the emotion when the same person differs in the way they portray the emotion. To solve the imbalance problem of the seven basic emotion classes in the CK+ and JAFFE datasets. To propose a deep learning model for facial emotion recognition and to calculate the efficiency of the proposed model.",Yes,"The methodology aligns well with the objectives. To address illumination variation, they implemented Gaussian normalization. To address class imbalance and data scarcity, they combined two datasets and applied data augmentation. Using a custom CNN is a standard and appropriate deep learning approach for static image FER tasks.",Partial,"The model architecture (6 conv layers, 3 max-pool, 2 FC), dropout rate (0.2), weight decay (1e-5), loss function (categorical cross entropy), and optimizer (SGD) are provided. However, reproducibility is severely hindered by contradictory hyperparameters stated in the text (e.g., learning rate mentioned as both 5e-5 and 4e-2; batch size mentioned as 64, 512, and 8 in different sections), and the data augmentation techniques are not specified.",Partial,"The datasets (CK+ and JAFFE) are identified, and high-level details like the number of subjects and total images are provided. The paper also acknowledges the class imbalance and small size of JAFFE. However, specific demographic breakdowns (age, gender for CK+) are omitted, and the exact train/test split methodology (how the 13,467 train and 700 test images were derived/stratified) is not detailed.",Partial,"The authors mention calculating precision, recall, and F1-score, and they provide confusion matrices, which is positive. However, the actual values for precision, recall, and F1-score are never reported in the text or tables; the study relies exclusively on recognition accuracy for its final comparisons. Relying solely on accuracy, especially after addressing class imbalance, is insufficient as it masks per-class performance issues.",Yes,"The study compares its proposed model against six recent state-of-the-art and baseline methods (Jain et al., Happy and Routray, Goyani and Patel, Minaee et al., Sun et al., Niu et al.) using the same CK+ and JAFFE datasets, demonstrating superior accuracy. However, no statistical significance tests are performed.",Not Reported,"No Explainable AI (XAI) methods were implemented or evaluated. The CNN model acts as a black box, and there is no analysis of which facial features the model is utilizing to classify the emotions.",Partial,"The authors implicitly acknowledge limitations by stating in the conclusion that future work will focus on handling occlusions, compound emotions, and micro-emotions, implying the current model cannot handle these well. However, they do not explicitly discuss the limitations of their evaluation, such as the lack of in-the-wild data testing (as both CK+ and JAFFE are highly controlled lab datasets), the demographic bias of JAFFE, or the contradictory hyperparameter reporting."
152,Benisha 2023,Human Facial Emotion Recognition using Deep Neural Networks,Consensus,"Benisha, S., & Mirnalinee, T. T. (2023). Human facial emotion recognition using deep neural networks. The International Arab Journal of Information Technology, 20(3), 303-309. https://doi.org/10.34028/iajit/20/3/2",2023,Human Facial Emotion Recognition using Deep Neural Networks,The International Arab Journal of Information Technology, Empirical / Proof-of-concept,"To propose a deep learning model to detect the seven basic emotion classes, overcoming illumination variation, addressing the imbalance problem in CK+ and JAFFE datasets, and comparing the proposed model's accuracy with existing models.","RQ1 (DL Methodology), RQ3 (Performance Metrics)",India (SSN College of Engineering),Not specified (Mentions e-learning as an application domain in the abstract),Not applicable (Algorithmic/model development paper),Not applicable (Uses existing public image datasets),"CK+: 593 sequences from 123 subjects (13,467 images for training, 700 for testing after augmentation). JAFFE: 213 images from 10 subjects.",Not reported,JAFFE is exclusively female (10 Japanese women); CK+ not specified.,"CK+, JAFFE",Public,Static image,"7 basic emotions (Anger, Disgust, Fear, Happiness, Sadness, Neutral, Surprise)",Not stated (Standard benchmark datasets),Lab-controlled (Both datasets are taken from a controlled environment with constant lighting and head pose),Yes (method: Combined CK+ and JAFFE datasets and applied data augmentation),"Yes (Specific techniques not detailed, but applied to increase dataset size and address imbalance)",CNN,"Custom Deep Neural Network (6 convolutional layers, 3 max pooling layers, 2 fully connected layers)",N/A (Unimodal),N/A,None,No,No,N/A (Trained from scratch),Categorical cross entropy,Stochastic Gradient Descent (SGD),"Initial learning rate of 5e-5 (also mentions 4e-2 in results section), decreases every 15 epochs.",512 (also mentions 8 and 64 in results section for parameter tuning),Up to 1000 epochs,"Dropout (rate 0.2), Batch Normalization, Weight decay (1e-5)",No,N/A,N/A,No,"Partially (Authors claim the model ""can be used in real time applications like detection of facial emotion in real time web-cam"", but do not evaluate or test real-time latency).",No,N/A,Nvidia GPU (implementation via PyTorch),"Not specified (Mention of ""face detection algorithm"" in preprocessing but not named)",No,No,None,FER (facial expression recognition),"7 basic emotions (Anger, Disgust, Fear, Happiness, Sadness, Neutral, Surprise)",CK+: 98.49%; JAFFE: 96.91%,"Mentioned as calculated in the text, but exact values are not reported.",Not reported,Yes (Provided for JAFFE and CK+ datasets),Not reported,Not reported,"Compared against Jain et al. (2019), Happy and Routray (2015), Goyani and Patel (2017), Minaee et al. (2019), Sun et al. (2018), Niu et al. (2021).",Yes,"Partially (Tested performance by varying epoch count and batch size, but no architectural ablation)",No,No (Trained and tested on combined/specific splits of CK+ and JAFFE),"98.49% accuracy on CK+ and 96.91% on JAFFE, outperforming the compared state-of-the-art methods.",No,"None reported (JAFFE is limited to Japanese females, which poses a cultural/gender bias limitation not discussed)",None,No,None,"Addressed the class imbalance and small size of JAFFE via augmentation, but did not cite the lack of diversity as a limitation.","None explicitly stated in the results, though the conclusion mentions future work will focus on handling occlusions.",N/A,None explicitly stated.,"Existing facial emotion recognition systems struggle with imbalanced datasets, illumination variations, and the fact that the same person can differ in how they portray an emotion.
",Extend the model for detection of compound emotions and micro emotions; focus on handling occlusions; improve accuracy of predicted emotions; address the strength of the emotion; apply facial emotion recognition in crime branch scenarios.,Yes,"",Yes,"",Partial,"",Partial,"",Partial,"",Yes,"",Not Reported,"",Partial,""
149,Zang 2025,Leveraging BiLSTM-CRF and adversarial training for sentiment analysis in nature-based digital interventions: Enhancing mental well-being through MOOC platforms,Sarbajit Paul Bappy,"Zang, J. (2025). Leveraging BiLSTM-CRF and adversarial training for sentiment analysis in nature-based digital interventions: Enhancing mental well-being through MOOC platforms. Digital Health, 11, 1–14. https://doi.org/10.1177/20552076251317345",2025,Leveraging BiLSTM-CRF and adversarial training for sentiment analysis in nature-based digital interventions: Enhancing mental well-being through MOOC platforms,Digital Health,Primary empirical,"To conduct fine-grained sentiment analysis of learners' interactions with nature-based digital interventions on MOOC platforms using a BiLSTM-CRF model with adversarial training (WBAT), aiming to enhance sentiment classification and provide insights for psychological interventions and curriculum design.","RQ1 (Methodology), RQ3 (Performance/Results), RQ4 (Limitations)",China (Author affiliated with Shandong Women’s University),Higher Ed (MOOC learners/Coursera users),MOOC platforms (specifically Coursera),Students (MOOC learners), Not explicitly numbered in terms of participants; based on datasets: SemEval-2014 Task 10 and Coursera student comments (split 7:2:1 ratio).,"Not specified
","NR (Not reported)
","SemEval-2014 Task 10, Coursera Dataset (Custom/Extracted)

",Mixed (Public benchmark + Custom educational dataset),Text,"3 sentiment polarities (Positive, Negative, Neutral) + Aspect term extraction labels (Sequence tags)",Mixed (Advanced sentiment lexicons + Manual annotations),Online lecture capture / MOOC platform reviews and tweets,"Not stated

","Yes (Adversarial sample generation: perturbations added in the embedding layer and semantic feature fusion layer to create adversarial examples combined with original samples)

",RNN / Bi-LSTM / Hybrid (BiLSTM-CRF + Transformer-based WoBert),BiLSTM-CRF-WBAT (WoBert-based Adversarial Training), N/A (Unimodal text),"N/A
",LSTM sequence (BiLSTM captures forward/backward context),Yes (Self-attention within the 12-layer WoBert encoding module),Yes (WoBert pre-trained model used for word embeddings and aspect sentiment classification),"Full fine-tuning (Implied, as the WoBert model is trained/adapted for the downstream aspect sentiment classification task)",Cross-entropy loss + Adversarial training loss (Combined total loss),Adam (Adaptive moment estimation) + RMRprop (Mentioned for network training),0.001 (No scheduler mentioned),8,~300 epochs (Validation stabilizes around Epoch 300),"Dropout (Rate 0.5 after Bi-LSTM; Rate 0.1 in adversarial training phase)
",No,N/A,N/A,No,Not evaluated,No,N/A,Not specified,N/A (Text segmentation via Jieba),Proposed only (Suggests platforms can leverage this for system design and recommendations),Proposed only (Helps teachers identify needs and refine teaching content),None,"Sentiment classification / Aspect term extraction
","3 sentiment polarities (Positive, Negative, Neutral)","Not explicitly reported as a single accuracy metric; focuses on P/R/F1.
","SemEval-2014: P=83.71, R=85.66, F1=84.67
Coursera: P=80.63, R=83.06, F1=81.76",No,No,No,No,"Yes (Compared against DT, CNN-LSTM, XGBoost, MGAN, and ablated versions: LSTM, BiLSTM, CRF, BiLSTM-CRF).
",Yes,"Yes (Systematically removed/replaced BiLSTM, CRF, WBAT, and tested different adversarial perturbation settings like s=9, s=4, ε=0.1, ε=5.0).",No,Yes (Tested on both SemEval-2014 and Coursera datasets),F1 score of 84.67 on SemEval-2014 and 81.76 on Coursera using the full BiLSTM-CRF-WBAT model with semantic feature fusion and adversarial training.,No,None reported,Not stated,No,None,"Reliance on annotated data may limit generalizability to other educational contexts lacking similar datasets. Risk of overfitting given the specific nature of the datasets.

",Implicit sentiment extraction remains challenging (model may overlook subtle references).,N/A,Not tested in real-time environments; lacks external knowledge base integration which limits handling of complex implicit text.,"Current classification techniques for educational big data frequently require manual text annotation, leading to reduced accuracy, inefficient processing, and lack of nuanced understanding of learner feedback regarding natural environment interventions in MOOCs.",Explore domain adaptation techniques or multimodal approaches to broaden applicability; further testing across diverse learning environments to address overfitting and generalizability.,Yes,"The abstract clearly states the objective: ""This study aims to leverage annotated textual data from a MOOC platform to conduct sentiment analysis of learners’ interactions... which seeks to enhance sentiment classification and provide insights into learners’ affective experiences...""",Yes,"The use of BiLSTM-CRF is highly appropriate for sequence tagging (aspect extraction), and combining it with WoBert and adversarial training logically addresses the challenges of fine-grained sentiment classification and model robustness in text data.
",Partial,"The author provides hyperparameters (hidden size 256/768, lr=0.001, batch size 8, dropout 0.5/0.1) and software environment (Python 3.7.3, Keras/TensorFlow). However, the exact size/number of entries in the Coursera dataset is not provided, and the code/adversarial perturbation implementations are not shared, making exact replication difficult.
",Partial,"The datasets (SemEval-2014 and Coursera) are named, and preprocessing steps (tokenization, lemmatization, stop-word removal) are detailed. However, the actual size of the datasets (number of sentences/comments) is missing, and the demographic makeup of the Coursera commenters is unreported.
",Yes,"Precision, Recall, and F1-score are the standard and most appropriate metrics for both aspect term extraction and sentiment polarity classification tasks, particularly in sequence labeling contexts.",Yes,"The study compares the proposed model against four strong baseline/SOTA models (MGAN, DT, CNN-LSTM, XGBoost) and conducts a thorough ablation study demonstrating the specific contribution of the BiLSTM, CRF, and WBAT components.",No,"No Explainable AI methods were implemented or evaluated. While attention mechanisms exist within the WoBert model, no attention visualizations or interpretability analyses were provided to explain why the model made certain predictions.",Yes," The author explicitly lists limitations in the Conclusion: ""Reliance on annotated data may limit generalizability... implicit sentiment extraction remains challenging, as the model may overlook subtle references... Overfitting is also a risk given the specific nature of the datasets..."""
149,Zang 2025,Leveraging BiLSTM-CRF and adversarial training for sentiment analysis in nature-based digital interventions: Enhancing mental well-being through MOOC platforms,Consensus,"Zang, J. (2025). Leveraging BiLSTM-CRF and adversarial training for sentiment analysis in nature-based digital interventions: Enhancing mental well-being through MOOC platforms. Digital Health, 11, 1–14. https://doi.org/10.1177/20552076251317345",2025,Leveraging BiLSTM-CRF and adversarial training for sentiment analysis in nature-based digital interventions: Enhancing mental well-being through MOOC platforms,Digital Health,Primary empirical,"To conduct fine-grained sentiment analysis of learners' interactions with nature-based digital interventions on MOOC platforms using a BiLSTM-CRF model with adversarial training (WBAT), aiming to enhance sentiment classification and provide insights for psychological interventions and curriculum design.","RQ1 (Methodology), RQ3 (Performance/Results), RQ4 (Limitations)",China (Author affiliated with Shandong Women’s University),Higher Ed (MOOC learners/Coursera users),MOOC platforms (specifically Coursera),Students (MOOC learners), Not explicitly numbered in terms of participants; based on datasets: SemEval-2014 Task 10 and Coursera student comments (split 7:2:1 ratio).,"Not specified
","NR (Not reported)
","SemEval-2014 Task 10, Coursera Dataset (Custom/Extracted)

",Mixed (Public benchmark + Custom educational dataset),Text,"3 sentiment polarities (Positive, Negative, Neutral) + Aspect term extraction labels (Sequence tags)",Mixed (Advanced sentiment lexicons + Manual annotations),Online lecture capture / MOOC platform reviews and tweets,"Not stated

","Yes (Adversarial sample generation: perturbations added in the embedding layer and semantic feature fusion layer to create adversarial examples combined with original samples)

",RNN / Bi-LSTM / Hybrid (BiLSTM-CRF + Transformer-based WoBert),BiLSTM-CRF-WBAT (WoBert-based Adversarial Training), N/A (Unimodal text),"N/A
",LSTM sequence (BiLSTM captures forward/backward context),Yes (Self-attention within the 12-layer WoBert encoding module),Yes (WoBert pre-trained model used for word embeddings and aspect sentiment classification),"Full fine-tuning (Implied, as the WoBert model is trained/adapted for the downstream aspect sentiment classification task)",Cross-entropy loss + Adversarial training loss (Combined total loss),Adam (Adaptive moment estimation) + RMRprop (Mentioned for network training),0.001 (No scheduler mentioned),8,~300 epochs (Validation stabilizes around Epoch 300),"Dropout (Rate 0.5 after Bi-LSTM; Rate 0.1 in adversarial training phase)
",No,N/A,N/A,No,Not evaluated,No,N/A,Not specified,N/A (Text segmentation via Jieba),Proposed only (Suggests platforms can leverage this for system design and recommendations),Proposed only (Helps teachers identify needs and refine teaching content),None,"Sentiment classification / Aspect term extraction
","3 sentiment polarities (Positive, Negative, Neutral)","Not explicitly reported as a single accuracy metric; focuses on P/R/F1.
","SemEval-2014: P=83.71, R=85.66, F1=84.67
Coursera: P=80.63, R=83.06, F1=81.76",No,No,No,No,"Yes (Compared against DT, CNN-LSTM, XGBoost, MGAN, and ablated versions: LSTM, BiLSTM, CRF, BiLSTM-CRF).
",Yes,"Yes (Systematically removed/replaced BiLSTM, CRF, WBAT, and tested different adversarial perturbation settings like s=9, s=4, ε=0.1, ε=5.0).",No,Yes (Tested on both SemEval-2014 and Coursera datasets),F1 score of 84.67 on SemEval-2014 and 81.76 on Coursera using the full BiLSTM-CRF-WBAT model with semantic feature fusion and adversarial training.,No,None reported,Not stated,No,None,"Reliance on annotated data may limit generalizability to other educational contexts lacking similar datasets. Risk of overfitting given the specific nature of the datasets.

",Implicit sentiment extraction remains challenging (model may overlook subtle references).,N/A,Not tested in real-time environments; lacks external knowledge base integration which limits handling of complex implicit text.,"Current classification techniques for educational big data frequently require manual text annotation, leading to reduced accuracy, inefficient processing, and lack of nuanced understanding of learner feedback regarding natural environment interventions in MOOCs.",Explore domain adaptation techniques or multimodal approaches to broaden applicability; further testing across diverse learning environments to address overfitting and generalizability.,Yes,"",Yes,"",Partial,"",Partial,"",Yes,"",Yes,"",No,"",Yes,""
143,Asaju 2022,Adaptive Reasoning: An Affect Related Feedback Approach for Enhanced E-Learning,Sarbajit Paul Bappy,"Asaju, C., & Vadapalli, H. (2022). Adaptive reasoning: An affect related feedback approach for enhanced e-learning. In A. Pillay et al. (Eds.), SACAIR 2022: Proceedings of the 3rd Southern African Conference for Artificial Intelligence Research (pp. 215-230). Springer. https://doi.org/10.1007/978-3-031-22321-1_15",2022,Adaptive Reasoning: An Affect Related Feedback Approach for Enhanced E-Learning,"SACAIR 2022 (Southern African Conference for Artificial Intelligence Research), Lecture Notes in Computer Science (CCIS 1734)",Proof-of-concept / Empirical,"To propose an adaptive reasoning mechanism that considers estimated affective states and learning affect in generating feedback with reasoning incorporated, utilizing a CNN-BiLSTM cascade framework for affective state analysis from temporal facial signals.","RQ1 (DL Methodology), RQ3 (Performance Metrics), RQ4 (Real-Time Deployment/Limitations)","South Africa (University of the Witwatersrand, University of Johannesburg)",Higher Ed (Computer Science students),Semi-controlled laboratory setting / Live lecture observation,Both (Dataset subjects for model training; Live students for testing/validation),"DAiSEE dataset: 9,068 video sequences from 112 subjects. Live test: 22 students. DISFA+ dataset: 4,755 unlabelled samples used for validation mapping.",Not specified (University Computer Science students for live test),Not reported,"DAiSEE (Primary), DISFA+ (Mapping validation), ImageNet (Implicit for ResNet pre-training)",Public,Facial video,"4 affective states (Boredom, Engagement, Frustration, Confusion); 3 learning affects (Positive, Negative, Neutral); 7 basic emotions (for mapping validation)",Crowd annotations (for DAiSEE),Online lecture capture / Lab-controlled,Not stated,Not stated,CNN-BiLSTM / Hybrid,ResNet-152 (feature extractor) + Bidirectional LSTM (temporal classifier),N/A (Unimodal - Facial video),N/A,Bi-LSTM sequence (processing sequences of frame-level features extracted by ResNet),No,Yes (ResNet-152 pre-trained on ImageNet implied for feature extraction),"Feature extraction only (ResNet-152 used to output a 2,048 feature vector at the last max-pool layer; features fed to Bi-LSTM)",Binary cross-entropy,Not stated,Not stated,128,Maximum 100 epochs with early stopping,Early stopping (to avoid overfitting),Partially (discussed but not implemented as standard XAI),"Other (The paper proposes ""Adaptive Reasoning"" which maps estimated affective states to learning affects and generates interpretable feedback rules based on literature/survey mapping, but does not use standard visual XAI like Grad-CAM)",Human evaluation (Live testing and survey feedback were used to validate the reasoning/mapping between emotions and learning affects),No,"Not evaluated (Paper mentions real-time tracking as a goal in the introduction, but testing was done on recorded/stored video sequences)",No,N/A,Not specified,Not specified,Proposed only (Serves as a first step toward development of complete e-learning platforms with adaptive feedback),"Yes (Generates feedback mapped to positive, negative, and neutral learning affects based on the adaptive reasoning mechanism for teachers and learners)",Yes (Ethical clearance No: H21/05/02 obtained from University's Human Research Ethics Committee; participation and consent forms used),Engagement detection / Multimodal affect,"4 engagement states (Boredom, Confusion, Engagement, Frustration)",86%,"Average Precision: 0.88, Average Recall: 0.86, Average F1-Score: 0.87. Per-class F1: Boredom (0.94), Confusion (0.85), Engagement (0.81), Frustrated (0.87).",Not reported,Yes,Not reported,Not reported,"LRCN (58.84%), ResNet + TCN (63.9%), SENET + LSTM + GALN (58.84%), STGAT (60.32%).",Yes,No (But mapping validation study was conducted using DISFA+ and live participants),No,"Yes (Trained on DAiSEE, tested on DISFA+ for mapping validation)",86% accuracy and 87% average F1-score on DAiSEE for 4 affective states. Successfully validated affective state to learning affect mapping via DISFA+ dataset and 22-participant live test/survey.,No,"None reported (Though DAiSEE dataset specifically contains 112 Asian subjects, which poses a cultural/demographic bias limitation not discussed by authors)",None,No,None,"None explicitly discussed by authors, though DAiSEE is limited to Asian subjects.","12.03% total misclassification rate, with high misclassification for frustration (21.38%) and engagement (15.34%). Mapping of ""fear"" to ""positive learning affect"" contradicts traditional intuition, though authors defend it via literature/survey.",N/A,Not tested in a real classroom setting (tested in semi-controlled lab); not yet integrated into an actual e-learning platform.,"Most existing studies on affective states in e-learning are limited in their analysis of learning affects and lack mechanisms to provide appropriate, reasoned feedback to teachers and learners based on those states.","Explore the use of additional input signals such as eye gaze, head pose, physiological signals, and body posture along with feedback generation based on reasoning.",Yes,"The authors explicitly state their objective to propose ""an adaptive reasoning mechanism that considers the estimated affective states and learning affect in generating feedback with reasoning incorporated,"" utilizing a CNN-BiLSTM framework for affective state analysis to enhance e-learning platforms.",Yes,"The methodology is highly appropriate for the stated objectives. Using ResNet-152 for spatial feature extraction from video frames combined with Bi-LSTM for temporal sequence modeling is a standard and effective deep learning approach for video-based affect recognition. Furthermore, the adaptive reasoning methodology—mapping detected states to learning affects via literature validation, cross-dataset testing (DISFA+), and live human survey validation—is robust for developing a feedback mechanism.",Partial,"The model architectures (ResNet-152, Bi-LSTM), dataset splits (19,638 train, 6,546 validation, 4,305 test), loss function (binary cross-entropy), batch size (128), and max epochs (100) are provided. However, critical hyperparameters such as the optimizer, learning rate, and regularization details are omitted, and no code or model weights are released, making exact replication difficult.",Partial,"The primary dataset (DAiSEE) is well described regarding its source, size (9,068 videos, 112 subjects), labels (4 affective states), and annotation method (crowd annotations). However, the demographic limitation of the dataset (exclusively Asian subjects) is not discussed by the authors, and the specific demographic breakdown of the 22 live test participants is not reported.",Yes,"The evaluation metrics used—accuracy, precision, recall, and F1-score—are appropriate for the multi-class classification task. The authors provide both average metrics and per-class F1-scores, which is essential for understanding model performance across different affective states. The inclusion of a confusion matrix further supports the evaluation.",Yes,"The study compares its proposed CNN-BiLSTM model's accuracy (86%) against four state-of-the-art methods on the same DAiSEE dataset (LRCN, ResNet+TCN, SENET+LSTM+GALN, STGAT), demonstrating superior performance. However, no statistical significance tests are reported.",Partial,"The paper implements a form of ""adaptive reasoning"" to map affective states to learning affects and generate interpretable feedback rules. This mapping is validated through cross-dataset testing (DISFA+) and a human evaluation survey during live testing. However, no algorithmic Explainable AI (XAI) methods (like Grad-CAM or SHAP) are used to validate what visual features the CNN-BiLSTM is actually using to make its predictions, leaving the internal reasoning of the neural network itself a black box.",No,"The authors do not explicitly discuss the limitations of their study. They fail to acknowledge the high misclassification rates for specific classes (e.g., 21.38% for frustration), the demographic constraint of the DAiSEE dataset (only Asian subjects), the small sample size of the live validation (N=22), or the counter-intuitive mapping of ""fear"" to ""positive learning affect"" as a potential limitation."
143,Asaju 2022,Adaptive Reasoning: An Affect Related Feedback Approach for Enhanced E-Learning,Consensus,"Asaju, C., & Vadapalli, H. (2022). Adaptive reasoning: An affect related feedback approach for enhanced e-learning. In A. Pillay et al. (Eds.), SACAIR 2022: Proceedings of the 3rd Southern African Conference for Artificial Intelligence Research (pp. 215-230). Springer. https://doi.org/10.1007/978-3-031-22321-1_15",2022,Adaptive Reasoning: An Affect Related Feedback Approach for Enhanced E-Learning,"SACAIR 2022 (Southern African Conference for Artificial Intelligence Research), Lecture Notes in Computer Science (CCIS 1734)",Proof-of-concept / Empirical,"To propose an adaptive reasoning mechanism that considers estimated affective states and learning affect in generating feedback with reasoning incorporated, utilizing a CNN-BiLSTM cascade framework for affective state analysis from temporal facial signals.","RQ1 (DL Methodology), RQ3 (Performance Metrics), RQ4 (Real-Time Deployment/Limitations)","South Africa (University of the Witwatersrand, University of Johannesburg)",Higher Ed (Computer Science students),Semi-controlled laboratory setting / Live lecture observation,Both (Dataset subjects for model training; Live students for testing/validation),"DAiSEE dataset: 9,068 video sequences from 112 subjects. Live test: 22 students. DISFA+ dataset: 4,755 unlabelled samples used for validation mapping.",Not specified (University Computer Science students for live test),Not reported,"DAiSEE (Primary), DISFA+ (Mapping validation), ImageNet (Implicit for ResNet pre-training)",Public,Facial video,"4 affective states (Boredom, Engagement, Frustration, Confusion); 3 learning affects (Positive, Negative, Neutral); 7 basic emotions (for mapping validation)",Crowd annotations (for DAiSEE),Online lecture capture / Lab-controlled,Not stated,Not stated,CNN-BiLSTM / Hybrid,ResNet-152 (feature extractor) + Bidirectional LSTM (temporal classifier),N/A (Unimodal - Facial video),N/A,Bi-LSTM sequence (processing sequences of frame-level features extracted by ResNet),No,Yes (ResNet-152 pre-trained on ImageNet implied for feature extraction),"Feature extraction only (ResNet-152 used to output a 2,048 feature vector at the last max-pool layer; features fed to Bi-LSTM)",Binary cross-entropy,Not stated,Not stated,128,Maximum 100 epochs with early stopping,Early stopping (to avoid overfitting),Partially (discussed but not implemented as standard XAI),"Other (The paper proposes ""Adaptive Reasoning"" which maps estimated affective states to learning affects and generates interpretable feedback rules based on literature/survey mapping, but does not use standard visual XAI like Grad-CAM)",Human evaluation (Live testing and survey feedback were used to validate the reasoning/mapping between emotions and learning affects),No,"Not evaluated (Paper mentions real-time tracking as a goal in the introduction, but testing was done on recorded/stored video sequences)",No,N/A,Not specified,Not specified,Proposed only (Serves as a first step toward development of complete e-learning platforms with adaptive feedback),"Yes (Generates feedback mapped to positive, negative, and neutral learning affects based on the adaptive reasoning mechanism for teachers and learners)",Yes (Ethical clearance No: H21/05/02 obtained from University's Human Research Ethics Committee; participation and consent forms used),Engagement detection / Multimodal affect,"4 engagement states (Boredom, Confusion, Engagement, Frustration)",86%,"Average Precision: 0.88, Average Recall: 0.86, Average F1-Score: 0.87. Per-class F1: Boredom (0.94), Confusion (0.85), Engagement (0.81), Frustrated (0.87).",Not reported,Yes,Not reported,Not reported,"LRCN (58.84%), ResNet + TCN (63.9%), SENET + LSTM + GALN (58.84%), STGAT (60.32%).",Yes,No (But mapping validation study was conducted using DISFA+ and live participants),No,"Yes (Trained on DAiSEE, tested on DISFA+ for mapping validation)",86% accuracy and 87% average F1-score on DAiSEE for 4 affective states. Successfully validated affective state to learning affect mapping via DISFA+ dataset and 22-participant live test/survey.,No,"None reported (Though DAiSEE dataset specifically contains 112 Asian subjects, which poses a cultural/demographic bias limitation not discussed by authors)",None,No,None,"None explicitly discussed by authors, though DAiSEE is limited to Asian subjects.","12.03% total misclassification rate, with high misclassification for frustration (21.38%) and engagement (15.34%). Mapping of ""fear"" to ""positive learning affect"" contradicts traditional intuition, though authors defend it via literature/survey.",N/A,Not tested in a real classroom setting (tested in semi-controlled lab); not yet integrated into an actual e-learning platform.,"Most existing studies on affective states in e-learning are limited in their analysis of learning affects and lack mechanisms to provide appropriate, reasoned feedback to teachers and learners based on those states.","Explore the use of additional input signals such as eye gaze, head pose, physiological signals, and body posture along with feedback generation based on reasoning.",Yes,"",Yes,"",Partial,"",Partial,"",Yes,"",Yes,"",Partial,"",No,""
125,Ashwin 2020,Automatic detection of students' affective states in classroom environment using hybrid convolutional neural networks,Sarbajit Paul Bappy,"Ashwin, T. S., & Guddeti, R. M. R. (2020). Automatic detection of students' affective states in classroom environment using hybrid convolutional neural networks. Education and Information Technologies, 25(2), 1387-1415. https://doi.org/10.1007/s10639-019-10004-6",2020,Automatic detection of students' affective states in classroom environment using hybrid convolutional neural networks,Education and Information Technologies,Proof-of-concept / Empirical,"To propose a novel hybrid CNN architecture for analyzing students' affective states in a classroom environment (multiple people in a single image frame) using facial expressions, hand gestures, and body postures, and to predict the overall affective state (group engagement score) of the entire class.","RQ1 (DL Methodology), RQ3 (Performance Metrics), RQ4 (Real-time deployment/Limitations)",India (National Institute of Technology Karnataka Surathkal),Higher Ed (University students),Real classroom / In-the-wild classroom environment,Students,50 Indian students for dataset creation; 2 hours of classroom video with 2400 spontaneous image frames.,Not specified (University students),Not reported,"Custom (Dataset-1 and Dataset-2), ImageNet (for pre-training/classroom subset test)",Custom (novel),Static image (Intra-image multimodality: Facial expressions + Hand gestures + Body postures),"3 affective states (Engaged, Boredom, Neutral)","Expert labellers / Self-reported (For spontaneous data: 3 annotators including self-annotation, Cohen's kappa = 0.59)",Simulated classroom (Posed) / Real classroom (Spontaneous in-the-wild),Not stated (Authors note F1-score is lower for spontaneous data because affective states are not equally distributed),"Yes (Channel shift range, ZCA whitening, rotation range, width/height shift, shear range, zoom range, horizontal flip; increased training data size by 10-fold)",CNN / Hybrid,"Inception-V3 (Base), Custom Hybrid model (CNN-1 for single student + CNN-2 for multiple students, combined via feature fusion and collective average scoring)","Intermediate fusion (Intra-image feature fusion of multiple students' facial expressions, hand gestures, and body postures within a single frame using normalized predicted probability distribution)",Face + Pose + Hand gestures,None (Static image frame processing),No,Yes (ImageNet),Last N layers (Retrained the last pool layer/pooled three layers of Inception-V3; fine-tuned the bottleneck layer),Categorical entropy (Categorical Cross-Entropy),Adaptive momentum (Adam implied),0.1,100 (Validation and testing),4000 epochs,Not explicitly stated (Dropout layer mentioned in architecture diagram but rate not specified),No,N/A,N/A,No,"Partially (Mentions real-time nonverbal behavior recognition as a goal in literature review, and provides testing time, but doesn't explicitly claim real-time live deployment)",Yes,1200 ms per image (testing time),"Standard computer (8th Gen Intel Core i7-4510U, 8GB RAM, 2GB NVIDIA GeForce 840M)",Not specified (Uses object localization concepts but framework not named),No,"Proposed only (Calculates a group engagement score for the class frame, suggesting it can aid teachers, but no dashboard implemented)",None,Engagement detection / Multimodal affect,"3 engagement states (Engaged, Boredom, Neutral)",Posed: 86% (Hybrid); Spontaneous: 70% (Hybrid),"Spontaneous Hybrid: Avg Precision 0.77, Avg Recall 0.72, Avg F1-score 0.62. Posed Hybrid: Avg Precision 0.91, Avg Recall 0.89, Avg F1-score 0.84.",Spontaneous Hybrid: 0.69; Posed Hybrid: 0.90,No,Not reported,Not reported,"AlexNet (51%), ResNet (53%), VGGNet (61%), Whitehill et al. (SVM, AUC 0.729), Zaletelj and Kosir (Kinect+KNN, Acc 0.753).",Yes,"Yes (Compared CNN-1 alone, CNN-2 alone, and the Hybrid model on both posed and spontaneous data)",No,"Yes (Tested on a classroom subset of the ImageNet database, though ground truth for affective states was unavailable for quantitative comparison)","The Hybrid CNN model achieved 86% accuracy on posed data and 70% accuracy on spontaneous in-the-wild classroom data, outperforming standalone CNN-1, CNN-2, and standard architectures (AlexNet, ResNet, VGGNet).",No,"None reported (Though dataset specifically uses 50 Indian students, limiting cultural/diversity scope)",None,No,None,No standard dataset available for classroom environment affective states; spontaneous data has unequal distribution of affective states leading to lower F1-scores; ground truth unavailable for ImageNet classroom subset testing.,"Standard deep learning architectures (AlexNet, ResNet, VGG) failed to perform well on classroom (multi-person) data; high computational training cost; testing time is 1200 ms per frame which is relatively slow for smooth real-time video.",N/A,Kinect sensors have limited range and fail if students exceed 10 per frame; testing latency of 1.2 seconds per frame may hinder real-time feedback.,"Existing works primarily focus on single students in e-learning environments (single person in a single frame). There is a lack of algorithms analyzing multiple students simultaneously in a classroom environment using combined emotional (facial) and behavioral (posture/gesture) patterns, and no standard datasets exist for this scenario.",Explore the integration of cognitive aspects along with emotional and behavioral engagements; develop complete real-time feedback systems for teachers based on the group engagement score.,Yes,"The authors explicitly state their objective to propose ""a novel hybrid convolutional neural network (CNN) architecture for analyzing the students’ affective states in a classroom environment,"" specifically to handle multiple people in a single image frame using facial expressions, hand gestures, and body postures, and to predict the overall affective state of the class.",Yes,"The methodology is highly appropriate for the research question. The authors address the gap of multi-person analysis by creating a hybrid architecture (CNN-1 for single faces, CNN-2 for multi-person frames) and using an intermediate feature fusion strategy to calculate a group engagement score. Utilizing transfer learning from Inception-V3 is a standard and effective deep learning approach for this type of image classification task.",Partial,"Several key hyperparameters are provided, such as the optimizer (adaptive momentum), learning rate (0.1), batch size (100), epochs (4000), loss function (categorical entropy), and detailed data augmentation parameters. However, the code and custom dataset are not publicly released, and while the dataset creation process is described, the exact architectural details (e.g., number of filters, specific layer configurations for the ""20 extra layers"" in CNN-2) are omitted, making exact replication difficult.",Partial,"The authors provide a thorough description of their dataset creation process, including the definitions of labels (engaged, boredom, neutral), the number of images (24,000 posed; 36,000 multi-person; 2,400 spontaneous), and the annotation method (3 annotators, Cohen's kappa = 0.59). However, demographic details are limited to ""50 Indian students,"" lacking specifics on age or gender distribution, and the severe class imbalance in the spontaneous data is noted but not quantified with exact per-class sample counts.",Yes,"The study uses a comprehensive set of evaluation metrics including Accuracy, Precision, Recall, F1-score, and AUC. The inclusion of F1-score and AUC is particularly appropriate given the acknowledged class imbalance in the spontaneous dataset, where accuracy alone would be misleading. Results are also appropriately stratified by model variant (CNN-1, CNN-2, Hybrid) and data type (posed vs. spontaneous).",Yes,"The paper includes an ablation study comparing the Hybrid model against its individual components (CNN-1 and CNN-2). It also compares the proposed approach against standard state-of-the-art architectures used as baselines (AlexNet at 51%, ResNet at 53%, VGGNet at 61%) on their custom dataset, as well as referencing comparable methods from recent literature (Whitehill et al., Zaletelj and Kosir). However, no statistical significance tests are reported.",Not Reported,"No Explainable AI (XAI) methods were implemented or evaluated in this study. The model acts as a black box to predict affective states, and there is no analysis of which facial expressions, hand gestures, or body postures the model is actually attending to in order to make its decisions.",Partial,"The authors implicitly and explicitly acknowledge several limitations: the lower F1-scores for spontaneous data due to class imbalance, the lack of available standard datasets, the limited range of Kinect sensors (in related work), and the fact that standard architectures failed on multi-person frames. However, they do not discuss the demographic limitation of their dataset (exclusively Indian students), the relatively slow inference time (1200 ms per frame) as a barrier to real-time deployment, or the moderate inter-annotator agreement (Cohen's kappa = 0.59) as a potential weakness in ground-truth reliability."
125,Ashwin 2020,Automatic detection of students' affective states in classroom environment using hybrid convolutional neural networks,Consensus,"Ashwin, T. S., & Guddeti, R. M. R. (2020). Automatic detection of students' affective states in classroom environment using hybrid convolutional neural networks. Education and Information Technologies, 25(2), 1387-1415. https://doi.org/10.1007/s10639-019-10004-6",2020,Automatic detection of students' affective states in classroom environment using hybrid convolutional neural networks,Education and Information Technologies,Proof-of-concept / Empirical,"To propose a novel hybrid CNN architecture for analyzing students' affective states in a classroom environment (multiple people in a single image frame) using facial expressions, hand gestures, and body postures, and to predict the overall affective state (group engagement score) of the entire class.","RQ1 (DL Methodology), RQ3 (Performance Metrics), RQ4 (Real-time deployment/Limitations)",India (National Institute of Technology Karnataka Surathkal),Higher Ed (University students),Real classroom / In-the-wild classroom environment,Students,50 Indian students for dataset creation; 2 hours of classroom video with 2400 spontaneous image frames.,Not specified (University students),Not reported,"Custom (Dataset-1 and Dataset-2), ImageNet (for pre-training/classroom subset test)",Custom (novel),Static image (Intra-image multimodality: Facial expressions + Hand gestures + Body postures),"3 affective states (Engaged, Boredom, Neutral)","Expert labellers / Self-reported (For spontaneous data: 3 annotators including self-annotation, Cohen's kappa = 0.59)",Simulated classroom (Posed) / Real classroom (Spontaneous in-the-wild),Not stated (Authors note F1-score is lower for spontaneous data because affective states are not equally distributed),"Yes (Channel shift range, ZCA whitening, rotation range, width/height shift, shear range, zoom range, horizontal flip; increased training data size by 10-fold)",CNN / Hybrid,"Inception-V3 (Base), Custom Hybrid model (CNN-1 for single student + CNN-2 for multiple students, combined via feature fusion and collective average scoring)","Intermediate fusion (Intra-image feature fusion of multiple students' facial expressions, hand gestures, and body postures within a single frame using normalized predicted probability distribution)",Face + Pose + Hand gestures,None (Static image frame processing),No,Yes (ImageNet),Last N layers (Retrained the last pool layer/pooled three layers of Inception-V3; fine-tuned the bottleneck layer),Categorical entropy (Categorical Cross-Entropy),Adaptive momentum (Adam implied),0.1,100 (Validation and testing),4000 epochs,Not explicitly stated (Dropout layer mentioned in architecture diagram but rate not specified),No,N/A,N/A,No,"Partially (Mentions real-time nonverbal behavior recognition as a goal in literature review, and provides testing time, but doesn't explicitly claim real-time live deployment)",Yes,1200 ms per image (testing time),"Standard computer (8th Gen Intel Core i7-4510U, 8GB RAM, 2GB NVIDIA GeForce 840M)",Not specified (Uses object localization concepts but framework not named),No,"Proposed only (Calculates a group engagement score for the class frame, suggesting it can aid teachers, but no dashboard implemented)",None,Engagement detection / Multimodal affect,"3 engagement states (Engaged, Boredom, Neutral)",Posed: 86% (Hybrid); Spontaneous: 70% (Hybrid),"Spontaneous Hybrid: Avg Precision 0.77, Avg Recall 0.72, Avg F1-score 0.62. Posed Hybrid: Avg Precision 0.91, Avg Recall 0.89, Avg F1-score 0.84.",Spontaneous Hybrid: 0.69; Posed Hybrid: 0.90,No,Not reported,Not reported,"AlexNet (51%), ResNet (53%), VGGNet (61%), Whitehill et al. (SVM, AUC 0.729), Zaletelj and Kosir (Kinect+KNN, Acc 0.753).",Yes,"Yes (Compared CNN-1 alone, CNN-2 alone, and the Hybrid model on both posed and spontaneous data)",No,"Yes (Tested on a classroom subset of the ImageNet database, though ground truth for affective states was unavailable for quantitative comparison)","The Hybrid CNN model achieved 86% accuracy on posed data and 70% accuracy on spontaneous in-the-wild classroom data, outperforming standalone CNN-1, CNN-2, and standard architectures (AlexNet, ResNet, VGGNet).",No,"None reported (Though dataset specifically uses 50 Indian students, limiting cultural/diversity scope)",None,No,None,No standard dataset available for classroom environment affective states; spontaneous data has unequal distribution of affective states leading to lower F1-scores; ground truth unavailable for ImageNet classroom subset testing.,"Standard deep learning architectures (AlexNet, ResNet, VGG) failed to perform well on classroom (multi-person) data; high computational training cost; testing time is 1200 ms per frame which is relatively slow for smooth real-time video.",N/A,Kinect sensors have limited range and fail if students exceed 10 per frame; testing latency of 1.2 seconds per frame may hinder real-time feedback.,"Existing works primarily focus on single students in e-learning environments (single person in a single frame). There is a lack of algorithms analyzing multiple students simultaneously in a classroom environment using combined emotional (facial) and behavioral (posture/gesture) patterns, and no standard datasets exist for this scenario.",Explore the integration of cognitive aspects along with emotional and behavioral engagements; develop complete real-time feedback systems for teachers based on the group engagement score.,Yes,"",Yes,"",Partial,"",Partial,"",Yes,"",Yes,"",Not Reported,"",Partial,""
123,Chen 2022,Toward Children's Empathy Ability Analysis: Joint Facial Expression Recognition and Intensity Estimation Using Label Distribution Learning,Sarbajit Paul Bappy,"Chen, J., Guo, C., Xu, R., Zhang, K., Yang, Z., & Liu, H. (2022). Toward children's empathy ability analysis: Joint facial expression recognition and intensity estimation using label distribution learning. IEEE Transactions on Industrial Informatics, 18(1), 16–24. https://doi.org/10.1109/TII.2021.3075989",2022,Toward children's empathy ability analysis: Joint facial expression recognition and intensity estimation using label distribution learning,IEEE Transactions on Industrial Informatics, Primary empirical / Proof-of-concept,"To analyze children's empathy ability by jointly recognizing facial expression categories and estimating expression intensities in an end-to-end framework, and to apply this to differentiate between typically developing (TD) children and children with autism spectrum disorder (ASD).","RQ1 (Methodology), RQ3 (Performance/Results), RQ4 (Limitations)",China (Authors affiliated with Central China Normal University and Harbin Institute of Technology Shenzhen),"Not specified (Early childhood / Preschool children, but not strictly an educational setting study)",Lab-controlled / Simulated classroom (Children exposed to emotional stimulus videos),Students (Children: TD and ASD),"60 expression sequences (30 TD, 30 ASD); each sequence = 1200 frames. Public datasets used: CK+ (~309 sequences), Oulu-CASIA (480 sequences), MMI (213 sequences).","Preschool children (exact age range not explicitly stated in text, but referenced as early childhood).",NR (Not reported),"CK+, Oulu-CASIA, MMI, Custom (Child Empathy dataset)",Mixed (Public benchmarks + Custom novel dataset),Facial video / Static image (frames extracted from sequences),"6 basic expression categories (anger, disgust, fear, happiness, sadness, surprise); K intensity levels (estimated continuously 0 to K-1).","Public datasets: Expert labellers (standard dataset labels).
Intensity labels: Automated (Linear interpolation + Gaussian function).
Child Empathy dataset: Expert labellers (Psychologist labeled dominant facial expression).",Lab-controlled (for all datasets; Child empathy dataset recorded under controlled emotional stimulus).,No,"No (Explicitly stated: ""To guarantee a fair comparison with previous methods, no data augmentation was used in our experiments."")",CNN / Hybrid (Siamese-like CNN),VGG-16 (Siamese architecture with shared parameters),N/A (unimodal - facial frames),N/A,Sliding window / Pairwise frame sampling (Expressive frame + corresponding neutral frame from same sequence),No,Yes,Partially (Fine-tuned using VGG-Face pretrained model; FC layers specifically trained with lr=0.0001),Custom (Combination of Cross-entropy for 2 subtasks and l2-norm loss: loss_total = ‖w‖2 + γ1lossS1 + γ2lossS2 + γ3*lossS3),SGD (Stochastic Gradient Descent),0.0001 (for fully connected layers); No scheduler mentioned.,32 (frames or frame pairs),3000 iterations,"L2 regularisation (implied by ‖w‖2 in loss), Weight decay (implied)",No,N/A,N/A,N/A,Not evaluated,No,N/A,Not specified,MTCNN (Used for facial landmark detection and alignment),No,No,"Partially (Mentioned in figure caption: ""the eye region is masked for privacy"", but no computational privacy measures like encryption or federated learning).",FER (facial expression) / Engagement detection (Empathy ability evaluation),6 basic (Ekman) + continuous intensity estimation (0 to K-1),"Yes (Reported for peak, weak, and combined expressions. E.g., Peak expression CK+: 96.25%; Oulu-CASIA: 87.27%; MMI: 84.89%. Child Empathy TD: 93.3%; ASD: 90.0%)",No,No,No,Yes (MAE reported for intensity estimation. CK+: 0.087; MMI: 0.139)," No, but PCC (Pearson correlation coefficient) and ICC (intraclass correlation coefficient) reported. (CK+ PCC: 0.943, ICC: 0.915; MMI PCC: 0.878, ICC: 0.839)","Yes (Compared against VGG-16 baseline, PPDN, CSPL, AdaGabor, LBPSVM, BDBN, 3DCNN-DAP, STM-ExpLet, DTAGN, HOG 3D, Atlases).",Yes,Yes (Tested VGG-16 with EILD vs. Siamese with EILD vs. Siamese without EILD to prove the contribution of both the label distribution and the network architecture).,No,Yes (Model trained on CK+ was tested on the custom Child Empathy dataset).,Peak expression recognition accuracy of 96.25% on CK+; Intensity estimation MAE of 0.087 on CK+; 93.3% recognition accuracy on TD children and 90.0% on ASD children using cross-dataset validation.,No,"None reported (Though they compare TD vs. ASD, they do not frame the model's performance difference as an algorithmic bias issue).",Not stated,No,None,Lab-controlled only (Constrained conditions); Small N for Child Empathy dataset (60 sequences).,"Generalisation failure / Poor occlusion handling (Explicitly stated: ""when head pose deviation or partial occlusion occurs, the proposed method fails to provide an accurate prediction"").",N/A (No XAI used),Not tested in real classroom / Hardware dependency not discussed for real-time.,"Existing FEA methods focus only on expression categories and neglect expression intensity, which is critical for fine-grained emotion analysis. Also, there is a lack of objective, non-invasive methods to analyze empathy ability in children.",Optimize the method to deal with unconstrained conditions via: 1) Head-pose-independent FEA by disentangling head pose features from expression features; 2) Occlusion-aware FEA by exploring discriminative local features and effective gate mechanisms.,Yes,"The authors explicitly state their aim in the abstract and introduction: ""To this end, this article first proposes to analyze children’s empathy ability with both the categories and the intensities of facial expressions. A novel FEA method based on intensity label distribution learning is presented..."" and list 3 explicit research challenges to address.",Yes,"The methodology directly aligns with the objectives. To solve the issue of missing intensity annotations, they use linear interpolation and Gaussian distributions. To solve identity bias in expressions, they use a Siamese-like CNN with neutral frame pairing. The approach is logically sound for joint FER and intensity estimation.",Partial,"The authors provide the base architecture (VGG-16), optimizer (SGD), learning rate (0.0001), batch size (32), iterations (3000), and preprocessing (MTCNN alignment, 128x128 resize). However, they do not provide the code, model weights, or the custom Child Empathy dataset. They also do not specify the values for the tradeoff parameters (γ1, γ2, γ3) in the total loss function.",Partial,"Public datasets are adequately referenced with sequence counts. The custom Child Empathy dataset is described (60 sequences, 1200 frames each, 30 TD / 30 ASD, emotional stimulus video described). However, demographic diversity, exact ages, and gender distributions are entirely missing.",Yes,"For intensity estimation, they appropriately use PCC, ICC, and MAE. For expression recognition, they use accuracy. They break down accuracy into weak, combined, and peak expressions, which is highly appropriate given their focus on intensity-variant recognition.",Yes,"The study extensively compares the proposed method against baseline VGG-16, traditional machine learning methods (CSPL, AdaGabor), and deep learning SOTA (PPDN, 3DCNN-DAP, DTAGN). They also conduct a thorough ablation study. However, no statistical significance testing (e.g., p-values) is reported.",No, No Explainable AI (XAI) methods were implemented or evaluated in this study.,Yes," In the Conclusion, the authors explicitly state: ""The present study is limited to constrained condition. As reported in the empathy analysis experiment, when head pose deviation or partial occlusion occurs, the proposed method fails to provide an accurate prediction for expression category and intensity."" They also propose clear future directions to solve these specific limitations."
123,Chen 2022,Toward Children's Empathy Ability Analysis: Joint Facial Expression Recognition and Intensity Estimation Using Label Distribution Learning,Consensus,"Chen, J., Guo, C., Xu, R., Zhang, K., Yang, Z., & Liu, H. (2022). Toward children's empathy ability analysis: Joint facial expression recognition and intensity estimation using label distribution learning. IEEE Transactions on Industrial Informatics, 18(1), 16–24. https://doi.org/10.1109/TII.2021.3075989",2022,Toward children's empathy ability analysis: Joint facial expression recognition and intensity estimation using label distribution learning,IEEE Transactions on Industrial Informatics, Primary empirical / Proof-of-concept,"To analyze children's empathy ability by jointly recognizing facial expression categories and estimating expression intensities in an end-to-end framework, and to apply this to differentiate between typically developing (TD) children and children with autism spectrum disorder (ASD).","RQ1 (Methodology), RQ3 (Performance/Results), RQ4 (Limitations)",China (Authors affiliated with Central China Normal University and Harbin Institute of Technology Shenzhen),"Not specified (Early childhood / Preschool children, but not strictly an educational setting study)",Lab-controlled / Simulated classroom (Children exposed to emotional stimulus videos),Students (Children: TD and ASD),"60 expression sequences (30 TD, 30 ASD); each sequence = 1200 frames. Public datasets used: CK+ (~309 sequences), Oulu-CASIA (480 sequences), MMI (213 sequences).","Preschool children (exact age range not explicitly stated in text, but referenced as early childhood).",NR (Not reported),"CK+, Oulu-CASIA, MMI, Custom (Child Empathy dataset)",Mixed (Public benchmarks + Custom novel dataset),Facial video / Static image (frames extracted from sequences),"6 basic expression categories (anger, disgust, fear, happiness, sadness, surprise); K intensity levels (estimated continuously 0 to K-1).","Public datasets: Expert labellers (standard dataset labels).
Intensity labels: Automated (Linear interpolation + Gaussian function).
Child Empathy dataset: Expert labellers (Psychologist labeled dominant facial expression).",Lab-controlled (for all datasets; Child empathy dataset recorded under controlled emotional stimulus).,No,"No (Explicitly stated: ""To guarantee a fair comparison with previous methods, no data augmentation was used in our experiments."")",CNN / Hybrid (Siamese-like CNN),VGG-16 (Siamese architecture with shared parameters),N/A (unimodal - facial frames),N/A,Sliding window / Pairwise frame sampling (Expressive frame + corresponding neutral frame from same sequence),No,Yes,Partially (Fine-tuned using VGG-Face pretrained model; FC layers specifically trained with lr=0.0001),Custom (Combination of Cross-entropy for 2 subtasks and l2-norm loss: loss_total = ‖w‖2 + γ1lossS1 + γ2lossS2 + γ3*lossS3),SGD (Stochastic Gradient Descent),0.0001 (for fully connected layers); No scheduler mentioned.,32 (frames or frame pairs),3000 iterations,"L2 regularisation (implied by ‖w‖2 in loss), Weight decay (implied)",No,N/A,N/A,N/A,Not evaluated,No,N/A,Not specified,MTCNN (Used for facial landmark detection and alignment),No,No,"Partially (Mentioned in figure caption: ""the eye region is masked for privacy"", but no computational privacy measures like encryption or federated learning).",FER (facial expression) / Engagement detection (Empathy ability evaluation),6 basic (Ekman) + continuous intensity estimation (0 to K-1),"Yes (Reported for peak, weak, and combined expressions. E.g., Peak expression CK+: 96.25%; Oulu-CASIA: 87.27%; MMI: 84.89%. Child Empathy TD: 93.3%; ASD: 90.0%)",No,No,No,Yes (MAE reported for intensity estimation. CK+: 0.087; MMI: 0.139)," No, but PCC (Pearson correlation coefficient) and ICC (intraclass correlation coefficient) reported. (CK+ PCC: 0.943, ICC: 0.915; MMI PCC: 0.878, ICC: 0.839)","Yes (Compared against VGG-16 baseline, PPDN, CSPL, AdaGabor, LBPSVM, BDBN, 3DCNN-DAP, STM-ExpLet, DTAGN, HOG 3D, Atlases).",Yes,Yes (Tested VGG-16 with EILD vs. Siamese with EILD vs. Siamese without EILD to prove the contribution of both the label distribution and the network architecture).,No,Yes (Model trained on CK+ was tested on the custom Child Empathy dataset).,Peak expression recognition accuracy of 96.25% on CK+; Intensity estimation MAE of 0.087 on CK+; 93.3% recognition accuracy on TD children and 90.0% on ASD children using cross-dataset validation.,No,"None reported (Though they compare TD vs. ASD, they do not frame the model's performance difference as an algorithmic bias issue).",Not stated,No,None,Lab-controlled only (Constrained conditions); Small N for Child Empathy dataset (60 sequences).,"Generalisation failure / Poor occlusion handling (Explicitly stated: ""when head pose deviation or partial occlusion occurs, the proposed method fails to provide an accurate prediction"").",N/A (No XAI used),Not tested in real classroom / Hardware dependency not discussed for real-time.,"Existing FEA methods focus only on expression categories and neglect expression intensity, which is critical for fine-grained emotion analysis. Also, there is a lack of objective, non-invasive methods to analyze empathy ability in children.",Optimize the method to deal with unconstrained conditions via: 1) Head-pose-independent FEA by disentangling head pose features from expression features; 2) Occlusion-aware FEA by exploring discriminative local features and effective gate mechanisms.,Yes,"",Yes,"",Partial,"",Partial,"",Yes,"",Yes,"",No,"",Yes,""
119,Banerjee 2026,ExpressNet-MoE: A hybrid deep neural network for emotion recognition,Sarbajit Paul Bappy,"Banerjee, D., Gothwal, P., & Biswas, A. K. (2026). ExpressNet-MoE: A hybrid CNN-based mixture of experts architecture for facial emotion recognition. Machine Learning with Applications, 23, 100830.",2026,ExpressNet-MoE: A Hybrid CNN-Based Mixture of Experts Architecture for Facial Emotion Recognition,Machine Learning with Applications (Elsevier),Primary empirical study; deep learning model development and benchmarking,"To develop a novel hybrid facial emotion recognition (FER) architecture called ExpressNet-MoE that combines CNN feature extractors, transfer learning, and a Mixture of Experts (MoE) mechanism to improve emotion recognition performance across challenging FER datasets.","RQ1, RQ2, RQ3, partially RQ4 and RQ5","USA (University of Colorado Denver), though datasets are multinational/public.",Not applicable,Not directly evaluated; FER model applicable to engagement detection systems.,Facial image datasets (human subjects in FER datasets),"Multiple benchmark datasets used (AffectNet7, AffectNet8, RAF-DB, FER-2013). Exact combined sample size not reported in retrieved sections.",Not Reported,Not Reported,"AffectNet7, AffectNet8, RAF-DB, FER-2013",Public,Static facial images,AffectNet7: 7 emotions; AffectNet8: 8 emotions (including contempt); RAF-DB and FER-2013: 7 emotions,Dataset-specific; generally expert/crowdsourced annotations (not explicitly detailed in retrieved text),In-the-wild facial expression datasets,"Partially discussed; imbalance identified as a challenge, but no dedicated balancing technique reported.",Not explicitly reported; suggested as future improvement.,Hybrid CNN + Transfer Learning + Mixture of Experts (MoE),ExpressNet-MoE,Intermediate feature fusion,None (single facial-image modality with multiple feature extractors),None,No attention module in current architecture; proposed as future enhancement.,Yes,Feature extraction using pretrained ResNet-50 trained on VGGFace2; classification head removed (include_top=False).,Categorical Cross-Entropy with Label Smoothing,Adam,Learning rate = 10⁻⁴; adaptive LR reduction used,32,15 epochs,"Dropout (0.1–0.5), Label Smoothing, Early Stopping, Checkpointing",No,None,None,No,Indirectly; proposed for real-world FER applications.,No,Not Reported,TensorFlow 2.0; 4 NVIDIA Titan Xp GPUs,MediaPipe face preprocessing/cropping pipeline,No,No,Not Reported,Facial Expression Recognition (FER),"Anger, Disgust, Fear, Happy, Neutral, Sad, Surprise (+ Contempt in AffectNet8)",AffectNet7: 74.77%; AffectNet8: 72.55%; RAF-DB: 84.29%; FER-2013: 64.66%,Reported per class and macro averaged,Not Reported,No,N/A,N/A,"ViT, MobileNet-v1, EfficientNet-B0/B2, EmoNeXt family, Face2Nodes, DDAMFN, QCS, DCNN-CBAM, NorFace, D-CNN, FER-VT, ResEmoteNet, GZS-ConvNet.",Yes,No evidence found,Yes; p-values reported from repeated experiments (n=3).,Yes; evaluated across four benchmark datasets.,"74.77% (AffectNet7), 72.55% (AffectNet8), 84.29% (RAF-DB), 64.66% (FER-2013).",Partial,"Demographic diversity, class imbalance, lighting variation, occlusion, skin-color differences.","Transfer learning, ensemble feature extraction, MoE adaptive learning.",No,None,Class imbalance; noisy labels; grayscale low-resolution FER-2013 images; occluded RAF-DB faces.,Lower performance on RAF-DB and FER-2013; difficulty recognizing underrepresented emotions.,No explainability framework incorporated.,Real-world deployment not experimentally validated; no latency analysis.,"Existing FER systems struggle with real-world variability, class imbalance, occlusion, lighting changes, and adaptive feature selection.","Improve expert-selection mechanisms, increase number of experts, add attention modules, enhance preprocessing, improve dataset diversity, and use stronger augmentation techniques.",Yes,Study clearly proposes a new hybrid FER architecture (ExpressNet-MoE) and evaluates it on four benchmark datasets.,Yes,"Uses multiple feature extractors, transfer learning, MoE architecture, multi-dataset evaluation, and repeated experiments.",Yes,"Architecture, hyperparameters, optimizer, learning rate, hardware configuration, datasets, and public code repository are provided.",Partial,"Datasets are clearly identified and discussed, but demographic composition and annotation procedures are not fully described in the paper sections reviewed.",Yes,"Accuracy, precision, recall, F1-score, per-class accuracy, macro averages, repeated trials, and p-values are reported.",Yes,Extensive comparison against more than 15 contemporary FER models and statistical testing included.,Not Reported,No explainability method was implemented or evaluated.,Yes,"Authors discuss class imbalance, noisy labels, grayscale images, occlusion, preprocessing limitations, and future improvements."
119,Banerjee 2026,ExpressNet-MoE: A hybrid deep neural network for emotion recognition,Consensus,"Banerjee, D., Gothwal, P., & Biswas, A. K. (2026). ExpressNet-MoE: A hybrid CNN-based mixture of experts architecture for facial emotion recognition. Machine Learning with Applications, 23, 100830.",2026,ExpressNet-MoE: A Hybrid CNN-Based Mixture of Experts Architecture for Facial Emotion Recognition,Machine Learning with Applications (Elsevier),Primary empirical study; deep learning model development and benchmarking,"To develop a novel hybrid facial emotion recognition (FER) architecture called ExpressNet-MoE that combines CNN feature extractors, transfer learning, and a Mixture of Experts (MoE) mechanism to improve emotion recognition performance across challenging FER datasets.","RQ1, RQ2, RQ3, partially RQ4 and RQ5","USA (University of Colorado Denver), though datasets are multinational/public.",Not applicable,Not directly evaluated; FER model applicable to engagement detection systems.,Facial image datasets (human subjects in FER datasets),"Multiple benchmark datasets used (AffectNet7, AffectNet8, RAF-DB, FER-2013). Exact combined sample size not reported in retrieved sections.",Not Reported,Not Reported,"AffectNet7, AffectNet8, RAF-DB, FER-2013",Public,Static facial images,AffectNet7: 7 emotions; AffectNet8: 8 emotions (including contempt); RAF-DB and FER-2013: 7 emotions,Dataset-specific; generally expert/crowdsourced annotations (not explicitly detailed in retrieved text),In-the-wild facial expression datasets,"Partially discussed; imbalance identified as a challenge, but no dedicated balancing technique reported.",Not explicitly reported; suggested as future improvement.,Hybrid CNN + Transfer Learning + Mixture of Experts (MoE),ExpressNet-MoE,Intermediate feature fusion,None (single facial-image modality with multiple feature extractors),None,No attention module in current architecture; proposed as future enhancement.,Yes,Feature extraction using pretrained ResNet-50 trained on VGGFace2; classification head removed (include_top=False).,Categorical Cross-Entropy with Label Smoothing,Adam,Learning rate = 10⁻⁴; adaptive LR reduction used,32,15 epochs,"Dropout (0.1–0.5), Label Smoothing, Early Stopping, Checkpointing",No,None,None,No,Indirectly; proposed for real-world FER applications.,No,Not Reported,TensorFlow 2.0; 4 NVIDIA Titan Xp GPUs,MediaPipe face preprocessing/cropping pipeline,No,No,Not Reported,Facial Expression Recognition (FER),"Anger, Disgust, Fear, Happy, Neutral, Sad, Surprise (+ Contempt in AffectNet8)",AffectNet7: 74.77%; AffectNet8: 72.55%; RAF-DB: 84.29%; FER-2013: 64.66%,Reported per class and macro averaged,Not Reported,No,N/A,N/A,"ViT, MobileNet-v1, EfficientNet-B0/B2, EmoNeXt family, Face2Nodes, DDAMFN, QCS, DCNN-CBAM, NorFace, D-CNN, FER-VT, ResEmoteNet, GZS-ConvNet.",Yes,No evidence found,Yes; p-values reported from repeated experiments (n=3).,Yes; evaluated across four benchmark datasets.,"74.77% (AffectNet7), 72.55% (AffectNet8), 84.29% (RAF-DB), 64.66% (FER-2013).",Partial,"Demographic diversity, class imbalance, lighting variation, occlusion, skin-color differences.","Transfer learning, ensemble feature extraction, MoE adaptive learning.",No,None,Class imbalance; noisy labels; grayscale low-resolution FER-2013 images; occluded RAF-DB faces.,Lower performance on RAF-DB and FER-2013; difficulty recognizing underrepresented emotions.,No explainability framework incorporated.,Real-world deployment not experimentally validated; no latency analysis.,"Existing FER systems struggle with real-world variability, class imbalance, occlusion, lighting changes, and adaptive feature selection.","Improve expert-selection mechanisms, increase number of experts, add attention modules, enhance preprocessing, improve dataset diversity, and use stronger augmentation techniques.",Yes,"",Yes,"",Yes,"",Partial,"",Yes,"",Yes,"",Not Reported,"",Yes,""
99,Bala 2023,Implementation of an adaptive E-learning platform with facial emotion recognition,Sarbajit Paul Bappy,"Bala, M. M., Akkineni, H., Sirivella, S. A., Ambati, S., & Potharaju Venkata Sai, K. V. (2023). Implementation of an adaptive E-learning platform with facial emotion recognition. Microsystem Technologies, 29, 609-619. https://doi.org/10.1007/s00542-023-05420-1",2023,Implementation of an adaptive E-learning platform with facial emotion recognition,Microsystem Technologies,Proof-of-concept / Empirical,"To design and implement an adaptive E-learning environment that identifies facial emotions from a video stream of participants and fuses these basic emotions to categorize the learner's mood/type (Active, Passive, Non-Learner, Evaluative) to assist teachers in improving teaching strategies.","RQ1 (DL Methodology), RQ3 (Performance Metrics), RQ4 (Real-time Deployment)","India (Institute of Aeronautical Engineering, Hyderabad; PVP Siddhartha Institute of Technology, Vijayawada)",Higher Ed (Implied by institutional affiliations),Custom adaptive E-learning platform / Live webcam feed,Students,"FER2013 dataset: 35,887 images. Live testing sample: 189 frames across 7 emotions (as per Table 3).",Not reported,Not reported,FER2013,Public,Static image," 7 basic emotions (Angry, Disgust, Fear, Happy, Sad, Surprise, Neutral) mapped to 4 learner categories (Active, Passive, Non-Learner, Evaluative)",Not stated (Standard FER2013 crowdsourced labels),In-the-wild (Standard FER2013),Not stated,Not stated,CNN,"Custom 13-layer CNN (4 convolutional layers, 3 max-pooling layers, 3 dropout layers, 1 flatten layer, 2 fully connected/dense layers)","Late fusion / Rule-based mapping (Basic facial emotions are classified first, then fused/mapped using logic to define a single learner entity/category)","N/A (Unimodal visual, though emotions are fused conceptually into learner types)",None (Processes individual frames from live feed),No,No,N/A (Trained from scratch),Categorical cross-entropy,Adam,lr=0.0001,64,200 epochs (Also tested at 100 and 150),Dropout (rates of 25% and 50% used in different layers),No,N/A,N/A,No,Yes (Model takes input from a live webcam feed),No,N/A,Local GPU machine (NVIDIA GeForce GTX 1050Ti),HAARCascade / OpenCV,Yes (Integrated into a proposed adaptive E-learning system to prompt the learner's mood/category),"Yes (Assists the teacher by notifying them of the student's learner category, helping them improve teaching strategies)",None,FER (facial expression recognition) / Engagement detection (Learner categorization),"7 basic emotions (Ekman + Neutral); 4 engagement/learner states (Active Learner, Passive Learner, Non-Learner, Evaluative Learner)","94.44% (100 epochs), 96.81% (150 epochs), 97.40% (200 epochs)",Not reported,Not reported,No,Not reported,Not reported,"Compares against MCA-VGGNet (63-91%), CNN (72.4%), CNN-RNN (65%), DCCN HAAR Cascade (70%), and deep neural network (61.10%).",Yes,"Partially (Tested performance variation across epoch counts: 100, 150, 200)",No,No,97.40% accuracy on the FER2013 test set for 7-class emotion recognition; detection rates on live feed ranged from 75% (Disgust) to 94% (Neutral).,No,None reported,None,No,None,"None explicitly stated, though FER2013 is known for class imbalance which wasn't addressed.",None explicitly stated.,N/A,None explicitly stated (Inference speed/latency not discussed despite live feed usage),"Existing E-learning platforms lack the ability to support the emotional side of students and classify their learning state (Active, Passive, etc.) automatically based on facial cues.",Continue to investigate and understand the emotional status of students in virtual classes and notify their state.,Yes,"The authors explicitly state their focus on ""a step-by-step process of design and implementation of an adaptive E-learning system"" with the main objective of ""identification of features, the fusion of basic features to categorize the learner’s mood by taking the input as a video stream of participants"" into four categories: active learner, passive learner, non-learner, and evaluative learner.",Partial,"Using a CNN for facial emotion recognition from video frames is a standard and appropriate deep learning approach. Additionally, the rule-based mapping of recognized emotions to learner categories addresses the application goal. However, claiming a 97.40% accuracy on the FER2013 dataset is highly unusual and contradicts the general consensus in the literature (where FER2013 is a challenging, noisy dataset and SOTA typically ranges in the high 80s to low 90s for 7-class classification). This casts doubt on the methodological rigor, likely indicating overfitting, data leakage, or issues with the train/test split that were not addressed.",Partial,"The custom 13-layer CNN architecture is described layer-by-layer, and key hyperparameters are provided (Adam optimizer, lr=0.0001, batch size=64, 200 epochs). The dataset (FER2013) is also public. However, the exact train/test split strategy is not detailed, the code/model weights are not released, and the specific rules used for the ""fusion of basic features"" to map to learner categories are only vaguely described in the text rather than formally defined, making exact replication difficult.",Partial,"The source dataset (FER2013) is identified, and basic details like image size (48x48 grayscale), total number of images (35,887), and class distribution (referenced in Fig. 3) are provided. However, the annotation method is not discussed, and the demographic composition of the faces in the dataset is completely omitted.",No,"The study relies almost exclusively on accuracy as the evaluation metric. This is inappropriate for the FER2013 dataset, which is notoriously imbalanced (as seen in the referenced Fig. 3, where ""happy"" heavily outweighs ""disgust""). Without reporting Precision, Recall, or F1-score, the 97.40% accuracy claim is misleading, as the model could simply be dominating the majority classes. A confusion matrix for the 7-class problem is also notably absent.",Partial,"The authors compare their proposed model's accuracy against several baseline models (MCA-VGGNet, standard CNN, CNN-RNN, DCCN HAAR Cascade). However, the comparison lacks context, as the baseline accuracies reported for the same dataset are vastly lower (61% - 91%) than the proposed model's 97.40%, yet no analysis is provided for why their simple 13-layer CNN massively outperforms established deep architectures like VGGNet. No statistical significance testing is performed.",Not Reported,"No Explainable AI (XAI) methods were implemented or evaluated. The model acts as a black box for facial emotion recognition, and there is no validation of which facial features the model is actually using to make its predictions.",No,"The authors do not explicitly acknowledge any limitations regarding their model, the dataset, or the evaluation. They do not address the implausibly high accuracy claim, the lack of metrics for imbalanced data, or the absence of latency/real-time performance metrics despite claiming a live webcam feed implementation."
99,Bala 2023,Implementation of an adaptive E-learning platform with facial emotion recognition,Consensus,"Bala, M. M., Akkineni, H., Sirivella, S. A., Ambati, S., & Potharaju Venkata Sai, K. V. (2023). Implementation of an adaptive E-learning platform with facial emotion recognition. Microsystem Technologies, 29, 609-619. https://doi.org/10.1007/s00542-023-05420-1",2023,Implementation of an adaptive E-learning platform with facial emotion recognition,Microsystem Technologies,Proof-of-concept / Empirical,"To design and implement an adaptive E-learning environment that identifies facial emotions from a video stream of participants and fuses these basic emotions to categorize the learner's mood/type (Active, Passive, Non-Learner, Evaluative) to assist teachers in improving teaching strategies.","RQ1 (DL Methodology), RQ3 (Performance Metrics), RQ4 (Real-time Deployment)","India (Institute of Aeronautical Engineering, Hyderabad; PVP Siddhartha Institute of Technology, Vijayawada)",Higher Ed (Implied by institutional affiliations),Custom adaptive E-learning platform / Live webcam feed,Students,"FER2013 dataset: 35,887 images. Live testing sample: 189 frames across 7 emotions (as per Table 3).",Not reported,Not reported,FER2013,Public,Static image," 7 basic emotions (Angry, Disgust, Fear, Happy, Sad, Surprise, Neutral) mapped to 4 learner categories (Active, Passive, Non-Learner, Evaluative)",Not stated (Standard FER2013 crowdsourced labels),In-the-wild (Standard FER2013),Not stated,Not stated,CNN,"Custom 13-layer CNN (4 convolutional layers, 3 max-pooling layers, 3 dropout layers, 1 flatten layer, 2 fully connected/dense layers)","Late fusion / Rule-based mapping (Basic facial emotions are classified first, then fused/mapped using logic to define a single learner entity/category)","N/A (Unimodal visual, though emotions are fused conceptually into learner types)",None (Processes individual frames from live feed),No,No,N/A (Trained from scratch),Categorical cross-entropy,Adam,lr=0.0001,64,200 epochs (Also tested at 100 and 150),Dropout (rates of 25% and 50% used in different layers),No,N/A,N/A,No,Yes (Model takes input from a live webcam feed),No,N/A,Local GPU machine (NVIDIA GeForce GTX 1050Ti),HAARCascade / OpenCV,Yes (Integrated into a proposed adaptive E-learning system to prompt the learner's mood/category),"Yes (Assists the teacher by notifying them of the student's learner category, helping them improve teaching strategies)",None,FER (facial expression recognition) / Engagement detection (Learner categorization),"7 basic emotions (Ekman + Neutral); 4 engagement/learner states (Active Learner, Passive Learner, Non-Learner, Evaluative Learner)","94.44% (100 epochs), 96.81% (150 epochs), 97.40% (200 epochs)",Not reported,Not reported,No,Not reported,Not reported,"Compares against MCA-VGGNet (63-91%), CNN (72.4%), CNN-RNN (65%), DCCN HAAR Cascade (70%), and deep neural network (61.10%).",Yes,"Partially (Tested performance variation across epoch counts: 100, 150, 200)",No,No,97.40% accuracy on the FER2013 test set for 7-class emotion recognition; detection rates on live feed ranged from 75% (Disgust) to 94% (Neutral).,No,None reported,None,No,None,"None explicitly stated, though FER2013 is known for class imbalance which wasn't addressed.",None explicitly stated.,N/A,None explicitly stated (Inference speed/latency not discussed despite live feed usage),"Existing E-learning platforms lack the ability to support the emotional side of students and classify their learning state (Active, Passive, etc.) automatically based on facial cues.",Continue to investigate and understand the emotional status of students in virtual classes and notify their state.,Yes,"",Partial,"",Partial,"",Partial,"",No,"",Partial,"",Not Reported,"",No,""
91,Mohana 2025,XAI-DSCSA: explainable-AI-based deep semi-supervised convolutional sparse autoencoder for facial expression recognition,Sarbajit Paul Bappy,"Mohana, M., Subashini, P., & Ghinea, G. (2025). XAI-DSCSA: explainable-AI-based deep semi-supervised convolutional sparse autoencoder for facial expression recognition. Signal, Image and Video Processing, 19, 394. https://doi.org/10.1007/s11760-025-03984-1",2025,XAI-DSCSA: explainable-AI-based deep semi-supervised convolutional sparse autoencoder for facial expression recognition,"Signal, Image and Video Processing",Proof-of-concept / Primary empirical,"To propose a novel Deep Semi-supervised Convolutional Sparse Autoencoder (DSCSA) to enhance FER performance and prediction accuracy with fewer samples and parameters, addressing overfitting and high computational costs in conventional CNNs.","RQ1 (DL Methodology), RQ2 (Datasets), RQ3 (Performance), RQ4 (XAI & Limitations)
",India / UK (Authors' affiliations),"Not specified (Mentions e-learning as a general application area, but study does not target a specific educational level)
",N/A (Lab-controlled / Static images)," Not applicable (Uses pre-existing image datasets)
",CK+: 593 video sequences (images); JAFFE: 213 images,CK+: 18–50 years; JAFFE: Not specified,CK+: NR; JAFFE: 100% Female (10 female subjects),"CK+ (Extended Cohn-Kanade), JAFFE (Japanese Female Facial Expression)",Public,Static image,"CK+: 8 classes (happy, angry, sad, surprised, contempt, disgust, fear, neutral); JAFFE: 7 classes (angry, disgusted, fearful, happy, neutral, sad, surprised)",Not stated (Inherent to the benchmark datasets),Lab-controlled,Yes (method: Data augmentation is mentioned to increase dataset size and balance samples to avoid overfitting; specific technique not detailed),"Yes (Authors state ""data argumentation has been used"", but do not specify methods like rotation/flipping)",Hybrid (CNN-Autoencoder),DSCSA (Deep Semi-supervised Convolutional Sparse Autoencoder),N/A (unimodal),N/A,None,No,No (Trained from scratch using unsupervised pre-training on unlabeled data),Partially (Encoder weights learned via unsupervised reconstruction are fine-tuned in a semi-supervised manner with labeled data using a SoftMax layer),"MSE (for autoencoder reconstruction), Categorical Cross-Entropy (for classification), KL-divergence (for sparsity penalty)",Adam, lr=0.001; Not stated (scheduler),32,100 epochs,"Sparsity penalty (KL-divergence), Batch normalization
",Yes,"Grad-CAM, Image-LIME",Qualitative visualisation (Heatmaps and super-pixel mapping analyzed against expected Facial Action Units),No,"No (Authors mention FER in real-time environments as a general problem, but do not evaluate/claim real-time capability for this specific model)",Yes (Training and testing times reported rather than inference latency),"Testing time: 2s (CK+), 2.5s (JAFFE) for the full test set","Not specified (Experiment ran on HP laptop with i3-1215U, 4GB RAM, and Google Colab with T4 GPU)",Other (Improved Viola-Jones algorithm with PSO),No,No,None,FER (facial expression),7/8 basic (Ekman) + neutral/contempt,CK+: 98.98%; JAFFE: 93.10%,"CK+: P=0.97, R=0.99, F1=0.98; JAFFE: P=0.93, R=0.94, F1=0.93 (Macro/Weighted not specified, likely macro or overall)
","Visual ROC curves provided, specific AUC values not reported.",Yes,"MSE reported for reconstruction loss (CK+: 0.0415, JAFFE: 0.0517)
","N/A
","CNN, DenseNet-121, CAE (Convolutional Autoencoder)","Yes (Compared against AlexNet, RBM, PNN, DBN, cGAN, Boosted-LBP+SVM, etc.)",No,No,No,"98.98% accuracy on CK+ and 93.10% accuracy on JAFFE, outperforming baseline CNN, DenseNet-121, and CAE.",No,"None reported (Though JAFFE is single-culture/gender, and CK+ is lab-controlled)",None,"Partially (The introduction mentions that the 7 primary expressions are culture-specific and not universally applicable, but the study does not address this in its methodology or evaluation)",None,Small N / Lab-controlled only / Limited modalities (Static images only),"High computational cost for conventional deep networks (addressed partially by DSCSA, but still relies on external GPU for training); Misclassifications noted due to similarities in facial features across expressions (e.g., fear misidentified as disgust).
",XAI not validated quantitatively (no user study or faithfulness metrics),Not tested in real classroom / real-time environment; FER on static images may not fully capture real user emotions.,"Designing a computationally effective FER model using fewer datasets and incurring less computational cost, as most supervised FER systems rely on large labeled datasets and deep layers leading to overfitting.",A multimodal-based FER system will be proposed to analyze dynamic user emotion prediction and analysis (moving from static images to dynamic/multimodal data).,Yes,"The study explicitly states its aim to propose a novel Deep Semi-supervised Convolutional Sparse Autoencoder (DSCSA) to enhance FER performance and prediction accuracy with fewer samples and parameters, specifically addressing overfitting and computational costs associated with deep CNNs.
",Yes,The semi-supervised autoencoder approach with sparsity penalties is a well-suited and logical methodology to address the stated problem of learning discriminative features from limited labeled data while preventing trivial identity mapping and overfitting.,Partial,"Key hyperparameters (lr=0.001, batch size=32, epochs=100, optimizer=Adam) and the general architecture (filter sizes, neuron counts) are provided. However, code or model weights are not publicly released, the data augmentation techniques are vaguely described (""data argumentation has been used""), and the exact train/test split logic beyond ""80/20 hold-out"" is not detailed.",Partial,"The source, size, and class distributions of the CK+ and JAFFE datasets are clearly reported. However, demographic diversity (race/ethnicity beyond ""Japanese females"" for JAFFE) and detailed label annotation methods are not described, and class imbalance strategies are mentioned but not explicitly detailed.
",Yes,"The study uses standard and appropriate metrics for classification (Accuracy, Precision, Recall, F1-Score), reconstruction (MSE, PSNR), and provides confusion matrices and ROC curves. Per-class misclassifications are also discussed.
",Partial,"The model is compared against strong baselines (CNN, DenseNet-121, CAE) and several state-of-the-art methods from the literature. However, no statistical significance testing (e.g., t-test, p-values) is conducted to validate that the improvements over SOTA are statistically meaningful.",Partial,"XAI methods (Grad-CAM and Image-LIME) are implemented and used to qualitatively visualize which facial features contributed to the predictions, correlating them with Facial Action Units. However, the XAI is not validated beyond visualization—there is no user study, faithfulness metric, or quantitative ablation to support the explanation quality.",Partial,"The authors acknowledge that FER on static images may not fully capture real emotions and note specific misclassification trends in the confusion matrix. They also mention that models struggle in complex real-time environments with occlusion/illumination. However, they do not deeply discuss the limitations of their XAI approach or the demographic/cultural biases inherent in their chosen datasets (CK+ and JAFFE).


"
91,Mohana 2025,XAI-DSCSA: explainable-AI-based deep semi-supervised convolutional sparse autoencoder for facial expression recognition,Consensus,"Mohana, M., Subashini, P., & Ghinea, G. (2025). XAI-DSCSA: explainable-AI-based deep semi-supervised convolutional sparse autoencoder for facial expression recognition. Signal, Image and Video Processing, 19, 394. https://doi.org/10.1007/s11760-025-03984-1",2025,XAI-DSCSA: explainable-AI-based deep semi-supervised convolutional sparse autoencoder for facial expression recognition,"Signal, Image and Video Processing",Proof-of-concept / Primary empirical,"To propose a novel Deep Semi-supervised Convolutional Sparse Autoencoder (DSCSA) to enhance FER performance and prediction accuracy with fewer samples and parameters, addressing overfitting and high computational costs in conventional CNNs.","RQ1 (DL Methodology), RQ2 (Datasets), RQ3 (Performance), RQ4 (XAI & Limitations)
",India / UK (Authors' affiliations),"Not specified (Mentions e-learning as a general application area, but study does not target a specific educational level)
",N/A (Lab-controlled / Static images)," Not applicable (Uses pre-existing image datasets)
",CK+: 593 video sequences (images); JAFFE: 213 images,CK+: 18–50 years; JAFFE: Not specified,CK+: NR; JAFFE: 100% Female (10 female subjects),"CK+ (Extended Cohn-Kanade), JAFFE (Japanese Female Facial Expression)",Public,Static image,"CK+: 8 classes (happy, angry, sad, surprised, contempt, disgust, fear, neutral); JAFFE: 7 classes (angry, disgusted, fearful, happy, neutral, sad, surprised)",Not stated (Inherent to the benchmark datasets),Lab-controlled,Yes (method: Data augmentation is mentioned to increase dataset size and balance samples to avoid overfitting; specific technique not detailed),"Yes (Authors state ""data argumentation has been used"", but do not specify methods like rotation/flipping)",Hybrid (CNN-Autoencoder),DSCSA (Deep Semi-supervised Convolutional Sparse Autoencoder),N/A (unimodal),N/A,None,No,No (Trained from scratch using unsupervised pre-training on unlabeled data),Partially (Encoder weights learned via unsupervised reconstruction are fine-tuned in a semi-supervised manner with labeled data using a SoftMax layer),"MSE (for autoencoder reconstruction), Categorical Cross-Entropy (for classification), KL-divergence (for sparsity penalty)",Adam, lr=0.001; Not stated (scheduler),32,100 epochs,"Sparsity penalty (KL-divergence), Batch normalization
",Yes,"Grad-CAM, Image-LIME",Qualitative visualisation (Heatmaps and super-pixel mapping analyzed against expected Facial Action Units),No,"No (Authors mention FER in real-time environments as a general problem, but do not evaluate/claim real-time capability for this specific model)",Yes (Training and testing times reported rather than inference latency),"Testing time: 2s (CK+), 2.5s (JAFFE) for the full test set","Not specified (Experiment ran on HP laptop with i3-1215U, 4GB RAM, and Google Colab with T4 GPU)",Other (Improved Viola-Jones algorithm with PSO),No,No,None,FER (facial expression),7/8 basic (Ekman) + neutral/contempt,CK+: 98.98%; JAFFE: 93.10%,"CK+: P=0.97, R=0.99, F1=0.98; JAFFE: P=0.93, R=0.94, F1=0.93 (Macro/Weighted not specified, likely macro or overall)
","Visual ROC curves provided, specific AUC values not reported.",Yes,"MSE reported for reconstruction loss (CK+: 0.0415, JAFFE: 0.0517)
","N/A
","CNN, DenseNet-121, CAE (Convolutional Autoencoder)","Yes (Compared against AlexNet, RBM, PNN, DBN, cGAN, Boosted-LBP+SVM, etc.)",No,No,No,"98.98% accuracy on CK+ and 93.10% accuracy on JAFFE, outperforming baseline CNN, DenseNet-121, and CAE.",No,"None reported (Though JAFFE is single-culture/gender, and CK+ is lab-controlled)",None,"Partially (The introduction mentions that the 7 primary expressions are culture-specific and not universally applicable, but the study does not address this in its methodology or evaluation)",None,Small N / Lab-controlled only / Limited modalities (Static images only),"High computational cost for conventional deep networks (addressed partially by DSCSA, but still relies on external GPU for training); Misclassifications noted due to similarities in facial features across expressions (e.g., fear misidentified as disgust).
",XAI not validated quantitatively (no user study or faithfulness metrics),Not tested in real classroom / real-time environment; FER on static images may not fully capture real user emotions.,"Designing a computationally effective FER model using fewer datasets and incurring less computational cost, as most supervised FER systems rely on large labeled datasets and deep layers leading to overfitting.",A multimodal-based FER system will be proposed to analyze dynamic user emotion prediction and analysis (moving from static images to dynamic/multimodal data).,Yes,"",Yes,"",Partial,"",Partial,"",Yes,"",Partial,"",Partial,"",Partial,""
87,Gupta 2023,A multimodal facial cues based engagement detection system in e-learning context using deep learning approach,Sarbajit Paul Bappy,"Gupta, S., Kumar, P., & Tekchandani, R. (2023). A multimodal facial cues based engagement detection system in e-learning context using deep learning approach. Multimedia Tools and Applications, 82, 28589–28615.",2023,A multimodal facial cues based engagement detection system in e-learning context using deep learning approach,Multimedia Tools and Applications (Springer),Experimental deep learning study proposing a real-time multimodal engagement detection framework,"To develop a real-time engagement detection system for e-learning using multimodal facial cues (facial emotion, eye blinking, and head movement) and deep learning methods.","Implicitly addresses: (1) multimodal engagement detection architecture, (2) facial emotion recognition using deep CNNs, (3) real-time engagement evaluation, (4) comparison with existing methods.","India (Thapar Institute of Engineering and Technology, Punjab, India)",Undergraduate and graduate students in e-learning environments,Real-time online learning / e-learning sessions using webcam video streams,Undergraduate and graduate students,50 students,19–25 years old,Not Reported,"WIDER Face, FER-2013, CK+, Own Dataset",Public benchmark datasets + custom dataset,"Facial images, facial expressions, webcam video streams","6 emotion classes: Happy, Neutral, Surprise, Sad, Angry, Fear",Public datasets use existing labels; own dataset manually collected and labelled with six emotions.,E-learning engagement monitoring using webcam streams. Own dataset collected from undergraduate students.,Not Reported,Not Reported,Multimodal framework combining CNN-based facial emotion recognition with facial landmark-based eye and head analysis,VGG19 and ResNet-50 for facial emotion recognition; Faster R-CNN for face detection; Dlib 68-point facial landmarks for eye/head tracking,"Decision-level fusion through Engagement Index (EI) combining emotion, eye-blink, and head movement outputs",Facial Emotion + Eye Blinking + Head Movement,Frame-based real-time video processing,No,Yes. Models initialized using WIDER Face dataset weights.,"Trained and tested on FER-2013, CK+, and own dataset.",Binary Cross Entropy,SGD,Not mentioned,128,20,Batch Normalization,No,None,None,Not discussed,Yes,No,Not mentioned,Webcam-based e-learning environment,Faster R-CNN + Facial Landmark Detection + Deep CNNs (VGG19/ResNet50),No direct LMS integration reported,"Yes, engagement feedback intended for teachers in real time.",Not Reported,Student Engagement Detection,"Happy, Neutral, Surprise, Sad, Angry, Fear",92.58%,Per class,No,Yes,No,No,"Thomas et al. (85%), Liu et al. (70%), Nezami et al. (72.38%), Hasnine et al. (73.40%)",Yes,No,No,Partial (multiple datasets combined),Engagement detection accuracy = 92.58%,No,None,None,No,None,Lack of standardized engagement/disengagement datasets.,Lack of pre-trained engagement-specific models.,No explainability mechanism.,Requires large buffer space due to frame-by-frame processing.,Existing studies use individual modalities and are often offline or classroom-based; lack multimodal real-time engagement systems.,Combine multimodal approach with EEG/ECG sensors; evaluate on special-needs students; test additional deep learning models; extend beyond education domain.,Yes,Objective clearly stated: real-time multimodal engagement detection in e-learning using facial cues.,Yes,"Multimodal framework combining facial emotion recognition, eye blinking, and head movement analysis.",Partial,"Detailed algorithms, architectures, hyperparameters, and datasets reported, but source code unavailable.",Yes,"Dataset sizes, characteristics, image properties, and collection process described.",Yes,"Accuracy, Precision, Recall, F1-score, Confusion Matrix reported.",Yes,Compared against multiple published engagement detection systems.,No,No XAI technique or interpretability evaluation included.,Yes,"Computational burden, hardware requirements, lack of engagement datasets, lack of pre-trained models discussed."
87,Gupta 2023,A multimodal facial cues based engagement detection system in e-learning context using deep learning approach,Consensus,"Gupta, S., Kumar, P., & Tekchandani, R. (2023). A multimodal facial cues based engagement detection system in e-learning context using deep learning approach. Multimedia Tools and Applications, 82, 28589–28615.",2023,A multimodal facial cues based engagement detection system in e-learning context using deep learning approach,Multimedia Tools and Applications (Springer),Experimental deep learning study proposing a real-time multimodal engagement detection framework,"To develop a real-time engagement detection system for e-learning using multimodal facial cues (facial emotion, eye blinking, and head movement) and deep learning methods.","Implicitly addresses: (1) multimodal engagement detection architecture, (2) facial emotion recognition using deep CNNs, (3) real-time engagement evaluation, (4) comparison with existing methods.","India (Thapar Institute of Engineering and Technology, Punjab, India)",Undergraduate and graduate students in e-learning environments,Real-time online learning / e-learning sessions using webcam video streams,Undergraduate and graduate students,50 students,19–25 years old,Not Reported,"WIDER Face, FER-2013, CK+, Own Dataset",Public benchmark datasets + custom dataset,"Facial images, facial expressions, webcam video streams","6 emotion classes: Happy, Neutral, Surprise, Sad, Angry, Fear",Public datasets use existing labels; own dataset manually collected and labelled with six emotions.,E-learning engagement monitoring using webcam streams. Own dataset collected from undergraduate students.,Not Reported,Not Reported,Multimodal framework combining CNN-based facial emotion recognition with facial landmark-based eye and head analysis,VGG19 and ResNet-50 for facial emotion recognition; Faster R-CNN for face detection; Dlib 68-point facial landmarks for eye/head tracking,"Decision-level fusion through Engagement Index (EI) combining emotion, eye-blink, and head movement outputs",Facial Emotion + Eye Blinking + Head Movement,Frame-based real-time video processing,No,Yes. Models initialized using WIDER Face dataset weights.,"Trained and tested on FER-2013, CK+, and own dataset.",Binary Cross Entropy,SGD,Not mentioned,128,20,Batch Normalization,No,None,None,Not discussed,Yes,No,Not mentioned,Webcam-based e-learning environment,Faster R-CNN + Facial Landmark Detection + Deep CNNs (VGG19/ResNet50),No direct LMS integration reported,"Yes, engagement feedback intended for teachers in real time.",Not Reported,Student Engagement Detection,"Happy, Neutral, Surprise, Sad, Angry, Fear",92.58%,Per class,No,Yes,No,No,"Thomas et al. (85%), Liu et al. (70%), Nezami et al. (72.38%), Hasnine et al. (73.40%)",Yes,No,No,Partial (multiple datasets combined),Engagement detection accuracy = 92.58%,No,None,None,No,None,Lack of standardized engagement/disengagement datasets.,Lack of pre-trained engagement-specific models.,No explainability mechanism.,Requires large buffer space due to frame-by-frame processing.,Existing studies use individual modalities and are often offline or classroom-based; lack multimodal real-time engagement systems.,Combine multimodal approach with EEG/ECG sensors; evaluate on special-needs students; test additional deep learning models; extend beyond education domain.,Yes,"",Yes,"",Partial,"",Yes,"",Yes,"",Yes,"",No,"",Yes,""
85,Wang 2025,A Lightweight Teaching Assessment Framework Using Facial Expression Recognition for Online Courses,Sarbajit Paul Bappy,"Wang, J., Chen, X., & Zhang, Z. (2025). A lightweight teaching assessment framework using facial expression recognition for online courses. Applied Sciences, 15(23), 12461. https://doi.org/10.3390/app152312461",2025,A lightweight teaching assessment framework using facial expression recognition for online courses,Applied Sciences,Primary empirical / Proof-of-concept / Framework paper,"To propose a lightweight teaching assessment framework (LWKD-ViT) for online courses that accurately captures students' emotions in real-time while ensuring privacy via local processing, using an improved MobileViT-Local model enhanced with knowledge distillation.","RQ1 (Methodology), RQ3 (Performance), RQ4 (Limitations/XAI)",China (Authors affiliated with South China Agricultural University),Higher Ed (Undergraduate and postgraduate students),"Custom online course platform / local device processing
",Students,"26 subjects for custom dataset; Benchmark datasets: FER2013 (35,887), RAF-DB (15,339), RAFD (1607).","19–25 years
","18 males (69.2%), 8 females (30.8%)
","FER2013, RAF-DB, RAFD, SCAUOL (Self-built)", Mixed (Public benchmarks + Custom novel dataset),"Static image (Extracted frames from video streams)

","Benchmarks: 7 basic emotions (Anger, Disgust, Fear, Happiness, Sadness, Surprise, Neutral) + Contempt for RAFD.
SCAUOL: 8 learning emotions (Joy, Inquisitiveness, Contempt, Neutral, Irritation, Perplexity, Tedium, Diversion)
","Expert labellers / Crowdsourced (for public sets); Custom annotation for SCAUOL.

","Lab-controlled / Simulated classroom (SCAUOL collected in quiet, isolated environments replicating self-directed online learning)","Yes (Implicitly via StyleGAN-based data augmentation to expand the small SCAUOL dataset from 1519 to 2519 images)

",Yes (StyleGAN-based generation for SCAUOL; Standard framing/extraction every 48 frames),"ViT / Hybrid (MobileViT variant)
",MobileViT-Local (Improved fusion block) + VOLO-D2 (Teacher model),N/A (Unimodal visual),N/A, Sliding window (3–5 second video segments averaged or processed via lightweight LSTM - mentioned in framework Step 4),"Yes (Transformer self-attention within MobileViT blocks; VOLO uses outlook attention)
",Yes (Implied for MobileViT backbone; YOLO-v7 pre-trained on large-scale facial recognition dataset for face detection),Knowledge distillation (Soft distillation from VOLO-D2 teacher to MobileViT-Local student),Custom (Combination of KL Divergence loss for soft targets and Cross-Entropy loss for hard targets: LTotal = (1 − λ)LCE + λτ2KL),Adam,1 × 10−4; Cosine annealing schedule,16,100 epochs,"Not explicitly stated (Standard ViT regularizations likely apply)
",Yes,Grad-CAM,Qualitative visualisation (Compared Grad-CAMs of student model with and without knowledge distillation to show that KD helps the model focus more precisely on key facial regions rather than global search).,No,Yes,Yes (Reported in FLOPs and model size rather than latency/FPS),Optimal FLOPs = 0.265 G (for XXS variant); Model size = 4.96 M. (Framework designed for real-time local processing on edge devices).,"Edge device / Mobile / Browser (Explicitly designed for laptops with limited GPU, smartphones, and tablets; local student device processing).",YOLO (YOLO-v7 used for face detection and bounding box)," Yes (Framework explicitly features a teacher dashboard receiving feature vectors, with alerts for persistent negative states, designed for seamless incorporation into conferencing software).

",Yes (Real-time heatmaps displaying emotion distribution across the class; personalized summaries of student performance).,"Yes (On-device processing: Emotion analysis performed locally on student devices; only emotion feature vectors/labels are transmitted to the teacher, eliminating the need to upload raw facial videos. Consent-based selective display strategy).","FER (facial expression)
","7/8 basic emotions + 8 custom learning emotions (Joy, Inquisitiveness, Contempt, Neutral, Irritation, Perplexity, Tedium, Diversion)",Yes (Top-1 Accuracy reported. Best on RAF-DB: 81.91%; FER2013: 66.20%; RAFD: 99.17%; SCAUOL: 94.96%),No,No,"Yes (For RAF-DB, FER2013, RAFD)",No,No,"Yes (Compared against MobileViT, EfficientNet, MobileNet v3, DeiT, ShuffleNet, ResNet, Swin-T, ConvNeXt, RegNet, CoAtNet).
",Yes,"Yes (1. Ablation on fusion module: MobileViT vs MobileViT-Local. 2. Ablation on KD: Different teacher models [RegNet, CoAtNet, VOLO]. 3. Ablation on hyperparameters: Different distillation temperatures [τ] and balance coefficients [λ]).",No, Yes (Trained/tested on 3 public benchmarks + 1 custom domain-specific dataset),"On the SCAUOL online learning dataset, the proposed model achieves a prediction accuracy of 94.96%. It maintains competitive accuracy on benchmarks while achieving optimal efficiency (0.265 G FLOPs, 4.96 M size for the XXS variant).",No, None reported,Not stated,No,None,"Low accuracy on FER2013 attributed to data quality issues (low resolution, incorrect annotations in raw data). Small size of the custom SCAUOL dataset required GAN-based augmentation. Disgust expressions are subtle and easily confused with neutral expressions.

",General challenges in processing facial features in real-time while maintaining low computational demands on edge devices.,"XAI used only for qualitative feature extraction validation, not for bias or failure mode analysis.

", None explicitly stated; the framework successfully addresses its lightweight goal.,"Current FER systems rely on large-scale, computationally heavy models unsuitable for edge deployment, and often neglect student privacy by requiring video transmission to remote servers.",Process all raw data (especially FER2013) to enhance classification precision; further optimize the framework for broader deployment in diverse online learning scenarios.,Yes,"The abstract clearly outlines the objective: ""This study proposes LWKD-ViT, a framework designed to accurately capture students’ emotions during online courses... integrated into the online course platform to enhance performance... eliminating the need to transmit videos to the teacher’s computer or a remote server.""",Yes,"The methodology directly targets the research gap of heavy computation and privacy risks. Modifying MobileViT's fusion block reduces parameters, and using Knowledge Distillation (VOLO-D2 as teacher) recovers lost accuracy. The on-device processing framework logically solves the stated privacy concerns.",Yes," The paper provides exceptional detail: specific hardware (i9-9900K, RTX 3090), software (Python 3.9, PyTorch 2.0, CUDA 11.3), dataset splits (8:1:1), and precise hyperparameters (lr=1e-4, cosine annealing, batch=16, 100 epochs, τ=7.0/9.0, λ=0.7). Extensive ablation tables further aid replication.",Yes," Public datasets (FER2013, RAF-DB, RAFD) are well-described. The custom SCAUOL dataset details the participants (N=26, 19-25yrs, 18M/8F), collection environment, 8 specific learning emotion labels, extraction method (1 frame/48), and augmentation (StyleGAN).",Partial,"The study appropriately uses Top-1 Accuracy, FLOPs, and Model Size to evaluate the ""lightweight + accurate"" claim. However, for imbalanced datasets like FER2013 and RAF-DB, relying solely on Accuracy without Macro F1-score or per-class precision/recall (except in the confusion matrices) is a slight weakness, especially given the noted difficulty with the ""disgust"" class.
",Yes,"The paper comprehensively compares the proposed model against 14 mainstream baseline models (including CNNs, ViTs, and hybrids like EfficientNet, ResNet, Swin-T, ConvNeXt) across 4 datasets, and performs rigorous ablation studies on the fusion module, teacher architecture, and distillation hyperparameters.",Partial,"Grad-CAM is used to visually demonstrate that Knowledge Distillation improves the student model's focus on key facial regions. However, this is a qualitative validation of the training mechanism rather than a rigorous evaluation of an XAI system's usability or faithfulness for end-users (e.g., teachers).
",Yes,"The authors explicitly acknowledge the low accuracy on FER2013 due to raw data quality/incorrect annotations, and identify the specific difficulty their model has in distinguishing ""disgust"" from ""neutral"" expressions shown in the confusion matrices."
85,Wang 2025,A Lightweight Teaching Assessment Framework Using Facial Expression Recognition for Online Courses,Consensus,"Wang, J., Chen, X., & Zhang, Z. (2025). A lightweight teaching assessment framework using facial expression recognition for online courses. Applied Sciences, 15(23), 12461. https://doi.org/10.3390/app152312461",2025,A lightweight teaching assessment framework using facial expression recognition for online courses,Applied Sciences,Primary empirical / Proof-of-concept / Framework paper,"To propose a lightweight teaching assessment framework (LWKD-ViT) for online courses that accurately captures students' emotions in real-time while ensuring privacy via local processing, using an improved MobileViT-Local model enhanced with knowledge distillation.","RQ1 (Methodology), RQ3 (Performance), RQ4 (Limitations/XAI)",China (Authors affiliated with South China Agricultural University),Higher Ed (Undergraduate and postgraduate students),"Custom online course platform / local device processing
",Students,"26 subjects for custom dataset; Benchmark datasets: FER2013 (35,887), RAF-DB (15,339), RAFD (1607).","19–25 years
","18 males (69.2%), 8 females (30.8%)
","FER2013, RAF-DB, RAFD, SCAUOL (Self-built)", Mixed (Public benchmarks + Custom novel dataset),"Static image (Extracted frames from video streams)

","Benchmarks: 7 basic emotions (Anger, Disgust, Fear, Happiness, Sadness, Surprise, Neutral) + Contempt for RAFD.
SCAUOL: 8 learning emotions (Joy, Inquisitiveness, Contempt, Neutral, Irritation, Perplexity, Tedium, Diversion)
","Expert labellers / Crowdsourced (for public sets); Custom annotation for SCAUOL.

","Lab-controlled / Simulated classroom (SCAUOL collected in quiet, isolated environments replicating self-directed online learning)","Yes (Implicitly via StyleGAN-based data augmentation to expand the small SCAUOL dataset from 1519 to 2519 images)

",Yes (StyleGAN-based generation for SCAUOL; Standard framing/extraction every 48 frames),"ViT / Hybrid (MobileViT variant)
",MobileViT-Local (Improved fusion block) + VOLO-D2 (Teacher model),N/A (Unimodal visual),N/A, Sliding window (3–5 second video segments averaged or processed via lightweight LSTM - mentioned in framework Step 4),"Yes (Transformer self-attention within MobileViT blocks; VOLO uses outlook attention)
",Yes (Implied for MobileViT backbone; YOLO-v7 pre-trained on large-scale facial recognition dataset for face detection),Knowledge distillation (Soft distillation from VOLO-D2 teacher to MobileViT-Local student),Custom (Combination of KL Divergence loss for soft targets and Cross-Entropy loss for hard targets: LTotal = (1 − λ)LCE + λτ2KL),Adam,1 × 10−4; Cosine annealing schedule,16,100 epochs,"Not explicitly stated (Standard ViT regularizations likely apply)
",Yes,Grad-CAM,Qualitative visualisation (Compared Grad-CAMs of student model with and without knowledge distillation to show that KD helps the model focus more precisely on key facial regions rather than global search).,No,Yes,Yes (Reported in FLOPs and model size rather than latency/FPS),Optimal FLOPs = 0.265 G (for XXS variant); Model size = 4.96 M. (Framework designed for real-time local processing on edge devices).,"Edge device / Mobile / Browser (Explicitly designed for laptops with limited GPU, smartphones, and tablets; local student device processing).",YOLO (YOLO-v7 used for face detection and bounding box)," Yes (Framework explicitly features a teacher dashboard receiving feature vectors, with alerts for persistent negative states, designed for seamless incorporation into conferencing software).

",Yes (Real-time heatmaps displaying emotion distribution across the class; personalized summaries of student performance).,"Yes (On-device processing: Emotion analysis performed locally on student devices; only emotion feature vectors/labels are transmitted to the teacher, eliminating the need to upload raw facial videos. Consent-based selective display strategy).","FER (facial expression)
","7/8 basic emotions + 8 custom learning emotions (Joy, Inquisitiveness, Contempt, Neutral, Irritation, Perplexity, Tedium, Diversion)",Yes (Top-1 Accuracy reported. Best on RAF-DB: 81.91%; FER2013: 66.20%; RAFD: 99.17%; SCAUOL: 94.96%),No,No,"Yes (For RAF-DB, FER2013, RAFD)",No,No,"Yes (Compared against MobileViT, EfficientNet, MobileNet v3, DeiT, ShuffleNet, ResNet, Swin-T, ConvNeXt, RegNet, CoAtNet).
",Yes,"Yes (1. Ablation on fusion module: MobileViT vs MobileViT-Local. 2. Ablation on KD: Different teacher models [RegNet, CoAtNet, VOLO]. 3. Ablation on hyperparameters: Different distillation temperatures [τ] and balance coefficients [λ]).",No, Yes (Trained/tested on 3 public benchmarks + 1 custom domain-specific dataset),"On the SCAUOL online learning dataset, the proposed model achieves a prediction accuracy of 94.96%. It maintains competitive accuracy on benchmarks while achieving optimal efficiency (0.265 G FLOPs, 4.96 M size for the XXS variant).",No, None reported,Not stated,No,None,"Low accuracy on FER2013 attributed to data quality issues (low resolution, incorrect annotations in raw data). Small size of the custom SCAUOL dataset required GAN-based augmentation. Disgust expressions are subtle and easily confused with neutral expressions.

",General challenges in processing facial features in real-time while maintaining low computational demands on edge devices.,"XAI used only for qualitative feature extraction validation, not for bias or failure mode analysis.

", None explicitly stated; the framework successfully addresses its lightweight goal.,"Current FER systems rely on large-scale, computationally heavy models unsuitable for edge deployment, and often neglect student privacy by requiring video transmission to remote servers.",Process all raw data (especially FER2013) to enhance classification precision; further optimize the framework for broader deployment in diverse online learning scenarios.,Yes,"",Yes,"",Yes,"",Yes,"",Partial,"",Yes,"",Partial,"",Yes,""
82,Liu 2025,Leveraging Eye Movement for Instructing Robust Video-Based Facial Expression Recognition,Sarbajit Paul Bappy,"Liu, Y., Wei, L., Liu, K., Chen, Z., Chen, Z., Tang, C., Chen, J., & Shan, S. (2025). Leveraging eye movement for instructing robust video-based facial expression recognition. IEEE Transactions on Affective Computing, 16(4), 3404-3413. https://doi.org/10.1109/TAFFC.2025.3599859",2025,Leveraging Eye Movement for Instructing Robust Video-Based Facial Expression Recognition,"IEEE Transactions on Affective Computing

","Primary empirical
","To propose an eye movement-instructed VFER (EM-VFER) framework that leverages high-quality eye movement signals during training to instruct visual learning, achieving robust performance without requiring costly eye-tracking devices during inference.","RQ1 (DL Methodology), RQ2 (Datasets), RQ3 (Performance), RQ4 (Limitations)
","China / Australia (China University of Geosciences, Central China Normal University, Chinese Academy of Sciences, La Trobe University)","Not specified
",N/A,"Not applicable (Uses pre-existing video datasets and custom lab-collected dataset)
","EMER (Pre-training): 1,303 samples from 121 participants; DFEW: 11,697 videos; MAFW: 10,045 videos; Aff-wild2: 594 videos; CASME III: 943 samples; CASME II: 255 videos",NR,NR,"EMER (Custom), DFEW, MAFW, Aff-wild2, CASME III, CASME II
","Mixed (Custom novel pre-training dataset + Public downstream evaluation datasets)
",Multimodal (Facial video + Eye-tracking signals / Eye fixation maps for EMER; Facial video only for downstream),"7 basic emotions (Macro datasets); 3 categories (Micro datasets); 11 single categories (MAFW)
","Expert labellers / Crowdsourced (10 professional annotators for DFEW)
","Lab-controlled (EMER, CASME II/III) / In-the-wild (DFEW, MAFW, Aff-wild2)
",Yes (Uses UAR and UF1 metrics specifically designed to normalize for class imbalance),Not stated,Transformer / ViT / Hybrid,EM-VFER (MERT - Multimodal Emotion Recognition Transformer + PEML - Progressive Eye Movement-Instructed Learning),Attention-based / Cross-modal (Multi-level cross-modal fusion),Face + Gaze (Eye movement signals / visual eye features),Attention over time (ViT-based spatio-temporal encoding over 16 sampled frames),Yes (type: self-attention / cross-attention / learnable prompts),Yes (MERT pre-trained on custom EMER dataset),Last N layers / Progressive unfreezing (Encoders frozen; cross-modal fusion network and learnable prompting tokens are fine-tuned via PEML),"Cross-entropy (Lpre and LCE), Progressive weighting loss (Ll_PEML)
",AdamW, lr=1e-4; cosine annealing,"2
",NR,"Weight decay (1e-2)
",No,N/A,N/A,No,"Not evaluated (Mentions goal of saving computational costs and enhancing real-world applications, but no real-time test)
",No,N/A,"Not specified (Trained on single NVIDIA GTX 4090 GPU)
","MTCNN (Used to detect 68 facial landmarks to extract visual eye movement info)
",No,No,None,"FER (facial expression) / Multimodal affect
","7 basic emotions / 3 macro/micro categories / 11 single categories (MAFW)
","76.43% WAR (DFEW), 57.73% WAR (MAFW), 74.24% ACC (Aff-wild2)","UAR: 65.83% (DFEW), 44.15% (MAFW); UF1: 65.21% (CASME III)
",NR,"Yes (For DFEW, MAFW, Aff-wild2, CASME III)",NR,N/A,"MMA-DFER, S2D, FineCLIPER, GReFEL, μ_BERT
",Yes (Compared against recent SOTA on 5 different datasets),Yes (Implied in the methodology discussion comparing pre-training strategies and progressive weighting; detailed tables cut off in excerpt),No,"Yes (Pre-trained on EMER, fine-tuned/validated on 5 distinct downstream datasets)
","Significant improvements over baselines; e.g., +21.14% UAR on DFEW, +14.59% WAR on MAFW, +6.06% ACC on Aff-wild2, and +16.36% UF1 on CASME III compared to visual-only MMA-DFER.
",No,"Cultural expression norms (Mentioned in intro: ""individuals from different cultural backgrounds... differences in facial expressions, which may interfere with the recognition of real emotions"")",None,No,"None (Though UAR is used, which normalizes for class imbalance, it is not a demographic fairness metric)",Domain gap between high-quality eye movement signals (pre-training) and low-quality visual eye movement information (fine-tuning); micro-expression datasets lack sufficient realistic training data.," Existing methods struggle to capture subtle, fake, or flickering expressions; visual eye movement data extracted from video contains significant noise; catastrophic forgetting when adapting pre-trained models to downstream data.",None discussed," High cost of eye-tracking equipment limits practical real-world application (which the paper attempts to solve by removing the device at inference, but inference latency is not measured)."," Existing eye movement-based FER methods either require expensive sensing devices for high-quality signals or rely on unreliable low-quality visual extraction, making them ineffective for real-world deployment. Also, models struggle with expression camouflage and cultural variations.","Not explicitly stated in the excerpt (Conclusion section is cut off).
",Yes,"The study explicitly aims to propose an EM-VFER framework that leverages high-quality eye movement signals during training to instruct visual learning, achieving robust VFER performance without requiring costly eye-tracking devices during inference.",Yes,"The 2-stage training framework (MERT pre-training on EMER, followed by PEML fine-tuning on video-only datasets) is a highly innovative and methodologically sound approach to bridging the domain gap between high-quality sensory data and low-quality visual data, directly addressing the stated problem.
",Yes,"The paper explicitly states ""Code will be available at https://github.com/934546/EM-VFER"". Additionally, key hyperparameters (lr=1e-4, batch size=2, optimizer=AdamW, weight decay=1e-2, frames=16) and dataset details are provided.
",Yes,"The paper provides detailed descriptions of the novel pre-training dataset (EMER: 1,303 samples, 121 participants, collection pipeline, modalities) and all five downstream evaluation datasets (DFEW, MAFW, Aff-wild2, CASME II, CASME III), including sample sizes, annotation types, and evaluation protocols.",Yes,"The study employs standard and highly appropriate metrics for imbalanced FER datasets: WAR (accuracy), UAR (class-normalized accuracy), UF1 (class-normalized F1), and ACC. The use of UAR and UF1 specifically addresses class imbalance, which is critical for these datasets.",Yes,"Extensive comparisons are provided against multiple recent SOTA methods across five different datasets (3 macro, 2 micro), demonstrating significant relative improvements. Confusion matrices further visualize per-class performance against baselines.",No,"No XAI methods were implemented or evaluated. While the model uses ""instructed learning"" and attention mechanisms, these are used purely for performance optimization and feature weighting, not interpreted or visualized to explain the model's decision-making process to users.
",Partial," The authors acknowledge the general domain gap between high- and low-quality eye movement signals and the difficulty in capturing fake/subtle expressions. However, they do not explicitly discuss the limitations of their own proposed EM-VFER model (e.g., failure cases, computational overhead of the 2-stage training, or the constraint of requiring the EMER dataset for pre-training)."
82,Liu 2025,Leveraging Eye Movement for Instructing Robust Video-Based Facial Expression Recognition,Consensus,"Liu, Y., Wei, L., Liu, K., Chen, Z., Chen, Z., Tang, C., Chen, J., & Shan, S. (2025). Leveraging eye movement for instructing robust video-based facial expression recognition. IEEE Transactions on Affective Computing, 16(4), 3404-3413. https://doi.org/10.1109/TAFFC.2025.3599859",2025,Leveraging Eye Movement for Instructing Robust Video-Based Facial Expression Recognition,"IEEE Transactions on Affective Computing

","Primary empirical
","To propose an eye movement-instructed VFER (EM-VFER) framework that leverages high-quality eye movement signals during training to instruct visual learning, achieving robust performance without requiring costly eye-tracking devices during inference.","RQ1 (DL Methodology), RQ2 (Datasets), RQ3 (Performance), RQ4 (Limitations)
","China / Australia (China University of Geosciences, Central China Normal University, Chinese Academy of Sciences, La Trobe University)","Not specified
",N/A,"Not applicable (Uses pre-existing video datasets and custom lab-collected dataset)
","EMER (Pre-training): 1,303 samples from 121 participants; DFEW: 11,697 videos; MAFW: 10,045 videos; Aff-wild2: 594 videos; CASME III: 943 samples; CASME II: 255 videos",NR,NR,"EMER (Custom), DFEW, MAFW, Aff-wild2, CASME III, CASME II
","Mixed (Custom novel pre-training dataset + Public downstream evaluation datasets)
",Multimodal (Facial video + Eye-tracking signals / Eye fixation maps for EMER; Facial video only for downstream),"7 basic emotions (Macro datasets); 3 categories (Micro datasets); 11 single categories (MAFW)
","Expert labellers / Crowdsourced (10 professional annotators for DFEW)
","Lab-controlled (EMER, CASME II/III) / In-the-wild (DFEW, MAFW, Aff-wild2)
",Yes (Uses UAR and UF1 metrics specifically designed to normalize for class imbalance),Not stated,Transformer / ViT / Hybrid,EM-VFER (MERT - Multimodal Emotion Recognition Transformer + PEML - Progressive Eye Movement-Instructed Learning),Attention-based / Cross-modal (Multi-level cross-modal fusion),Face + Gaze (Eye movement signals / visual eye features),Attention over time (ViT-based spatio-temporal encoding over 16 sampled frames),Yes (type: self-attention / cross-attention / learnable prompts),Yes (MERT pre-trained on custom EMER dataset),Last N layers / Progressive unfreezing (Encoders frozen; cross-modal fusion network and learnable prompting tokens are fine-tuned via PEML),"Cross-entropy (Lpre and LCE), Progressive weighting loss (Ll_PEML)
",AdamW, lr=1e-4; cosine annealing,"2
",NR,"Weight decay (1e-2)
",No,N/A,N/A,No,"Not evaluated (Mentions goal of saving computational costs and enhancing real-world applications, but no real-time test)
",No,N/A,"Not specified (Trained on single NVIDIA GTX 4090 GPU)
","MTCNN (Used to detect 68 facial landmarks to extract visual eye movement info)
",No,No,None,"FER (facial expression) / Multimodal affect
","7 basic emotions / 3 macro/micro categories / 11 single categories (MAFW)
","76.43% WAR (DFEW), 57.73% WAR (MAFW), 74.24% ACC (Aff-wild2)","UAR: 65.83% (DFEW), 44.15% (MAFW); UF1: 65.21% (CASME III)
",NR,"Yes (For DFEW, MAFW, Aff-wild2, CASME III)",NR,N/A,"MMA-DFER, S2D, FineCLIPER, GReFEL, μ_BERT
",Yes (Compared against recent SOTA on 5 different datasets),Yes (Implied in the methodology discussion comparing pre-training strategies and progressive weighting; detailed tables cut off in excerpt),No,"Yes (Pre-trained on EMER, fine-tuned/validated on 5 distinct downstream datasets)
","Significant improvements over baselines; e.g., +21.14% UAR on DFEW, +14.59% WAR on MAFW, +6.06% ACC on Aff-wild2, and +16.36% UF1 on CASME III compared to visual-only MMA-DFER.
",No,"Cultural expression norms (Mentioned in intro: ""individuals from different cultural backgrounds... differences in facial expressions, which may interfere with the recognition of real emotions"")",None,No,"None (Though UAR is used, which normalizes for class imbalance, it is not a demographic fairness metric)",Domain gap between high-quality eye movement signals (pre-training) and low-quality visual eye movement information (fine-tuning); micro-expression datasets lack sufficient realistic training data.," Existing methods struggle to capture subtle, fake, or flickering expressions; visual eye movement data extracted from video contains significant noise; catastrophic forgetting when adapting pre-trained models to downstream data.",None discussed," High cost of eye-tracking equipment limits practical real-world application (which the paper attempts to solve by removing the device at inference, but inference latency is not measured)."," Existing eye movement-based FER methods either require expensive sensing devices for high-quality signals or rely on unreliable low-quality visual extraction, making them ineffective for real-world deployment. Also, models struggle with expression camouflage and cultural variations.","Not explicitly stated in the excerpt (Conclusion section is cut off).
",Yes,"",Yes,"",Yes,"",Yes,"",Yes,"",Yes,"",No,"",Partial,""
80,IEEE 2025,Facial Emotion Recognition for Online Classrooms using Lightweight Transfer Learning,Sarbajit Paul Bappy,"Mustaffa, M. R., & Alsulaimani, M. A. (2025). Facial Emotion Recognition for Online Classrooms using Lightweight Transfer Learning. In Proceedings of the 3rd International Conference on Inventive Computing and Informatics (ICICI-2025) (pp. 706–711). IEEE. https://doi.org/10.1109/ICICI65870.2025.11069746",2025,Facial Emotion Recognition for Online Classrooms using Lightweight Transfer Learning.,Proceedings of the 3rd International Conference on Inventive Computing and Informatics (ICICI-2025).,Primary empirical study; proof-of-concept deep learning system development and evaluation.,To develop a mobile-based facial emotion recognition system that identifies classroom-relevant emotions from visual inputs in online classroom settings and supports adaptive teaching through emotion-sensitive feedback.,"RQ1: Deep learning architecture for facial emotion recognition in online learning.
RQ2: Educational emotion dataset construction and utilization.
RQ3: Performance evaluation of FER model.
RQ4: Real-world deployment and educational usability.
RQ5: Future improvements and research directions.",Malaysia,Online classroom learners (specific educational level not reported).,Online classrooms / virtual learning environments using classroom images.,Students (emotion dataset images) and Teachers (usability evaluation participants).,"Dataset size: Not reported.
User Acceptance Testing (UAT): 10 educators.",Not reported.,Not reported.,EMOTIC Dataset,Public dataset.,Static facial images.,"Neutral
Engagement
Excitement
Sadness
Fear",Original EMOTIC labels were grouped into education-relevant categories through semantic mapping,"Natural unconstrained images from EMOTIC dataset, filtered for classroom-relevant emotions.",Not stated.,"Yes.
Rotation
Horizontal flipping
Zoom",CNN (Transfer Learning).,MobileNet-based transfer learning model.,N/A (unimodal).,Facial images only,None.,No,"Yes.
ImageNet-pretrained MobileNet weights.","Transfer learning with replacement of final classification layers.

Added:

Global Average Pooling layer
Dropout layer (0.3)
Dense SoftMax output layer",Categorical Cross-Entropy.,Adam.,Learning rate = 0.0001.,Not reported.,50 epochs,"Dropout (0.3)
Data augmentation
Early stopping","Partially.
Visual result interpretation and emotion summaries are provided, but no formal XAI method implemented.",None reported.,User interpretability evaluation through User Acceptance Testing (UAT),"Yes.

Future work proposes:

Visual overlays highlighting decision regions.
Improved explainability and transparency.",Yes.,No.,Not reported.,"Android mobile platform
TensorFlow Lite
Firebase
Offline mobile deployment","OpenCV Haar Cascade face detector
MobileNet
TensorFlow Lite
TensorFlow
Firebase","Prototype only.

Not integrated into LMS.","Yes.

Provides:

Emotion summaries
Percentage-based emotional analysis
Teacher-facing interpretation support","Offline operation specifically highlighted.

No detailed security mechanism reported.",Facial Expression Recognition (FER).,"Neutral
Engagement
Excitement
Fear
Sadness",93%,Per Class,Not reported.,Yes,Not reported.,Not reported.,No direct experimental baseline comparison reported.,"Partial.

Related work discussed but no direct experimental benchmarking performed.",No,Not reported.,No,Overall accuracy: 93%,No.,"Potential difficulty distinguishing visually similar emotions:

Neutral vs Sadness
Engagement vs Excitement",Not reported.,No.,None,"Dataset size not reported.
Limited emotion categories.
Educational subset manually curated.","Excitement frequently confused with:
Engagement
Fear
Subtle emotion differentiation remains challenging.","Lack of decision-region visualization.
Need for explainability overlays.","Not evaluated in live classroom workflows.
Real-world classroom deployment not yet validated.","Are not specifically designed for educational settings.
Often use general-purpose emotion categories.
Lack interpretable outputs for teachers.
Have limited support for low-bandwidth environments.","Add new emotion classes:
Confusion
Boredom
Use short video sequences.
Apply additional data augmentation:
Random occlusion
Lighting variation
Synthetic data generation using GANs.
Incorporate attention mechanisms.
Temporal modeling:
Recurrent networks
Transformer architectures
Multimodal fusion:
Voice tone
Body posture
Improve explainability through visual overlays.
Conduct real-world classroom trials.
Validate across diverse educational settings.",Yes,The study clearly states its goal of developing a lightweight MobileNet-based FER system for detecting classroom-relevant emotions in online learning environments and supporting adaptive teaching.,Yes,"The study uses a filtered EMOTIC dataset, transfer learning with MobileNet, appropriate preprocessing, augmentation, evaluation metrics, and educator-based usability testing.",Partial,"Model architecture, preprocessing, optimizer, learning rate, augmentation, and training procedures are reported. However, source code, exact dataset subset size, and trained weights are not provided",Partial,"Dataset source and emotion mapping strategy are described, but exact sample counts, class distributions, annotation statistics, and demographic details are not reported.",Yes,"Accuracy, precision, recall, F1-score, confusion matrix, and user acceptance testing are appropriate for evaluating multi-class FER performance and usability.",Partial,The paper discusses state-of-the-art studies in related work but does not perform direct experimental benchmarking or statistical significance testing.,No,"No formal explainability method (e.g., SHAP, LIME, Grad-CAM) was implemented or validated. Explainability improvements are proposed as future work.",Yes,"The authors discuss limitations involving emotion overlap, restricted emotion categories, lack of live classroom deployment, and future needs for explainability, multimodal fusion, and broader validation."
80,IEEE 2025,Facial Emotion Recognition for Online Classrooms using Lightweight Transfer Learning,Consensus,"Mustaffa, M. R., & Alsulaimani, M. A. (2025). Facial Emotion Recognition for Online Classrooms using Lightweight Transfer Learning. In Proceedings of the 3rd International Conference on Inventive Computing and Informatics (ICICI-2025) (pp. 706–711). IEEE. https://doi.org/10.1109/ICICI65870.2025.11069746",2025,Facial Emotion Recognition for Online Classrooms using Lightweight Transfer Learning.,Proceedings of the 3rd International Conference on Inventive Computing and Informatics (ICICI-2025).,Primary empirical study; proof-of-concept deep learning system development and evaluation.,To develop a mobile-based facial emotion recognition system that identifies classroom-relevant emotions from visual inputs in online classroom settings and supports adaptive teaching through emotion-sensitive feedback.,"RQ1: Deep learning architecture for facial emotion recognition in online learning.
RQ2: Educational emotion dataset construction and utilization.
RQ3: Performance evaluation of FER model.
RQ4: Real-world deployment and educational usability.
RQ5: Future improvements and research directions.",Malaysia,Online classroom learners (specific educational level not reported).,Online classrooms / virtual learning environments using classroom images.,Students (emotion dataset images) and Teachers (usability evaluation participants).,"Dataset size: Not reported.
User Acceptance Testing (UAT): 10 educators.",Not reported.,Not reported.,EMOTIC Dataset,Public dataset.,Static facial images.,"Neutral
Engagement
Excitement
Sadness
Fear",Original EMOTIC labels were grouped into education-relevant categories through semantic mapping,"Natural unconstrained images from EMOTIC dataset, filtered for classroom-relevant emotions.",Not stated.,"Yes.
Rotation
Horizontal flipping
Zoom",CNN (Transfer Learning).,MobileNet-based transfer learning model.,N/A (unimodal).,Facial images only,None.,No,"Yes.
ImageNet-pretrained MobileNet weights.","Transfer learning with replacement of final classification layers.

Added:

Global Average Pooling layer
Dropout layer (0.3)
Dense SoftMax output layer",Categorical Cross-Entropy.,Adam.,Learning rate = 0.0001.,Not reported.,50 epochs,"Dropout (0.3)
Data augmentation
Early stopping","Partially.
Visual result interpretation and emotion summaries are provided, but no formal XAI method implemented.",None reported.,User interpretability evaluation through User Acceptance Testing (UAT),"Yes.

Future work proposes:

Visual overlays highlighting decision regions.
Improved explainability and transparency.",Yes.,No.,Not reported.,"Android mobile platform
TensorFlow Lite
Firebase
Offline mobile deployment","OpenCV Haar Cascade face detector
MobileNet
TensorFlow Lite
TensorFlow
Firebase","Prototype only.

Not integrated into LMS.","Yes.

Provides:

Emotion summaries
Percentage-based emotional analysis
Teacher-facing interpretation support","Offline operation specifically highlighted.

No detailed security mechanism reported.",Facial Expression Recognition (FER).,"Neutral
Engagement
Excitement
Fear
Sadness",93%,Per Class,Not reported.,Yes,Not reported.,Not reported.,No direct experimental baseline comparison reported.,"Partial.

Related work discussed but no direct experimental benchmarking performed.",No,Not reported.,No,Overall accuracy: 93%,No.,"Potential difficulty distinguishing visually similar emotions:

Neutral vs Sadness
Engagement vs Excitement",Not reported.,No.,None,"Dataset size not reported.
Limited emotion categories.
Educational subset manually curated.","Excitement frequently confused with:
Engagement
Fear
Subtle emotion differentiation remains challenging.","Lack of decision-region visualization.
Need for explainability overlays.","Not evaluated in live classroom workflows.
Real-world classroom deployment not yet validated.","Are not specifically designed for educational settings.
Often use general-purpose emotion categories.
Lack interpretable outputs for teachers.
Have limited support for low-bandwidth environments.","Add new emotion classes:
Confusion
Boredom
Use short video sequences.
Apply additional data augmentation:
Random occlusion
Lighting variation
Synthetic data generation using GANs.
Incorporate attention mechanisms.
Temporal modeling:
Recurrent networks
Transformer architectures
Multimodal fusion:
Voice tone
Body posture
Improve explainability through visual overlays.
Conduct real-world classroom trials.
Validate across diverse educational settings.",Yes,"",Yes,"",Partial,"",Partial,"",Yes,"",Partial,"",No,"",Yes,""
71,Awais 2021,LSTM-Based Emotion Detection Using Physiological Signals: IoT Framework for Healthcare and Distance Learning in COVID-19,Sarbajit Paul Bappy,"Awais, M., Raza, M., Singh, N., Bashir, K., Manzoor, U., Islam, S. ul, & Rodrigues, J. J. P. C. (2021). LSTM-based emotion detection using physiological signals: IoT framework for healthcare and distance learning in COVID-19. IEEE Internet of Things Journal, 8(23), 16863-16871. https://doi.org/10.1109/JIOT.2020.3044031",2021,LSTM-Based Emotion Detection Using Physiological Signals: IoT Framework for Healthcare and Distance Learning in COVID-19,IEEE Internet of Things Journal,Proof-of-concept / Empirical,"To develop an integrated IoT framework that enables wireless communication of physiological signals to a data processing hub where LSTM-based emotion recognition is performed, offering real-time communication and recognition of emotions to enable health monitoring and distance learning support amidst the COVID-19 pandemic.","RQ1 (DL Methodology), RQ3 (Performance Metrics), RQ4 (Real-time Deployment)","United Kingdom, Pakistan, Brazil, Portugal (Based on author affiliations)","Not specified (General ""distance learning"" and ""students"")",Cloud-based IoT framework for virtual/distance learning environments,"Students (Implied by context of distance learning, though dataset subjects are general)",30 participants (from the utilized dataset),Not reported,Not reported,"Custom (Referenced as ""a novel physiological sensors-based data set"" from Sharma et al. 2019)",Public (Referenced as published in Nature Scientific Data by Sharma et al.),"Multimodal (Physiological signals: RSP, GSR, ECG, EMG, SKT, BVP)","4 emotions (Amusing, Boring, Relaxing, Scary)",Stimulus-based elicitation (Participants watched videos of four different emotional categories),Lab-controlled (Participants watched videos while physiological signals were recorded at 1000 Hz),Not stated (F-score is used as the primary metric to handle potential imbalance),No (Used overlapping windowing: 4-s window with 50% overlap),RNN / LSTM,LSTM,Early fusion (All sensing modalities are first combined column-wise into a single data matrix before being fed into the LSTM model),ECG + BVP + GSR + SKT + EMG + RSP (Tested various combinations: C1-EMG only; C2-ECG+BVP+GSR+SKT; C3-C2+RSP; C4-All sensors),LSTM sequence (4-s windows with 50% overlap),No,No,N/A (Trained from scratch),Not stated,"Adam (Implied by standard LSTM parameters, though not explicitly named in text; Table I lists standard parameters but omits optimizer name)",lr=0.001,64,50,Dropout (rate 0.2),No,N/A,N/A,No,Yes,"Yes (For IoT communication, but not for DL inference)",Communication latency < 1 ms (ultralow latency achieved by proposed TS-MAC and R-MAC protocols). DL inference time not reported.,Cloud server / IoT hub,"N/A (Physiological sensors, not visual detection)",Prototype only (Proposes integration with educational institutes and healthcare infrastructure for bespoke feedback),Proposed only (Suggests emotion profiling will be available to educational institutes for informed decisions/affective learning),None,Multimodal affect (Physiological emotion recognition),"Custom taxonomy (Amusing, Boring, Relaxing, Scary)",Not reported,"F1-score (referred to as F-score) is the primary metric. Best overall F-score: 95.1% (C4 - all sensors). C2 (ECG, BVP, GSR, SKT) achieved >91%.",Not reported,Yes (Provided for different sensor combinations C1-C4),Not reported,Not reported,"Compares different sensor combinations (C1 vs C2 vs C3 vs C4). Compares IoT MAC protocols (TS-MAC, R-MAC) against legacy LLDN and LLDN-SS.","Partially (Compares IoT frameworks against state-of-the-art LLDN protocols, but does not compare DL model performance against other SOTA emotion recognition models on the same dataset).",Yes (Systematically analyzed the impact of reducing the number and type of physiological sensors on model performance),No,No,"95.1% F1-score for emotion classification using all physiological sensors (C4). Best trade-off between performance and wearability was C2 (ECG, BVP, GSR, SKT) with >91% F1-score. Ultralow communication latency of < 1 ms achieved.",No,None reported,None,No,None,Using a large number of sensors (like C4) is often impractical for real-life wearability and portability; EMG sensors placed on the face and upper back are impractical for distance learning contexts; RSP sensor placed under the armpit makes the system less practical.,"R-MAC IoT protocol sacrifices data precision (downsampling to 8-bit delta indicators) to achieve high reliability and low latency, which can cause limitations in other applications.",N/A,Computational power and wearability are essential considerations for practical real-time implementation; current dataset relies on multiple bodily sensors that may not be seamlessly integrated into off-the-shelf wrist wearables (except for C2 combination).,Existing emotion recognition systems rarely integrate multimodal physiological methodologies at large and study the effect of combining a variety of sensors on system performance and wearability. There is a lack of IoT-enabled real-time emotion analysis systems to support distance learning and healthcare during the COVID-19 pandemic.,Extend the work with a focus on end-to-end communications and visual aids to support distance learning; incorporate edge services to enhance the feasibility of the proposed framework.,Yes,"The authors explicitly state their objectives: ""The development of LSTM-based emotion recognition system through multimodal physiological sensors with high performance,"" ""An IoT-based framework to enable ultrareliable low-latency communications (URLLC) for student learning and healthcare amid pandemics alike Covid-19,"" and integrating these to support distance learning and healthcare applications.",Yes,"The methodology is highly appropriate for the objectives. Using an LSTM network is a standard and effective deep learning approach for modeling temporal dependencies in time-series physiological signals. The early fusion of multimodal sensors (ECG, BVP, GSR, SKT, etc.) and the systematic ablation study (testing combinations C1-C4) directly address the research gap of understanding sensor combinations. Furthermore, the design of custom MAC protocols (TS-MAC, R-MAC) appropriately addresses the strict <1ms latency requirements for real-time IoT communication of sensor data.",Partial,"Several key deep learning hyperparameters are provided, including learning rate (0.001), batch size (64), epochs (50), dropout rate (0.2), and the windowing strategy (4-s window, 50% overlap). The dataset used is also identified as a publicly available scientific dataset (Sharma et al., 2019). However, the code/model weights are not released, the loss function is omitted, and while the IoT protocol formulas are detailed, the exact architectural details of the LSTM (number of layers, hidden units) are not explicitly stated, making exact replication difficult.",Partial,"The physiological sensors used (RSP, GSR, ECG, EMG, SKT, BVP), their placements, the number of participants (30), the emotion elicitation method (videos of 4 categories), and the recording frequency (1000 Hz) are clearly described. However, the demographic details of the participants (age, gender, ethnicity) are omitted, and the annotation process (how ground truth labels were assigned to the continuous signals) is not detailed in this paper, though it references the original dataset publication.",Yes,"The study uses the F1-score (referred to as F-score) as the primary evaluation metric, which is highly appropriate for multi-class classification, especially when dealing with potentially unbalanced data, as it combines precision and recall. The inclusion of confusion matrices for the different sensor combinations further supports the robustness of the evaluation.",Partial,"The study includes a strong internal ablation study comparing different sensor combinations (C1-C4) and compares the proposed IoT protocols (TS-MAC, R-MAC) against state-of-the-art legacy protocols (LLDN, LLDN-SS) for latency and reliability. However, there is no comparison of the proposed LSTM model's performance (95.1% F1) against other existing state-of-the-art deep learning models (e.g., CNNs, Transformers) applied to the same physiological dataset, nor is statistical significance testing reported.",Not Reported,"No Explainable AI (XAI) methods were implemented or evaluated in this study. The LSTM model acts as a black box to classify emotions, and there is no analysis of which physiological features or temporal segments the model is using to make its decisions.",Yes,"The authors explicitly discuss several limitations regarding the practical deployment of their system. They note that using a large number of sensors (C4) is ""often impractical,"" specifically highlighting that EMG sensors on the face/upper back and the RSP sensor under the armpit are impractical for real-life wearability. They also acknowledge that the R-MAC IoT protocol ""sacrifices the data precision to achieve high reliability and low latency,"" which could cause limitations in other applications."
71,Awais 2021,LSTM-Based Emotion Detection Using Physiological Signals: IoT Framework for Healthcare and Distance Learning in COVID-19,Consensus,"Awais, M., Raza, M., Singh, N., Bashir, K., Manzoor, U., Islam, S. ul, & Rodrigues, J. J. P. C. (2021). LSTM-based emotion detection using physiological signals: IoT framework for healthcare and distance learning in COVID-19. IEEE Internet of Things Journal, 8(23), 16863-16871. https://doi.org/10.1109/JIOT.2020.3044031",2021,LSTM-Based Emotion Detection Using Physiological Signals: IoT Framework for Healthcare and Distance Learning in COVID-19,IEEE Internet of Things Journal,Proof-of-concept / Empirical,"To develop an integrated IoT framework that enables wireless communication of physiological signals to a data processing hub where LSTM-based emotion recognition is performed, offering real-time communication and recognition of emotions to enable health monitoring and distance learning support amidst the COVID-19 pandemic.","RQ1 (DL Methodology), RQ3 (Performance Metrics), RQ4 (Real-time Deployment)","United Kingdom, Pakistan, Brazil, Portugal (Based on author affiliations)","Not specified (General ""distance learning"" and ""students"")",Cloud-based IoT framework for virtual/distance learning environments,"Students (Implied by context of distance learning, though dataset subjects are general)",30 participants (from the utilized dataset),Not reported,Not reported,"Custom (Referenced as ""a novel physiological sensors-based data set"" from Sharma et al. 2019)",Public (Referenced as published in Nature Scientific Data by Sharma et al.),"Multimodal (Physiological signals: RSP, GSR, ECG, EMG, SKT, BVP)","4 emotions (Amusing, Boring, Relaxing, Scary)",Stimulus-based elicitation (Participants watched videos of four different emotional categories),Lab-controlled (Participants watched videos while physiological signals were recorded at 1000 Hz),Not stated (F-score is used as the primary metric to handle potential imbalance),No (Used overlapping windowing: 4-s window with 50% overlap),RNN / LSTM,LSTM,Early fusion (All sensing modalities are first combined column-wise into a single data matrix before being fed into the LSTM model),ECG + BVP + GSR + SKT + EMG + RSP (Tested various combinations: C1-EMG only; C2-ECG+BVP+GSR+SKT; C3-C2+RSP; C4-All sensors),LSTM sequence (4-s windows with 50% overlap),No,No,N/A (Trained from scratch),Not stated,"Adam (Implied by standard LSTM parameters, though not explicitly named in text; Table I lists standard parameters but omits optimizer name)",lr=0.001,64,50,Dropout (rate 0.2),No,N/A,N/A,No,Yes,"Yes (For IoT communication, but not for DL inference)",Communication latency < 1 ms (ultralow latency achieved by proposed TS-MAC and R-MAC protocols). DL inference time not reported.,Cloud server / IoT hub,"N/A (Physiological sensors, not visual detection)",Prototype only (Proposes integration with educational institutes and healthcare infrastructure for bespoke feedback),Proposed only (Suggests emotion profiling will be available to educational institutes for informed decisions/affective learning),None,Multimodal affect (Physiological emotion recognition),"Custom taxonomy (Amusing, Boring, Relaxing, Scary)",Not reported,"F1-score (referred to as F-score) is the primary metric. Best overall F-score: 95.1% (C4 - all sensors). C2 (ECG, BVP, GSR, SKT) achieved >91%.",Not reported,Yes (Provided for different sensor combinations C1-C4),Not reported,Not reported,"Compares different sensor combinations (C1 vs C2 vs C3 vs C4). Compares IoT MAC protocols (TS-MAC, R-MAC) against legacy LLDN and LLDN-SS.","Partially (Compares IoT frameworks against state-of-the-art LLDN protocols, but does not compare DL model performance against other SOTA emotion recognition models on the same dataset).",Yes (Systematically analyzed the impact of reducing the number and type of physiological sensors on model performance),No,No,"95.1% F1-score for emotion classification using all physiological sensors (C4). Best trade-off between performance and wearability was C2 (ECG, BVP, GSR, SKT) with >91% F1-score. Ultralow communication latency of < 1 ms achieved.",No,None reported,None,No,None,Using a large number of sensors (like C4) is often impractical for real-life wearability and portability; EMG sensors placed on the face and upper back are impractical for distance learning contexts; RSP sensor placed under the armpit makes the system less practical.,"R-MAC IoT protocol sacrifices data precision (downsampling to 8-bit delta indicators) to achieve high reliability and low latency, which can cause limitations in other applications.",N/A,Computational power and wearability are essential considerations for practical real-time implementation; current dataset relies on multiple bodily sensors that may not be seamlessly integrated into off-the-shelf wrist wearables (except for C2 combination).,Existing emotion recognition systems rarely integrate multimodal physiological methodologies at large and study the effect of combining a variety of sensors on system performance and wearability. There is a lack of IoT-enabled real-time emotion analysis systems to support distance learning and healthcare during the COVID-19 pandemic.,Extend the work with a focus on end-to-end communications and visual aids to support distance learning; incorporate edge services to enhance the feasibility of the proposed framework.,Yes,"",Yes,"",Partial,"",Partial,"",Yes,"",Partial,"",Not Reported,"",Yes,""
58,Long 2023,Efficient Multi-Task CNN for Face and Facial Expression Recognition Using Residual and Dense Architectures for Application in Monitoring Online Learning,Sarbajit Paul Bappy,"Long, D. T. (2023). Efficient Multi-Task CNN for Face and Facial Expression Recognition Using Residual and Dense Architectures for Application in Monitoring Online Learning. International Journal of Fuzzy Logic and Intelligent Systems, 23(3), 229–243. https://doi.org/10.5391/IJFIS.2023.23.3.229",2023,Efficient Multi-Task CNN for Face and Facial Expression Recognition Using Residual and Dense Architectures for Application in Monitoring Online Learning,"International Journal of Fuzzy Logic and Intelligent Systems (IJFIS)
",Proof-of-concept,"To propose an efficient multi-task CNN (MTCNN) model combining residual and dense architectures to simultaneously perform face recognition (FR) and facial expression recognition (FER), and to integrate it into an LMS for monitoring online learning.","RQ1 (Methodology), RQ3 (Performance Metrics), RQ4 (Limitations/XAI)",Vietnam (Hanoi Open University),"Higher Ed (University students)
","Custom integration with a Learning Management System (LMS) via APIs
",Students (for HOUS22 dataset) / Synthetic/avatars (Public datasets use actors/posed images),"HOUS22: 639 images, 21 participants. Public datasets: JAFFE (213), CK+ (981), OuluCASIA (1,440), KDEF (4,900).","KDEF: 20-30 years; HOUS22, JAFFE, CK+, OuluCASIA: Not specified","KDEF: 35 females, 35 males; HOUS22: 8 females, 13 males; Others: Not specified
"," JAFFE, CK+, OuluCASIA, KDEF, HOUS22 (Custom)
",Mixed (Public + Custom),Static image (Facial),FR: Varies by dataset (10 to 140 individuals). FER: 7 basic emotions for KDEF/JAFFE; 6 emotions + neutral for CK+; 6 emotions for OuluCASIA; 2 emotions (Positive/Negative) for HOUS22.,"Not stated (Implied expert/professional for public datasets; Not stated for HOUS22)
","Lab-controlled (JAFFE, CK+, OuluCASIA, KDEF) / In-the-wild (HOUS22 - ""captured under real-world conditions sans specific constraints"")","Not stated (Though the paper notes JAFFE, OuluCASIA, and HOUS22 exhibit imbalance)
","Yes (Gaussian noise addition, rotation, shifting, scaling, horizontal flipping)
",CNN (Hybrid Residual + Dense-connected / Multi-task CNN),"MTFace (Custom architecture: 3 Residual Blocks + 3 Dense Blocks per task branch)
",Intermediate fusion (Hard-sharing of initial residual blocks for low-level features; Soft-sharing via concatenation of dense block features for high-level representation),"N/A (Unimodal - Face only, but tasks are fused: Face ID + Facial Expression)
",None ,No,"No (Trained from scratch; compared against a ResNet50V2 baseline that likely used pre-training, but the proposed MTFace did not)",Not applicable," Not stated (Likely categorical cross-entropy given softmax, but not explicitly defined)
",Adam,lr = 10^-5; Scheduler not stated,128,150 epochs,"Batch norm (within blocks), Data augmentation (to mitigate overfitting)
",Partially (discussed/visualized but not evaluated for fidelity),Grad-CAM," Qualitative visualisation (Heatmaps used to show focus on mouth, nose, and eyes)
",No,"Yes (""real-time tracking of students"", ""real-time demonstration experiment"")","No
", Not specified,"Client device (Web client / Mobile application)
","MTCNN (Used specifically for face detection/preprocessing before recognition)
","Yes (Custom LMS via APIs)
","Yes (Outcomes archived in historical record, notifications dispatched to learners, lecturers, and administrators)",Partial (Secure connection via user ID and security code transmitted between LMS and MTFace; Client-side processing mitigates image transfers),"FER (facial expression) / Face Recognition (Identification)
","Custom taxonomy per dataset (7 basic Ekman for KDEF/JAFFE; 6+1 for CK+; 6 for OuluCASIA; 2 binary Positive/Negative for HOUS22)
",Yes. (Average: JAFFE FR=99.55/FER=100; CK+ FR=99.90/FER=100; OuluCASIA FR=100/FER=100; KDEF FR=99.84/FER=99.92; HOUS22 FR=99.69/FER=99.69),Not reported,Not reported,No (But misclassified examples are visually shown in Figure 10),Not reported,Not reported,"Yes (ResNet50V2 based model, Li and Deng, Devaram et al., Bhatti et al., Ming et al., Long, Long et al., Yu and Xu)",Yes,No,No,No,"100% accuracy on both FR and FER tasks for the OuluCASIA dataset; Minimum accuracy of 99.55% on the JAFFE FR task.
",No, None reported,None / Not stated,No,None,"Small N (JAFFE has only 213 images; HOUS22 has only 21 participants); Lab-controlled only (CK+, JAFFE, OuluCASIA, KDEF are posed/controlled, lacking real-world e-learning diversity); Limited modalities (Static images only, no video/audio).
",Generalisation failure (High accuracy on controlled datasets may not translate to completely unconstrained environments; HOUS22 showed difficulty distinguishing positive/negative expressions); Computational constraints limited training depth.," XAI not validated (Grad-CAM is only visually interpreted, not quantitatively evaluated for faithfulness)."," Latency too high / Not tested in real classroom (Inference speed/FPS not reported; System architecture is proposed but no live deployment data provided).
","Existing MTCNNs for simultaneous Face Recognition and Facial Expression Recognition are computationally complex and demand heavy resources, making them unsuitable for practical, resource-constrained online learning systems.",Refine multi-task CNN efficiency by incorporating established network architectures; Expand the model's scope to include supplementary tasks like head-pose estimation; Evaluate the model on larger and more diverse datasets to improve generalization.,Yes,"The paper explicitly states its aim to ""propose an efficient MTCNN model that capitalizes on cutting-edge architectures—residual networks and dense-connected networks—to adeptly execute face recognition and facial expression recognition tasks"" and integrate it into an LMS for online learning monitoring.",Yes,"The methodology is sound, utilizing a hybrid Residual/Dense CNN architecture tailored for multi-task learning. The use of 5-fold cross-validation across five different datasets (four public, one custom) provides a robust framework for evaluating the proposed MTFace model against its objectives.",Partial,"The model architecture (layer types, filter sizes, block repetitions) and training parameters (lr=10^-5, batch=128, epochs=150, Adam optimizer) are detailed well in the text and tables. However, code, model weights, and the custom HOUS22 dataset are not publicly released, making exact replication difficult.
",Yes,"The paper provides a thorough description of all datasets used. It lists the source, number of images, number of participants, class labels, image format (grayscale/color), and collection context (lab-controlled vs. real-world) for JAFFE, CK+, OuluCASIA, KDEF, and HOUS22, including class imbalances.
",Partial,"While accuracy is appropriately used and reported across the 5-fold cross-validation, the study relies exclusively on accuracy. Given that the authors acknowledge class imbalances in JAFFE, OuluCASIA, and HOUS22, reporting precision, recall, or F1-score would have been more appropriate and comprehensive.",Yes,"The paper compares its results against a ResNet50V2 baseline trained under the exact same conditions, as well as against seven other recent studies/results from the literature across the different datasets.
",No,"Grad-CAM is utilized to generate heatmaps, and the authors qualitatively observe that the model focuses on the mouth, nose, and eyes. However, there is no quantitative evaluation of the explanation quality (e.g., faithfulness metrics, robustness tests, or user studies), making the XAI evaluation purely descriptive.
",Partial,"The authors acknowledge that ""current computational constraints limited the training depth and dataset size"" and note the difficulty in distinguishing expressions in the HOUS22 dataset. However, they do not explicitly discuss the limitations of evaluating a real-world monitoring system almost entirely on lab-controlled, posed datasets, nor the lack of latency metrics for their claimed real-time system.


"
58,Long 2023,Efficient Multi-Task CNN for Face and Facial Expression Recognition Using Residual and Dense Architectures for Application in Monitoring Online Learning,Consensus,"Long, D. T. (2023). Efficient Multi-Task CNN for Face and Facial Expression Recognition Using Residual and Dense Architectures for Application in Monitoring Online Learning. International Journal of Fuzzy Logic and Intelligent Systems, 23(3), 229–243. https://doi.org/10.5391/IJFIS.2023.23.3.229",2023,Efficient Multi-Task CNN for Face and Facial Expression Recognition Using Residual and Dense Architectures for Application in Monitoring Online Learning,"International Journal of Fuzzy Logic and Intelligent Systems (IJFIS)
",Proof-of-concept,"To propose an efficient multi-task CNN (MTCNN) model combining residual and dense architectures to simultaneously perform face recognition (FR) and facial expression recognition (FER), and to integrate it into an LMS for monitoring online learning.","RQ1 (Methodology), RQ3 (Performance Metrics), RQ4 (Limitations/XAI)",Vietnam (Hanoi Open University),"Higher Ed (University students)
","Custom integration with a Learning Management System (LMS) via APIs
",Students (for HOUS22 dataset) / Synthetic/avatars (Public datasets use actors/posed images),"HOUS22: 639 images, 21 participants. Public datasets: JAFFE (213), CK+ (981), OuluCASIA (1,440), KDEF (4,900).","KDEF: 20-30 years; HOUS22, JAFFE, CK+, OuluCASIA: Not specified","KDEF: 35 females, 35 males; HOUS22: 8 females, 13 males; Others: Not specified
"," JAFFE, CK+, OuluCASIA, KDEF, HOUS22 (Custom)
",Mixed (Public + Custom),Static image (Facial),FR: Varies by dataset (10 to 140 individuals). FER: 7 basic emotions for KDEF/JAFFE; 6 emotions + neutral for CK+; 6 emotions for OuluCASIA; 2 emotions (Positive/Negative) for HOUS22.,"Not stated (Implied expert/professional for public datasets; Not stated for HOUS22)
","Lab-controlled (JAFFE, CK+, OuluCASIA, KDEF) / In-the-wild (HOUS22 - ""captured under real-world conditions sans specific constraints"")","Not stated (Though the paper notes JAFFE, OuluCASIA, and HOUS22 exhibit imbalance)
","Yes (Gaussian noise addition, rotation, shifting, scaling, horizontal flipping)
",CNN (Hybrid Residual + Dense-connected / Multi-task CNN),"MTFace (Custom architecture: 3 Residual Blocks + 3 Dense Blocks per task branch)
",Intermediate fusion (Hard-sharing of initial residual blocks for low-level features; Soft-sharing via concatenation of dense block features for high-level representation),"N/A (Unimodal - Face only, but tasks are fused: Face ID + Facial Expression)
",None ,No,"No (Trained from scratch; compared against a ResNet50V2 baseline that likely used pre-training, but the proposed MTFace did not)",Not applicable," Not stated (Likely categorical cross-entropy given softmax, but not explicitly defined)
",Adam,lr = 10^-5; Scheduler not stated,128,150 epochs,"Batch norm (within blocks), Data augmentation (to mitigate overfitting)
",Partially (discussed/visualized but not evaluated for fidelity),Grad-CAM," Qualitative visualisation (Heatmaps used to show focus on mouth, nose, and eyes)
",No,"Yes (""real-time tracking of students"", ""real-time demonstration experiment"")","No
", Not specified,"Client device (Web client / Mobile application)
","MTCNN (Used specifically for face detection/preprocessing before recognition)
","Yes (Custom LMS via APIs)
","Yes (Outcomes archived in historical record, notifications dispatched to learners, lecturers, and administrators)",Partial (Secure connection via user ID and security code transmitted between LMS and MTFace; Client-side processing mitigates image transfers),"FER (facial expression) / Face Recognition (Identification)
","Custom taxonomy per dataset (7 basic Ekman for KDEF/JAFFE; 6+1 for CK+; 6 for OuluCASIA; 2 binary Positive/Negative for HOUS22)
",Yes. (Average: JAFFE FR=99.55/FER=100; CK+ FR=99.90/FER=100; OuluCASIA FR=100/FER=100; KDEF FR=99.84/FER=99.92; HOUS22 FR=99.69/FER=99.69),Not reported,Not reported,No (But misclassified examples are visually shown in Figure 10),Not reported,Not reported,"Yes (ResNet50V2 based model, Li and Deng, Devaram et al., Bhatti et al., Ming et al., Long, Long et al., Yu and Xu)",Yes,No,No,No,"100% accuracy on both FR and FER tasks for the OuluCASIA dataset; Minimum accuracy of 99.55% on the JAFFE FR task.
",No, None reported,None / Not stated,No,None,"Small N (JAFFE has only 213 images; HOUS22 has only 21 participants); Lab-controlled only (CK+, JAFFE, OuluCASIA, KDEF are posed/controlled, lacking real-world e-learning diversity); Limited modalities (Static images only, no video/audio).
",Generalisation failure (High accuracy on controlled datasets may not translate to completely unconstrained environments; HOUS22 showed difficulty distinguishing positive/negative expressions); Computational constraints limited training depth.," XAI not validated (Grad-CAM is only visually interpreted, not quantitatively evaluated for faithfulness)."," Latency too high / Not tested in real classroom (Inference speed/FPS not reported; System architecture is proposed but no live deployment data provided).
","Existing MTCNNs for simultaneous Face Recognition and Facial Expression Recognition are computationally complex and demand heavy resources, making them unsuitable for practical, resource-constrained online learning systems.",Refine multi-task CNN efficiency by incorporating established network architectures; Expand the model's scope to include supplementary tasks like head-pose estimation; Evaluate the model on larger and more diverse datasets to improve generalization.,Yes,"",Yes,"",Partial,"",Yes,"",Partial,"",Yes,"",No,"",Partial,""
51,Maddu 2024,Online learners' engagement detection via facial emotion recognition in online learning context using hybrid classification model,Sarbajit Paul Bappy,"Maddu, R. B. R., & Murugappan, S. (2024). Online learners’ engagement detection via facial emotion recognition in online learning context using hybrid classification model. Social Network Analysis and Mining, 14, 43. https://doi.org/10.1007/s13278-023-01181-x",2024,Online learners’ engagement detection via facial emotion recognition in online learning context using hybrid classification model,Social Network Analysis and Mining,"Primary empirical
","To propose a novel student engagement prediction model for online learners based on facial emotion, involving preprocessing, feature extraction (IAAM, SLBT, GBP, ResNet), emotion recognition via a hybrid IDBN+CNN model, and engagement detection using an improved entropy-based process.","RQ1 (DL Methodology), RQ2 (Datasets), RQ3 (Performance), RQ4 (Limitations)","India (Annamalai University)
"," Higher Ed (Implied, online learners/students)
","N/A (Lab-controlled simulation using standard datasets)
","Not applicable (Uses pre-existing image datasets)
","CK+: 981 images; FER-2013: 1400 images (Note: standard FER2013 usually has ~35k, but authors state 1400)",NR,NR," CK+, FER-2013
","Public
",Static image,"7 emotions (Angry, Disgust, Fear, Happy, Sad, Surprise, Neutral) -> mapped to engagement states (Engaged / Not Engaged)","Not stated
",Lab-controlled (CK+) / In-the-wild (FER-2013),"Not stated
","Not stated
","Hybrid (CNN + DBN)
",Hybrid IDBN + CNN (Improved Deep Belief Network + Convolutional Neural Network),"Late fusion (Outputs of IDBN and CNN are averaged: O* = (ΓIDBN + c(n)) / 2)
","N/A (Unimodal face, but hybrid feature extraction: IAAM, SLBT, GBP, ResNet)
",None,No,"Partially (ResNet features are extracted, which imply ImageNet pre-training, though not explicitly stated)
",Feature extraction only (ResNet features fed into the hybrid classifier),"Inverse binary cross-entropy (for IDBN), Categorical cross-entropy (for CNN), Objective function averages both
",Adam,"lr=0.1 (DBN), lr=0.05 (RBM)
",32,"25 epochs (CNN), 1 epoch (RBM), 1 iteration (Backprop)
","Dropout (0.5 for CNN, 0.2 for DBN)
",No,N/A,N/A,No," Not evaluated (Mentions real-time engagement signals as a general goal, but does not test/claim real-time capability)
","Yes (Computational time reported)
","CK+: 31.28 seconds; FER-2013: 27.48 seconds (for the entire training/testing process, not per-frame inference)
","Not specified (Windows 11, Intel Core i5-1135G7, 16GB RAM)",Other (Viola-Jones model for face detection),No,"No (Discussed as a theoretical benefit: ""Teachers... have the ability to provide individualized support since they receive real-time feedback"")
",None,"FER (facial expression) / Engagement detection
","7 basic emotions -> Binary Engagement (Engaged / Not Engaged based on improved entropy threshold)
","95% (CK+ at 80% learning %), 94.8% (FER-2013 at 80% learning %)","CK+: Precision 95.9%, F-measure 94.4%; FER-2013: Precision 92.8%, F-measure 90.2%, Sensitivity 87.8%",NR,"No
",NR, N/A,"CNN, DBN, SVM, LSTM, RF, DCNN, BiLSTM, LSTM-CNN, CNN (Cabada et al. 2020)","Yes (Compared against multiple recent baseline architectures)
","Yes (Compared method with extant AAM, extant DBN, and without feature extraction)
","Yes (Statistical analysis provided: Mean, Median, Min, Max, Standard Deviation across runs, though specific p-values or formal tests like ANOVA are not named)
","No (Tested separately on CK+ and FER-2013)
","95% accuracy on CK+ and 94.8% on FER-2013 using the hybrid IDBN+CNN model, outperforming standard single models.",No,"None reported (Mentions ""interclass and intraclass variance"" and ""differences in face shapes from person to person"" as general challenges)",None,No,None, None explicitly stated (though standard datasets used are lab-controlled/acted).,Difficulty recognizing dynamic facial features; poor image quality; face occupying only 10% of high-res images; visual background intricacies.,None discussed, None explicitly discussed.,"Existing systems detect perceived and non-perceived behavior states, causing frustration and dropout. Identifying emotions from dynamic facial features and high-resolution images where the face is small is difficult. Hybrid models are needed to optimize prediction and improve accuracy over single ML/DL models.","Use enhancement approaches to optimize the prediction model and improve findings from biometric features; examine a wider collection of facial action units monitored by CERT for a thorough understanding of the relationship between learning and affect.
",Yes,"The study explicitly aims to propose a novel student engagement prediction model for online learners based on facial emotion, encompassing four phases: preprocessing, feature extraction, emotion recognition via a hybrid IDBN+CNN, and engagement detection via improved entropy.",Partial,"While combining feature extraction (AAM, SLBT, GBP, ResNet) and a hybrid classifier (IDBN+CNN) is a valid approach, the methodology feels highly engineered and somewhat disjointed. Feeding handcrafted features (like GBP and AAM) alongside deep features (ResNet) into a DBN+CNN is computationally complex, and the justification for this specific combination over end-to-end deep learning is weak. Additionally, mapping 7 basic emotions to binary engagement via a mathematical entropy threshold lacks empirical pedagogical validation.
",Partial,"The mathematical formulas for feature extraction, model parameters (epochs, batch size, learning rates, dropout), and dataset sources are provided. However, the code is not released, the logic for the ""improved entropy"" engagement scoring is convoluted, and the dataset sizes reported for FER-2013 (1400 images) contradict the standard public dataset size (~35k), making exact reproduction questionable.
",Partial,"The names of the datasets (CK+, FER-2013) and the train/test splits based on learning percentages are provided. However, the description of FER-2013 is factually incorrect/inconsistent (states only 1400 photos instead of ~35,887), and no demographic details, class distributions, or annotation methods are discussed.
",Yes,"The study uses a comprehensive set of standard classification metrics: Accuracy, Sensitivity, Specificity, Precision, F-measure, NPV, FPR, FNR, and MCC, evaluating the model thoroughly from multiple statistical angles.
",Yes,"The proposed hybrid model is compared against nine different baseline models (CNN, DBN, SVM, LSTM, RF, DCNN, BiLSTM, etc.) and performs ablation studies comparing the impact of its specific feature extractors and DBN components.",No,"No XAI methods were implemented or evaluated. The model acts as a black box, mapping facial features to engagement scores via a complex entropy formula without explaining which facial features or sequences drive the classification.
",Partial,"The authors mention general computer vision challenges (dynamic features, poor image quality, small face size in high-res images, visual background intricacies) in the literature review/objectives. However, they do not discuss the limitations of their own proposed model, its high computational complexity, the lack of real-world online learning validation, or the validity of their entropy-threshold mapping."
51,Maddu 2024,Online learners' engagement detection via facial emotion recognition in online learning context using hybrid classification model,Consensus,"Maddu, R. B. R., & Murugappan, S. (2024). Online learners’ engagement detection via facial emotion recognition in online learning context using hybrid classification model. Social Network Analysis and Mining, 14, 43. https://doi.org/10.1007/s13278-023-01181-x",2024,Online learners’ engagement detection via facial emotion recognition in online learning context using hybrid classification model,Social Network Analysis and Mining,"Primary empirical
","To propose a novel student engagement prediction model for online learners based on facial emotion, involving preprocessing, feature extraction (IAAM, SLBT, GBP, ResNet), emotion recognition via a hybrid IDBN+CNN model, and engagement detection using an improved entropy-based process.","RQ1 (DL Methodology), RQ2 (Datasets), RQ3 (Performance), RQ4 (Limitations)","India (Annamalai University)
"," Higher Ed (Implied, online learners/students)
","N/A (Lab-controlled simulation using standard datasets)
","Not applicable (Uses pre-existing image datasets)
","CK+: 981 images; FER-2013: 1400 images (Note: standard FER2013 usually has ~35k, but authors state 1400)",NR,NR," CK+, FER-2013
","Public
",Static image,"7 emotions (Angry, Disgust, Fear, Happy, Sad, Surprise, Neutral) -> mapped to engagement states (Engaged / Not Engaged)","Not stated
",Lab-controlled (CK+) / In-the-wild (FER-2013),"Not stated
","Not stated
","Hybrid (CNN + DBN)
",Hybrid IDBN + CNN (Improved Deep Belief Network + Convolutional Neural Network),"Late fusion (Outputs of IDBN and CNN are averaged: O* = (ΓIDBN + c(n)) / 2)
","N/A (Unimodal face, but hybrid feature extraction: IAAM, SLBT, GBP, ResNet)
",None,No,"Partially (ResNet features are extracted, which imply ImageNet pre-training, though not explicitly stated)
",Feature extraction only (ResNet features fed into the hybrid classifier),"Inverse binary cross-entropy (for IDBN), Categorical cross-entropy (for CNN), Objective function averages both
",Adam,"lr=0.1 (DBN), lr=0.05 (RBM)
",32,"25 epochs (CNN), 1 epoch (RBM), 1 iteration (Backprop)
","Dropout (0.5 for CNN, 0.2 for DBN)
",No,N/A,N/A,No," Not evaluated (Mentions real-time engagement signals as a general goal, but does not test/claim real-time capability)
","Yes (Computational time reported)
","CK+: 31.28 seconds; FER-2013: 27.48 seconds (for the entire training/testing process, not per-frame inference)
","Not specified (Windows 11, Intel Core i5-1135G7, 16GB RAM)",Other (Viola-Jones model for face detection),No,"No (Discussed as a theoretical benefit: ""Teachers... have the ability to provide individualized support since they receive real-time feedback"")
",None,"FER (facial expression) / Engagement detection
","7 basic emotions -> Binary Engagement (Engaged / Not Engaged based on improved entropy threshold)
","95% (CK+ at 80% learning %), 94.8% (FER-2013 at 80% learning %)","CK+: Precision 95.9%, F-measure 94.4%; FER-2013: Precision 92.8%, F-measure 90.2%, Sensitivity 87.8%",NR,"No
",NR, N/A,"CNN, DBN, SVM, LSTM, RF, DCNN, BiLSTM, LSTM-CNN, CNN (Cabada et al. 2020)","Yes (Compared against multiple recent baseline architectures)
","Yes (Compared method with extant AAM, extant DBN, and without feature extraction)
","Yes (Statistical analysis provided: Mean, Median, Min, Max, Standard Deviation across runs, though specific p-values or formal tests like ANOVA are not named)
","No (Tested separately on CK+ and FER-2013)
","95% accuracy on CK+ and 94.8% on FER-2013 using the hybrid IDBN+CNN model, outperforming standard single models.",No,"None reported (Mentions ""interclass and intraclass variance"" and ""differences in face shapes from person to person"" as general challenges)",None,No,None, None explicitly stated (though standard datasets used are lab-controlled/acted).,Difficulty recognizing dynamic facial features; poor image quality; face occupying only 10% of high-res images; visual background intricacies.,None discussed, None explicitly discussed.,"Existing systems detect perceived and non-perceived behavior states, causing frustration and dropout. Identifying emotions from dynamic facial features and high-resolution images where the face is small is difficult. Hybrid models are needed to optimize prediction and improve accuracy over single ML/DL models.","Use enhancement approaches to optimize the prediction model and improve findings from biometric features; examine a wider collection of facial action units monitored by CERT for a thorough understanding of the relationship between learning and affect.
",Yes,"",Partial,"",Partial,"",Partial,"",Yes,"",Yes,"",No,"",Partial,""
48,Abdellaoui 2024,Emotion Detection and Student Engagement in Distance Learning During Containment Due to the COVID-19,Sarbajit Paul Bappy,"Abdellaoui, B., Remaida, A., Sabri, Z., El Bouzekri El Idrissi, Y., & Moumen, A. (2024). Emotion Detection and Student Engagement in Distance Learning During Containment Due to the COVID-19. Baghdad Science Journal, 21(4), 1432–1447. https://doi.org/10.21123/bsj.2023.8698",2024,Emotion Detection and Student Engagement in Distance Learning During Containment Due to the COVID-19,Baghdad Science Journal,Primary empirical study / Proof-of-concept system implementation,Develop an automated mechanism to estimate student engagement levels and emotional states from recorded online learning videos and combine both outputs for decision-making regarding student status.,"RQ1, RQ2, RQ3, RQ4, RQ5",Morocco,Higher Education,Google Meet-based distance learning during COVID-19; university online classes,Students,45 students (selected from 81 participants),Engineering university students (age not reported),Not reported,Custom private dataset,Private / Custom,"Facial video frames, facial images","Engagement: 2 classes (Engaged / Not Engaged)
Emotion: 7 classes (Angry, Disgust, Fear, Happy, Sad, Surprise, Neutral)","Rule-based labeling using face position, eye detection, and gaze direction from Haar Cascade processing",Real online classes during COVID-19 distance learning,Not stated,Not reported,CNN,Custom CNN (architecture details not reported),Late fusion of engagement CNN + emotion CNN outputs,Face images only,None,No,Yes (emotion model described as pre-trained),Not reported,Not reported,Not reported,Not reported,Not reported,100 epochs (training graphs shown),Not reported,No,None,None,Not discussed,Near-real-time / Prototype system,No,Not reported,"Google Colab, Python",Haar Cascade (OpenCV),Prototype using Google Meet recordings,No dashboard; decision-making framework proposed,Student consent obtained; discussion of privacy/security concerns but no technical implementation reported,Engagement Detection + Facial Emotion Recognition,"Angry, Disgust, Fear, Happy, Sad, Surprise, Neutral",Training/validation accuracy graph shown (~84–86%),Not reported,Not reported,No,No,No,Literature discussion only,Partially,No,No,No,Validation accuracy approximately 85%; engagement estimation and emotion profiling successfully demonstrated,No,None reported,None,No,None,"Single university
Small sample size
Private dataset
Real-world recording variability","Binary engagement classification only
Difficulty detecting highly inclined faces
Face and eye detection failures
Limited engagement dimensions",No explainability analysis,"No latency evaluation
No deployment in operational LMS
Platform dependence
Data privacy and infrastructure challenges","Existing methods insufficiently integrate engagement and emotion estimation from visual recordings.
Cognitive engagement was not addressed.
Personality prediction and learning analytics remain unexplored.","Analyze LMS log files for cognitive engagement.
Predict student personalities from online posts.
Develop multi-level engagement models rather than binary classification.
Improve face detection robustness.
Incorporate presentation type analysis.
Estimate student-screen distance.
Enhance learning analytics and clustering strategies.",Yes,"The study clearly defines its objective to develop an approach for emotion detection and student engagement in distance learning (during COVID-19 confinement in Morocco) and explicitly addresses specific research questions (RQ1, RQ2).",Yes,"The methodology aligns with the objectives, utilizing a Custom CNN with late fusion and Haar Cascades for facial video emotion and engagement detection gathered via Google Meet.",No,"The dataset is listed as ""Private / Custom"" and key training configurations (loss function, optimizer, learning rate, and batch size) are all marked as ""Not reported,"" making it difficult to fully replicate.",Partial,"The study reports the context (Google Meet), sample size (45 engineering undergraduate students), and location (Morocco). However, demographic details like gender distribution, as well as technical details like class imbalance and data augmentation, are ""Not reported.""",Partial,"The study reports training and validation accuracy but fails to report more robust metrics such as precision, recall, F1-score, AUC-ROC, or a confusion matrix.",Partial,"The extraction notes only a ""Partial"" comparison to State-of-the-Art (SOTA) methods and discusses baselines primarily through literature. It lacks ablation studies and statistical significance testing.",No,"The dataset extraction explicitly states ""No (XAI not used)"" for Explainable AI implementation.",Yes,"The authors acknowledge several constraints, specifically noting dataset limitations (""Single"" source), model limitations (""Binary""), and the lack of both explainability and reported real-time latency."
48,Abdellaoui 2024,Emotion Detection and Student Engagement in Distance Learning During Containment Due to the COVID-19,Consensus,"Abdellaoui, B., Remaida, A., Sabri, Z., El Bouzekri El Idrissi, Y., & Moumen, A. (2024). Emotion Detection and Student Engagement in Distance Learning During Containment Due to the COVID-19. Baghdad Science Journal, 21(4), 1432–1447. https://doi.org/10.21123/bsj.2023.8698",2024,Emotion Detection and Student Engagement in Distance Learning During Containment Due to the COVID-19,Baghdad Science Journal,Primary empirical study / Proof-of-concept system implementation,Develop an automated mechanism to estimate student engagement levels and emotional states from recorded online learning videos and combine both outputs for decision-making regarding student status.,"RQ1, RQ2, RQ3, RQ4, RQ5",Morocco,Higher Education,Google Meet-based distance learning during COVID-19; university online classes,Students,45 students (selected from 81 participants),Engineering university students (age not reported),Not reported,Custom private dataset,Private / Custom,"Facial video frames, facial images","Engagement: 2 classes (Engaged / Not Engaged)
Emotion: 7 classes (Angry, Disgust, Fear, Happy, Sad, Surprise, Neutral)","Rule-based labeling using face position, eye detection, and gaze direction from Haar Cascade processing",Real online classes during COVID-19 distance learning,Not stated,Not reported,CNN,Custom CNN (architecture details not reported),Late fusion of engagement CNN + emotion CNN outputs,Face images only,None,No,Yes (emotion model described as pre-trained),Not reported,Not reported,Not reported,Not reported,Not reported,100 epochs (training graphs shown),Not reported,No,None,None,Not discussed,Near-real-time / Prototype system,No,Not reported,"Google Colab, Python",Haar Cascade (OpenCV),Prototype using Google Meet recordings,No dashboard; decision-making framework proposed,Student consent obtained; discussion of privacy/security concerns but no technical implementation reported,Engagement Detection + Facial Emotion Recognition,"Angry, Disgust, Fear, Happy, Sad, Surprise, Neutral",Training/validation accuracy graph shown (~84–86%),Not reported,Not reported,No,No,No,Literature discussion only,Partially,No,No,No,Validation accuracy approximately 85%; engagement estimation and emotion profiling successfully demonstrated,No,None reported,None,No,None,"Single university
Small sample size
Private dataset
Real-world recording variability","Binary engagement classification only
Difficulty detecting highly inclined faces
Face and eye detection failures
Limited engagement dimensions",No explainability analysis,"No latency evaluation
No deployment in operational LMS
Platform dependence
Data privacy and infrastructure challenges","Existing methods insufficiently integrate engagement and emotion estimation from visual recordings.
Cognitive engagement was not addressed.
Personality prediction and learning analytics remain unexplored.","Analyze LMS log files for cognitive engagement.
Predict student personalities from online posts.
Develop multi-level engagement models rather than binary classification.
Improve face detection robustness.
Incorporate presentation type analysis.
Estimate student-screen distance.
Enhance learning analytics and clustering strategies.",Yes,"",Yes,"",No,"",Partial,"",Partial,"",Partial,"",No,"",Yes,""
44,Nandi 2021,Real-Time Emotion Classification Using EEG Data Stream in E-Learning Contexts,Sarbajit Paul Bappy,"Nandi, A., Xhafa, F., Subirats, L., & Fort, S. (2021). Real-time emotion classification using EEG data stream in e-learning contexts. Sensors, 21(5), 1589. https://doi.org/10.3390/s21051589",2021,Real-time emotion classification using EEG data stream in e-learning contexts,"Sensors

",Primary empirical / Proof-of-concept,"To develop a real-time emotion classification system (RECS) capable of classifying emotional states from a continuous physiological (EEG) data stream, using Logistic Regression trained in an online fashion via Stochastic Gradient Descent (SGD), and to evaluate its application in e-learning contexts.","RQ1 (Methodology), RQ3 (Performance), RQ4 (Limitations)","Spain (Authors affiliated with Universitat Politècnica de Catalunya, Eurecat, and Universitat Oberta de Catalunya). Dataset collected in Switzerland/Netherlands.", Not specified (General e-learners),"LMS / Client-server distributed system (EEG sensor as client, edge/fog device as server)",Students (Implied e-learners),"32 participants (from DEAP dataset)
",Not specified,"50% male (16), 50% female (16)","DEAP (Database for Emotion Analysis using Physiological Signals)

",Public,EEG (32 channels) + Peripheral physiological signals + Video,2 binary classifications: Valence (High/Low) and Arousal (High/Low),"Self-reported (Participants rated valence, arousal, dominance, and liking on scales after watching music videos; scores >= 5 mapped to High, < 5 to Low).

",Lab-controlled (Participants watched 40 60-second music videos while EEG was recorded),"Partially (Authors note the dataset is ""slightly imbalanced"" [808 High vs 472 Low for Valence] and explicitly use Balanced Accuracy and F1-score to address it, but no resampling technique is applied).",No,N/A (Traditional ML / Linear Model),Logistic Regression (LR) with Incremental Stochastic Gradient Descent (SGD),N/A,"N/A (Only EEG used in the proposed model, though DEAP is multimodal)","Sliding window (60-second windows corresponding to video length; stream processed tuple-by-tuple)
",No,No,N/A (Online incremental learning from scratch),Log-likelihood objective function (Logistic cost function),Incremental Stochastic Gradient Descent (SGD),"0.05 (Fixed throughout training, determined via Cyclical Learning Rates experiment)",1 (Online learning: trained incrementally on each arriving data tuple),"1 (The model sees data exactly once, as required by streaming constraints)
","None explicitly stated for the online LR
",No,N/A,N/A,No,Yes,Yes (Data stream rate reported: 2 Mb/60 s),"2 Mb/60 s stream processing rate. Model uses ""interleaved test-then-train"" allowing real-time evaluation.","Edge device / Cloud server (Proposed architecture: EEG sensor as client, smartphone/edge/fog device as server)

",N/A,"Proposed only (Discusses integration into LMS to adapt content based on learner emotion)

",Proposed only (Mentions using emotional information for adaptive and personalized learning),None,Multimodal affect (Physiological signal classification),"Valence-Arousal (2D dimensional model, binarized into High/Low for both)",Yes (Balanced Accuracy. Valence: 66.33%; Arousal: 63.89%),Yes (F1-Score. Valence: 0.6995; Arousal: 0.6987),No,Yes,No,No,"Yes (Compared against 3 offline ML models: SVM, MLP, DT; and 5 online stream classifiers: HT, ARF, DWE, AEE, HAT)
",Yes (Outperformed other online streaming SOTA approaches in Balanced Accuracy),"Partially (Conducted a learning rate selection experiment using Cyclical Learning Rates, but no structural ablation)",No,No,"RECS achieved a Balanced Accuracy of 66.33% (Valence) and 63.89% (Arousal), outperforming all other online stream classifiers in accuracy. It achieved competitive F1-scores (~0.70).",No,"None reported

",Not stated,No,None,"DEAP dataset is slightly imbalanced. Emotion labels are based on self-reporting after watching music videos, which may not perfectly translate to spontaneous e-learning emotions.","The proposed LR model is linear and may not capture complex non-linear EEG patterns as well as deep learning models (though authors argue DL is too computationally heavy for real-time streaming). Accuracy/F1 scores are moderate (~60-70%), leaving room for improvement.",N/A,"Acknowledges that complex deep learning models outperform their lightweight linear model in offline scenarios, but defends the trade-off for real-time stream processing feasibility.","Conventional ML approaches for emotion recognition in e-learning are offline (requiring immutable, stored data viewed infinitely) and cannot handle continuous, real-time EEG data streams where data arrives fast and can only be seen once.","Incorporate concept drift handling mechanisms into the online classifier; integrate additional modalities (facial expressions, body gestures) alongside EEG; test the framework in live e-learning environments rather than simulated streams.",Yes,"The authors explicitly state: ""The aim of this research study is to develop a real-time emotion classification system that can classify the emotional states using a physiological data stream. We propose a real-time emotion classification system (RECS), which is developed by using Logistic Regression (LR) trained in online fashion using the Stochastic Gradient Descent (SGD) algorithm.""",Yes,"The use of an incremental online learning algorithm (SGD-trained LR) is highly appropriate and logically sound for the stated problem of classifying continuous data streams where batch/offline processing is infeasible. The ""interleaved test-then-train"" methodology is the standard evaluation protocol for data streams.",Yes,"The paper provides excellent detail: the public dataset (DEAP) is specified, feature extraction is mathematically defined (Wavelet Daubechies 4, 5 levels, energy/entropy), the exact hyperparameters are given (LR learning rate = 0.05), and the code/libraries are mentioned (Scikit-learn, Scikit-multiflow, Python 3.7).",Yes,"The DEAP dataset is thoroughly described, including the number of participants (32), gender balance (16M/16F), data structure (40x40x8064 matrix), labeling method (scaling valence/arousal >=5 to High), and class imbalance (808 High vs 472 Low for Valence).",Yes,"The authors correctly identify that the dataset is slightly imbalanced and therefore prioritize Balanced Accuracy and F1-score over standard accuracy, alongside the Confusion Matrix and Misclassification Rate. This is a robust approach.",Yes,"The proposed RECS is compared against 3 standard offline ML baselines (SVM, MLP, DT) and 5 state-of-the-art online streaming classifiers (HT, ARF, DWE, AEE, HAT). The authors clearly justify why computationally heavy DL models are excluded from the empirical comparison.
",No,No Explainable AI methods were implemented or evaluated in this study.,Yes,"The authors explicitly acknowledge that deep learning models outperform their approach in offline settings but argue for the necessity of their lightweight model for real-time streaming. They also note the dataset's class imbalance and the simulated nature of the stream, discussing these limitations in the context of generalizability to real e-learning environments.


"
44,Nandi 2021,Real-Time Emotion Classification Using EEG Data Stream in E-Learning Contexts,Consensus,"Nandi, A., Xhafa, F., Subirats, L., & Fort, S. (2021). Real-time emotion classification using EEG data stream in e-learning contexts. Sensors, 21(5), 1589. https://doi.org/10.3390/s21051589",2021,Real-time emotion classification using EEG data stream in e-learning contexts,"Sensors

",Primary empirical / Proof-of-concept,"To develop a real-time emotion classification system (RECS) capable of classifying emotional states from a continuous physiological (EEG) data stream, using Logistic Regression trained in an online fashion via Stochastic Gradient Descent (SGD), and to evaluate its application in e-learning contexts.","RQ1 (Methodology), RQ3 (Performance), RQ4 (Limitations)","Spain (Authors affiliated with Universitat Politècnica de Catalunya, Eurecat, and Universitat Oberta de Catalunya). Dataset collected in Switzerland/Netherlands.", Not specified (General e-learners),"LMS / Client-server distributed system (EEG sensor as client, edge/fog device as server)",Students (Implied e-learners),"32 participants (from DEAP dataset)
",Not specified,"50% male (16), 50% female (16)","DEAP (Database for Emotion Analysis using Physiological Signals)

",Public,EEG (32 channels) + Peripheral physiological signals + Video,2 binary classifications: Valence (High/Low) and Arousal (High/Low),"Self-reported (Participants rated valence, arousal, dominance, and liking on scales after watching music videos; scores >= 5 mapped to High, < 5 to Low).

",Lab-controlled (Participants watched 40 60-second music videos while EEG was recorded),"Partially (Authors note the dataset is ""slightly imbalanced"" [808 High vs 472 Low for Valence] and explicitly use Balanced Accuracy and F1-score to address it, but no resampling technique is applied).",No,N/A (Traditional ML / Linear Model),Logistic Regression (LR) with Incremental Stochastic Gradient Descent (SGD),N/A,"N/A (Only EEG used in the proposed model, though DEAP is multimodal)","Sliding window (60-second windows corresponding to video length; stream processed tuple-by-tuple)
",No,No,N/A (Online incremental learning from scratch),Log-likelihood objective function (Logistic cost function),Incremental Stochastic Gradient Descent (SGD),"0.05 (Fixed throughout training, determined via Cyclical Learning Rates experiment)",1 (Online learning: trained incrementally on each arriving data tuple),"1 (The model sees data exactly once, as required by streaming constraints)
","None explicitly stated for the online LR
",No,N/A,N/A,No,Yes,Yes (Data stream rate reported: 2 Mb/60 s),"2 Mb/60 s stream processing rate. Model uses ""interleaved test-then-train"" allowing real-time evaluation.","Edge device / Cloud server (Proposed architecture: EEG sensor as client, smartphone/edge/fog device as server)

",N/A,"Proposed only (Discusses integration into LMS to adapt content based on learner emotion)

",Proposed only (Mentions using emotional information for adaptive and personalized learning),None,Multimodal affect (Physiological signal classification),"Valence-Arousal (2D dimensional model, binarized into High/Low for both)",Yes (Balanced Accuracy. Valence: 66.33%; Arousal: 63.89%),Yes (F1-Score. Valence: 0.6995; Arousal: 0.6987),No,Yes,No,No,"Yes (Compared against 3 offline ML models: SVM, MLP, DT; and 5 online stream classifiers: HT, ARF, DWE, AEE, HAT)
",Yes (Outperformed other online streaming SOTA approaches in Balanced Accuracy),"Partially (Conducted a learning rate selection experiment using Cyclical Learning Rates, but no structural ablation)",No,No,"RECS achieved a Balanced Accuracy of 66.33% (Valence) and 63.89% (Arousal), outperforming all other online stream classifiers in accuracy. It achieved competitive F1-scores (~0.70).",No,"None reported

",Not stated,No,None,"DEAP dataset is slightly imbalanced. Emotion labels are based on self-reporting after watching music videos, which may not perfectly translate to spontaneous e-learning emotions.","The proposed LR model is linear and may not capture complex non-linear EEG patterns as well as deep learning models (though authors argue DL is too computationally heavy for real-time streaming). Accuracy/F1 scores are moderate (~60-70%), leaving room for improvement.",N/A,"Acknowledges that complex deep learning models outperform their lightweight linear model in offline scenarios, but defends the trade-off for real-time stream processing feasibility.","Conventional ML approaches for emotion recognition in e-learning are offline (requiring immutable, stored data viewed infinitely) and cannot handle continuous, real-time EEG data streams where data arrives fast and can only be seen once.","Incorporate concept drift handling mechanisms into the online classifier; integrate additional modalities (facial expressions, body gestures) alongside EEG; test the framework in live e-learning environments rather than simulated streams.",Yes,"",Yes,"",Yes,"",Yes,"",Yes,"",Yes,"",No,"",Yes,""
42,IEEE 2023,Lightweight Model for Emotion Detection from Facial Expression in Online Learning,Sarbajit Paul Bappy,"Kabir, M. R., Dewan, M. A. A., & Lin, F. (2023). Lightweight Model for Emotion Detection from Facial Expression in Online Learning. In 2023 IEEE Canadian Conference on Electrical and Computer Engineering (CCECE) (pp. 174–179). IEEE. https://doi.org/10.1109/CCECE58730.2023.10288951",2023,Lightweight Model for Emotion Detection from Facial Expression in Online Learning.,2023 IEEE Canadian Conference on Electrical and Computer Engineering (CCECE).,Primary empirical study; proof-of-concept deep learning model development and evaluation.,To develop a lightweight deep learning model that can be deployed on low-resource edge devices and detect students’ educational emotions from facial expressions in online learning environments.,"RQ1: Deep learning architectures for educational emotion detection.
RQ2: Use of educational emotion datasets in online learning.
RQ3: Performance evaluation and comparison with state-of-the-art models.
RQ5: Research gaps and future directions for lightweight educational emotion detection systems.",Canada,Online learners / students (specific educational level not reported).,Online learning sessions recorded through webcams during online learning activities.,Students.,82 students.,17–26 years.,"Male: 29
Female: 53",Spontaneous Facial Expression Database for Academic Emotion Inference in Online Learning (OL-SFED).,Public dataset.,"Facial images
Facial videos (source recordings)","Confusion
Distraction
Enjoyment
Neutrality
Fatigue",Students labeled emotional episodes after recording. External raters independently classified the same emotions. Agreement between students and raters was reported as very high.,"Online learning activities
Webcam recordings
Natural environment
Different illumination conditions
Different occlusion conditions
Video recordings of 10–60 minutes
30 fps
Resolution: 720 × 1080",No,Not reported.,CNN-based lightweight transfer learning architecture.,"Pre-trained MobileNet backbone
Global Average Pooling 2D
Dense layer (128 units, ReLU)
Softmax output layer (5 classes)",N/A,N/A,N/A,No.,Yes,"Partial fine-tuning.
Top MobileNet fully connected layers removed and replaced with:

Global Average Pooling
Dense layer (128 neurons)
Softmax classifier",Categorical Cross-Entropy,Adam.,Not reported.,Not reported.,100 epochs,Not explicitly reported.,No.,None,None,No.,Yes.,No,Not reported.,Edge devices used by online learners.,"Webcam-based facial expression detection
MobileNet-based CNN classifier",No.,No.,"Motivation includes:

Local processing on edge devices
Avoiding transmission of video streams to servers
Improving privacy and security of learner data",Facial Expression Recognition (FER) for educational emotion detection.,"Confusion
Distraction
Enjoyment
Neutrality
Fatigue","Proposed Model
Training Accuracy: 92.31%
Validation Accuracy: 92.31%
Test Accuracy: 90.46%","Precision: 0.8797
Recall: 0.7316
F1-score: 0.7988",Not reported.,Yes,Not reported.,Not reported.,"Compared against:

Inception-v3
Xception
Inception-ResNet
SqueezeNet
MobileNet",Yes.,No,No,No,"Proposed Model:

Test Accuracy = 90.46%",No.,None reported.,None reported.,"Partial.

Authors propose collecting data from different geographical locations in future work.",None.,"Limited number of students.
Limited number of tutorial sessions.
Need larger-scale dataset collection.","Confusion class frequently misclassified.
Additional parameter tuning needed.
Further optimization required.",No explainability evaluation performed. Authors propose SHAP and LIME for future work.,Real deployment not experimentally validated despite being proposed for edge devices.,There is limited research on lightweight deep learning models for educational emotion detection in online learning environments that can be deployed on edge devices.,"Hyperparameter optimization of the proposed architecture.
Explainable AI integration using:
SHAP
LIME
Investigating why classes are confused by the model.
Large-scale dataset collection.
More students.
More tutorial sessions.
Data from multiple geographical locations.
Improved model generalization.",Yes,The study clearly states its objective to develop a lightweight deep learning model for educational emotion detection that can run on low-resource edge devices in online learning environments.,Yes,"The authors propose a MobileNet-based architecture, use a relevant educational emotion dataset (OL-SFED), and compare performance against multiple state-of-the-art models.",Partial,"The architecture, optimizer, loss function, dataset, and evaluation procedure are described. However, source code, trained weights, learning rate, batch size, and implementation details are not publicly provided.",Partial,"Dataset source, participant demographics, image counts, recording conditions, and emotion categories are described. Class distribution and diversity information are only partially discussed, and no demographic bias analysis is provided.",Yes,"The study reports accuracy, precision, recall, F1-score, confusion matrix, and train/validation/test losses, which are appropriate for multi-class emotion classification.",Yes,"The proposed model is compared with Inception-v3, Xception, Inception-ResNet, SqueezeNet, and MobileNet. However, no statistical significance testing is reported.",No,No explainable AI method was implemented or evaluated. SHAP and LIME are only suggested as future work.,Yes,"The authors acknowledge limited dataset size, limited tutorial sessions, class confusion issues, need for further optimization, lack of explainability analysis, and need for broader geographic representation."
42,IEEE 2023,Lightweight Model for Emotion Detection from Facial Expression in Online Learning,Consensus,"Kabir, M. R., Dewan, M. A. A., & Lin, F. (2023). Lightweight Model for Emotion Detection from Facial Expression in Online Learning. In 2023 IEEE Canadian Conference on Electrical and Computer Engineering (CCECE) (pp. 174–179). IEEE. https://doi.org/10.1109/CCECE58730.2023.10288951",2023,Lightweight Model for Emotion Detection from Facial Expression in Online Learning.,2023 IEEE Canadian Conference on Electrical and Computer Engineering (CCECE).,Primary empirical study; proof-of-concept deep learning model development and evaluation.,To develop a lightweight deep learning model that can be deployed on low-resource edge devices and detect students’ educational emotions from facial expressions in online learning environments.,"RQ1: Deep learning architectures for educational emotion detection.
RQ2: Use of educational emotion datasets in online learning.
RQ3: Performance evaluation and comparison with state-of-the-art models.
RQ5: Research gaps and future directions for lightweight educational emotion detection systems.",Canada,Online learners / students (specific educational level not reported).,Online learning sessions recorded through webcams during online learning activities.,Students.,82 students.,17–26 years.,"Male: 29
Female: 53",Spontaneous Facial Expression Database for Academic Emotion Inference in Online Learning (OL-SFED).,Public dataset.,"Facial images
Facial videos (source recordings)","Confusion
Distraction
Enjoyment
Neutrality
Fatigue",Students labeled emotional episodes after recording. External raters independently classified the same emotions. Agreement between students and raters was reported as very high.,"Online learning activities
Webcam recordings
Natural environment
Different illumination conditions
Different occlusion conditions
Video recordings of 10–60 minutes
30 fps
Resolution: 720 × 1080",No,Not reported.,CNN-based lightweight transfer learning architecture.,"Pre-trained MobileNet backbone
Global Average Pooling 2D
Dense layer (128 units, ReLU)
Softmax output layer (5 classes)",N/A,N/A,N/A,No.,Yes,"Partial fine-tuning.
Top MobileNet fully connected layers removed and replaced with:

Global Average Pooling
Dense layer (128 neurons)
Softmax classifier",Categorical Cross-Entropy,Adam.,Not reported.,Not reported.,100 epochs,Not explicitly reported.,No.,None,None,No.,Yes.,No,Not reported.,Edge devices used by online learners.,"Webcam-based facial expression detection
MobileNet-based CNN classifier",No.,No.,"Motivation includes:

Local processing on edge devices
Avoiding transmission of video streams to servers
Improving privacy and security of learner data",Facial Expression Recognition (FER) for educational emotion detection.,"Confusion
Distraction
Enjoyment
Neutrality
Fatigue","Proposed Model
Training Accuracy: 92.31%
Validation Accuracy: 92.31%
Test Accuracy: 90.46%","Precision: 0.8797
Recall: 0.7316
F1-score: 0.7988",Not reported.,Yes,Not reported.,Not reported.,"Compared against:

Inception-v3
Xception
Inception-ResNet
SqueezeNet
MobileNet",Yes.,No,No,No,"Proposed Model:

Test Accuracy = 90.46%",No.,None reported.,None reported.,"Partial.

Authors propose collecting data from different geographical locations in future work.",None.,"Limited number of students.
Limited number of tutorial sessions.
Need larger-scale dataset collection.","Confusion class frequently misclassified.
Additional parameter tuning needed.
Further optimization required.",No explainability evaluation performed. Authors propose SHAP and LIME for future work.,Real deployment not experimentally validated despite being proposed for edge devices.,There is limited research on lightweight deep learning models for educational emotion detection in online learning environments that can be deployed on edge devices.,"Hyperparameter optimization of the proposed architecture.
Explainable AI integration using:
SHAP
LIME
Investigating why classes are confused by the model.
Large-scale dataset collection.
More students.
More tutorial sessions.
Data from multiple geographical locations.
Improved model generalization.",Yes,"",Yes,"",Partial,"",Partial,"",Yes,"",Yes,"",No,"",Yes,""
40,Zhang 2024,A novel deep learning model to improve the recognition of students' facial expressions in online learning environments,Sarbajit Paul Bappy,"Zhang, H., & Wang, M. (2024). A novel deep learning model to improve the recognition of students' facial expressions in online learning environments. Knowledge Management & E-Learning, 16(1), 134–150. https://doi.org/10.34105/j.kmel.2024.16.006

",2024,A novel deep learning model to improve the recognition of students' facial expressions in online learning environments,Knowledge Management & E-Learning: An International Journal (KM&EL),"Primary empirical / Proof-of-concept
",To address the limitations of low accuracy and poor feature extraction in existing automatic facial expression recognition methods by proposing a new deep learning model (DenseNetX-CBAM) for online learning environments.,"RQ1 (Methodology), RQ3 (Performance/Results), RQ4 (Limitations)",Hong Kong / China (Authors affiliated with the University of Hong Kong and Zhejiang University); Dataset from Gdansk University of Technology (Poland).,Higher Ed (Computer science students learning Java programming),Online learning environment / Simple program editor interface,Students, 33 students (from a broader dataset of 212); 217 video clips used.,19–22 years,"28 males (84.8%), 5 females (15.2%)","DevEmo dataset (Gdansk University of Technology)

",Public (Derived from a publicly available dataset),Facial video / Static image (frames extracted at 15-frame intervals),"5 emotional expressions (Anger, Surprise, Happiness, Confusion, Neutral)",Not stated (Inherited from the original DevEmo dataset),Online lecture capture (Students completing Java programming tasks online with induced interference behaviors),Not stated,"Yes (Brightness changes, rotation by 45°, data normalization, shuffling)","CNN / Hybrid (DenseNet + Attention)
",DenseNetX-CBAM (Modified DenseNet with Convolutional Block Attention Module),N/A ,N/A ,None (Static frame-based recognition; 15-frame interval sampling),"Yes (CBAM: Convolutional Block Attention Module, combining Channel Attention Module [CAM] and Spatial Attention Module [SAM])
"," Not stated (The paper describes building and training the architecture, but does not explicitly mention loading ImageNet pre-trained weights, though it references standard DenseNet structure).",N/A,"Cross-entropy loss
",Adam,0.0001 (Initial); No scheduler mentioned.,8,50 epochs,"Batch normalization (within DenseNet blocks)
",Partially (discussed but not implemented as a separate XAI tool),"Attention Maps (CBAM generates spatial and channel attention weights, which inherently highlight important regions/channels, though no explicit visual output like Grad-CAM is shown for user interpretation).

",None,No," No (Though the conclusion mentions potential for ""real-time adjustment"", no real-time capability is evaluated or claimed for the system itself).",No,"N/A

",Not specified,OpenCV (Used for video segmentation and face detection/cropping),No,"Proposed only (""has a high potential to help teachers... provide real-time adjustment"")",None,FER (facial expression),"5 custom expressions (Anger, Surprise, Happiness, Confusion, Neutral)",85.6% (0.856),Macro F1-Score = 0.837,No,Yes,No,No,"Yes (Compared against GoogLeNet, MobileNetv2, VGG16, ResNet50, EfficientNet, and baseline DenseNet variants).
",Yes,"Yes (Tested Baseline DenseNet, DenseNetX, DenseNet-CBAM, DenseNetX-SAM, DenseNetX-CAM, and DenseNetX-CBAM to prove the efficacy of each component).",No,No,"85.6% accuracy and 0.837 Macro F1-score using DenseNetX-CBAM, with the lowest parameter count (705,195) among compared models.",No,"None reported (Dataset is heavily skewed: 28 males / 5 females, but this is not addressed as a bias risk).","Not stated

",No,None,Dataset is domain-specific (Java programming students) and may not represent expressions in other courses. Only 5 emotions included (no disgust or fear). Gender imbalance in dataset.,Recognition rate may decrease in complex environments with varying lighting levels.,N/A,Not tested in a live real-time classroom setting.,"Existing deep learning methods for FER suffer from low accuracy and poor feature extraction due to information loss during feature propagation and interference from irrelevant features.

","Conduct more empirical studies including other emotional expressions (e.g., disgust, fear); Test the model's robustness in complex environments with varying lighting; Explore application in other online course domains.",Yes,"The study explicitly outlines two clear research questions: ""RQ1: How to design a new deep learning model to improve the recognition of students’ facial expressions in an online environment? RQ2: Does the designed model outperform other state-of-art models in recognizing students’ facial expressions in an online environment?""",Yes,The methodology directly addresses the research questions. The authors propose a novel architecture (DenseNetX-CBAM) that logically targets the stated problem of poor feature extraction by enhancing feature reuse (DenseNet) and focusing on relevant channels/regions (CBAM). The comparative and ablation study design is appropriate for validating the model.,Partial,"The authors provide the dataset source (DevEmo), preprocessing steps (15-frame interval, 128x128 resize, specific augmentations), and training hyperparameters (Adam, lr=0.0001, batch size 8, 50 epochs). However, they do not provide the code, and the exact structural modifications that differentiate ""DenseNetX"" from standard ""DenseNet"" are described conceptually but lack precise mathematical/structural detail (e.g., exact filter numbers changed beyond growth rate 16).",Partial,"The dataset size, participant demographics (age, gender), and labels are clearly reported. However, the annotation methodology is not described (how/who labeled the videos), and the severe gender imbalance (28M/5F) is reported but not discussed as a limitation for model generalizability.
",Yes,"The study uses Accuracy and Macro F1-score, which are standard and appropriate for multi-class classification. They also report parameter counts to demonstrate computational efficiency and provide confusion matrices for per-class analysis.",Yes,"The model is compared against five well-known SOTA models (GoogLeNet, MobileNetv2, VGG16, ResNet50, EfficientNet). Crucially, a thorough ablation study is conducted to validate the specific contributions of the DenseNetX modification and the CAM/SAM components.",No,"While the model uses an attention mechanism (CBAM) which inherently acts as a feature weighting/XAI mechanism, the authors do not generate, present, or evaluate any attention maps or visual explanations. The XAI capability of the module is claimed but not demonstrated or validated.",Yes,"The authors explicitly list limitations in the Discussion section: the dataset is specific to Java programming, recognition may suffer in varying lighting conditions, and the dataset only includes 5 of the primary emotions."
40,Zhang 2024,A novel deep learning model to improve the recognition of students' facial expressions in online learning environments,Consensus,"Zhang, H., & Wang, M. (2024). A novel deep learning model to improve the recognition of students' facial expressions in online learning environments. Knowledge Management & E-Learning, 16(1), 134–150. https://doi.org/10.34105/j.kmel.2024.16.006

",2024,A novel deep learning model to improve the recognition of students' facial expressions in online learning environments,Knowledge Management & E-Learning: An International Journal (KM&EL),"Primary empirical / Proof-of-concept
",To address the limitations of low accuracy and poor feature extraction in existing automatic facial expression recognition methods by proposing a new deep learning model (DenseNetX-CBAM) for online learning environments.,"RQ1 (Methodology), RQ3 (Performance/Results), RQ4 (Limitations)",Hong Kong / China (Authors affiliated with the University of Hong Kong and Zhejiang University); Dataset from Gdansk University of Technology (Poland).,Higher Ed (Computer science students learning Java programming),Online learning environment / Simple program editor interface,Students, 33 students (from a broader dataset of 212); 217 video clips used.,19–22 years,"28 males (84.8%), 5 females (15.2%)","DevEmo dataset (Gdansk University of Technology)

",Public (Derived from a publicly available dataset),Facial video / Static image (frames extracted at 15-frame intervals),"5 emotional expressions (Anger, Surprise, Happiness, Confusion, Neutral)",Not stated (Inherited from the original DevEmo dataset),Online lecture capture (Students completing Java programming tasks online with induced interference behaviors),Not stated,"Yes (Brightness changes, rotation by 45°, data normalization, shuffling)","CNN / Hybrid (DenseNet + Attention)
",DenseNetX-CBAM (Modified DenseNet with Convolutional Block Attention Module),N/A ,N/A ,None (Static frame-based recognition; 15-frame interval sampling),"Yes (CBAM: Convolutional Block Attention Module, combining Channel Attention Module [CAM] and Spatial Attention Module [SAM])
"," Not stated (The paper describes building and training the architecture, but does not explicitly mention loading ImageNet pre-trained weights, though it references standard DenseNet structure).",N/A,"Cross-entropy loss
",Adam,0.0001 (Initial); No scheduler mentioned.,8,50 epochs,"Batch normalization (within DenseNet blocks)
",Partially (discussed but not implemented as a separate XAI tool),"Attention Maps (CBAM generates spatial and channel attention weights, which inherently highlight important regions/channels, though no explicit visual output like Grad-CAM is shown for user interpretation).

",None,No," No (Though the conclusion mentions potential for ""real-time adjustment"", no real-time capability is evaluated or claimed for the system itself).",No,"N/A

",Not specified,OpenCV (Used for video segmentation and face detection/cropping),No,"Proposed only (""has a high potential to help teachers... provide real-time adjustment"")",None,FER (facial expression),"5 custom expressions (Anger, Surprise, Happiness, Confusion, Neutral)",85.6% (0.856),Macro F1-Score = 0.837,No,Yes,No,No,"Yes (Compared against GoogLeNet, MobileNetv2, VGG16, ResNet50, EfficientNet, and baseline DenseNet variants).
",Yes,"Yes (Tested Baseline DenseNet, DenseNetX, DenseNet-CBAM, DenseNetX-SAM, DenseNetX-CAM, and DenseNetX-CBAM to prove the efficacy of each component).",No,No,"85.6% accuracy and 0.837 Macro F1-score using DenseNetX-CBAM, with the lowest parameter count (705,195) among compared models.",No,"None reported (Dataset is heavily skewed: 28 males / 5 females, but this is not addressed as a bias risk).","Not stated

",No,None,Dataset is domain-specific (Java programming students) and may not represent expressions in other courses. Only 5 emotions included (no disgust or fear). Gender imbalance in dataset.,Recognition rate may decrease in complex environments with varying lighting levels.,N/A,Not tested in a live real-time classroom setting.,"Existing deep learning methods for FER suffer from low accuracy and poor feature extraction due to information loss during feature propagation and interference from irrelevant features.

","Conduct more empirical studies including other emotional expressions (e.g., disgust, fear); Test the model's robustness in complex environments with varying lighting; Explore application in other online course domains.",Yes,"",Yes,"",Partial,"",Partial,"",Yes,"",Yes,"",No,"",Yes,""
38,Moise 2024,Towards Integrating Automatic Emotion Recognition in Education: A Deep Learning Model Based on 5 EEG Channels,Sarbajit Paul Bappy,"Moise, G., Dragomir, E. G., Șchiopu, D., & Iancu, L. A. (2024). Towards integrating automatic emotion recognition in education: A deep learning model based on 5 EEG channels. International Journal of Computational Intelligence Systems, 17, 230. https://doi.org/10.1007/s44196-024-00638-x

",2024,Towards integrating automatic emotion recognition in education: A deep learning model based on 5 EEG channels,International Journal of Computational Intelligence Systems,Primary empirical / Proof-of-concept,"To develop a reliable, high-accuracy automatic emotion recognition (AER) model for education using a reduced set of 5 EEG channels (to lower complexity/intrusiveness), and to provide reliable explanations for the model's predictions using a novel LIME-based analysis method."," RQ1 (Methodology), RQ3 (Performance), RQ4 (XAI/Limitations)",Romania (Authors affiliated with Petroleum-Gas University of Ploiești),Not specified (General academic learning environment),Conceptual integration into online learning / intelligent tutoring systems, Students (Implied learners),"32 participants (from DEAP dataset)
",Not specified,"NR (Not reported for this specific study, though DEAP is balanced)",DEAP (Database for Emotion Analysis using Physiological Signals),Public,"EEG (5 channels specifically selected: FP1, AF3, F7, T7, FP2)

","7 learning-centric emotions (Boredom, Confusion, Frustration, Curiosity, Excitement, Concentration, Anxiety) - binarized for presence/absence.","Automated mapping (Self-reported Valence, Arousal, Dominance ratings mapped to the 7 emotion categories using PAD mean/standard deviation thresholds from Russell & Mehrabian).",Lab-controlled (Participants watched music videos; original DEAP collection),"Yes (Acknowledged that classes are unbalanced; therefore, Precision, Recall, and F1-score are calculated alongside accuracy).","No (Feature extension via FFT sub-bands was used, but no traditional data augmentation mentioned)

","CNN (1D-CNN)
","Custom 1D-CNN (4 Convolutional layers + 3 Dense layers, adapted from Akter et al. 2022)","N/A (Unimodal - EEG)
",N/A,None (Static feature extraction via FFT),No,"No (Model trained from scratch, architecture adapted from literature)",N/A,Not explicitly stated (Likely Cross-entropy given Softmax output),Not explicitly stated,Not stated,100,"Up to 100 epochs with Early Stopping (Stopped between 22 to 67 epochs depending on the emotion model)
","Dropout (rate = 0.2), Batch Normalization, Early Stopping
",Yes,LIME (Local Interpretable Model-agnostic Explanations),"Custom / Qualitative visualisation (Authors propose an improved analysis method based on LIME using a majority voting ensemble principle: running LIME 20 times, calculating the absolute difference in feature occurrence frequencies supporting presence vs. absence, and ranking features to provide stable explanations).","Yes (Explicitly note LIME's instability/weakness: ""different interpretations are obtained with each run of the algorithm"", which their proposed method aims to solve).","Proposed only (Mentions that using 5 channels allows for building a low-cost wearable device for real-time recognition, but does not test real-time inference).",No,N/A,"Edge device / Wearable (Proposed: ""possibility of building a low-cost wearable device"")

",N/A,"Proposed only (Discusses integration into Intelligent Tutoring Systems and adaptive learning)

",Proposed only,"None (Discusses ethical risks of AER in education conceptually, but no technical privacy measures)

","Multimodal affect (Physiological/EEG signal classification)
","7 learning-specific emotions (Boredom, Confusion, Frustration, Curiosity, Excitement, Concentration, Anxiety)
","Yes (Boredom: 99.64%, Confusion: 99.70%, Frustration: 99.66%, Curiosity: 99.80%, Excitement: 99.91%, Concentration: 99.70%, Anxiety: 99.21%)","Yes (Calculated due to class imbalance, specific values truncated in provided text but methodology confirmed).",No,"Yes (""the classical confusion matrix is provided for each emotion recognition model"")",No,No,Yes (Compared against the same 1D-CNN architecture using 14 channels and two sets of 10 channels to prove that 5 channels maintain accuracy while reducing complexity).,"Yes (Compared against SOTA models in the literature table: GJFusion, ResLSTM, STS-Transformer, etc.)",Yes (Ablation on the number of EEG channels: 14 vs. 10 vs. 5),No,No,"Using only 5 EEG channels, the model achieved >99% accuracy for 6 of the 7 emotions and 99.21% for Anxiety, proving that channel reduction does not significantly degrade performance while drastically lowering model parameters (from 4.38M to 1.63M).
",No,"None empirically tested (Authors conceptually identify ""possible bias and discrimination of predictions"" as an ethical risk class of AER in education, but do not test their model for it).

","Not stated

",No,None,"Emotion labels are generated via an automated PAD mapping formula rather than direct ground-truth human annotation for the specific 7 emotions. DEAP dataset relies on music video stimuli, which may not perfectly simulate classroom emotions.","High accuracy values (99%+) on DEAP may not generalize perfectly to real-world noisy classroom data.

","Acknowledges that LIME is inherently unstable, returning different results on each execution, which necessitated their custom ensemble-based LIME approach.

","Acknowledges that complex DL models pose ethical and practical deployment risks (intrusiveness, lack of transparency).","Existing high-performing AER models use too many EEG channels (14-32), leading to high resource consumption, long training times, and intrusive/bulky wearable requirements. Furthermore, most studies neglect the explainability of their predictions.","Test the model on other datasets; develop and deploy the 5-channel model on an actual low-cost wearable device for real-time classroom application; further refine explainability methods for AER in educational contexts.

",Yes,"The paper explicitly states its aims: ""to develop a reliable and performant AER model and to provide explanations for the predicted results... Our goals are to decrease the complexity of input data through reducing the number of used EEG channels and to preserve the high accuracy of the machine model.""
",Yes,The methodology logically addresses the research gaps. Using feature selection literature to reduce channels from 14 to 5 is sound. Adapting a proven 1D-CNN architecture and applying an enhanced LIME method for explainability appropriately meets both the performance and XAI objectives.,Yes,"The paper provides exceptional detail. The exact 5 EEG channels are named, the PAD mapping formula is given, the model architecture is listed layer-by-layer with output shapes and parameters (Table 6), and hyperparameters (batch size 100, early stopping) are specified.",Partial,"The DEAP dataset is well-described, and the novel method for mapping continuous Valence/Arousal/Dominance ratings to 7 discrete learning emotions using a mathematical formula based on Russell & Mehrabian's PAD values is highly detailed. However, the resulting class distributions (number of samples per emotion) are only vaguely referenced as ""unbalanced"" without exact numbers.",Yes,"The authors correctly identify that the classes are unbalanced and therefore compute Accuracy, Precision, Recall, F1-score, and Confusion Matrices, providing a robust evaluation suite rather than relying on accuracy alone.
",Yes,"The paper compares its proposed 5-channel model against the 14-channel and 10-channel variations of the same architecture to prove the viability of channel reduction. It also provides a comprehensive table comparing the accuracy of its baseline architecture against recent SOTA models on the DEAP dataset.
",Partial,"LIME is implemented, and an improved ensemble-based method is proposed to address LIME's instability. However, the evaluation is primarily qualitative/methodological (showing how the stable explanations are generated). There is no human-user evaluation (e.g., with teachers or students) to validate if these explanations are actually useful or trustworthy in an educational context.
",Yes,"The authors explicitly discuss the limitations of LIME's instability, the ethical risks of AER in education (discrimination, intrusiveness), and note that the high accuracies on DEAP may face generalizability issues in real-world scenarios."
38,Moise 2024,Towards Integrating Automatic Emotion Recognition in Education: A Deep Learning Model Based on 5 EEG Channels,Consensus,"Moise, G., Dragomir, E. G., Șchiopu, D., & Iancu, L. A. (2024). Towards integrating automatic emotion recognition in education: A deep learning model based on 5 EEG channels. International Journal of Computational Intelligence Systems, 17, 230. https://doi.org/10.1007/s44196-024-00638-x

",2024,Towards integrating automatic emotion recognition in education: A deep learning model based on 5 EEG channels,International Journal of Computational Intelligence Systems,Primary empirical / Proof-of-concept,"To develop a reliable, high-accuracy automatic emotion recognition (AER) model for education using a reduced set of 5 EEG channels (to lower complexity/intrusiveness), and to provide reliable explanations for the model's predictions using a novel LIME-based analysis method."," RQ1 (Methodology), RQ3 (Performance), RQ4 (XAI/Limitations)",Romania (Authors affiliated with Petroleum-Gas University of Ploiești),Not specified (General academic learning environment),Conceptual integration into online learning / intelligent tutoring systems, Students (Implied learners),"32 participants (from DEAP dataset)
",Not specified,"NR (Not reported for this specific study, though DEAP is balanced)",DEAP (Database for Emotion Analysis using Physiological Signals),Public,"EEG (5 channels specifically selected: FP1, AF3, F7, T7, FP2)

","7 learning-centric emotions (Boredom, Confusion, Frustration, Curiosity, Excitement, Concentration, Anxiety) - binarized for presence/absence.","Automated mapping (Self-reported Valence, Arousal, Dominance ratings mapped to the 7 emotion categories using PAD mean/standard deviation thresholds from Russell & Mehrabian).",Lab-controlled (Participants watched music videos; original DEAP collection),"Yes (Acknowledged that classes are unbalanced; therefore, Precision, Recall, and F1-score are calculated alongside accuracy).","No (Feature extension via FFT sub-bands was used, but no traditional data augmentation mentioned)

","CNN (1D-CNN)
","Custom 1D-CNN (4 Convolutional layers + 3 Dense layers, adapted from Akter et al. 2022)","N/A (Unimodal - EEG)
",N/A,None (Static feature extraction via FFT),No,"No (Model trained from scratch, architecture adapted from literature)",N/A,Not explicitly stated (Likely Cross-entropy given Softmax output),Not explicitly stated,Not stated,100,"Up to 100 epochs with Early Stopping (Stopped between 22 to 67 epochs depending on the emotion model)
","Dropout (rate = 0.2), Batch Normalization, Early Stopping
",Yes,LIME (Local Interpretable Model-agnostic Explanations),"Custom / Qualitative visualisation (Authors propose an improved analysis method based on LIME using a majority voting ensemble principle: running LIME 20 times, calculating the absolute difference in feature occurrence frequencies supporting presence vs. absence, and ranking features to provide stable explanations).","Yes (Explicitly note LIME's instability/weakness: ""different interpretations are obtained with each run of the algorithm"", which their proposed method aims to solve).","Proposed only (Mentions that using 5 channels allows for building a low-cost wearable device for real-time recognition, but does not test real-time inference).",No,N/A,"Edge device / Wearable (Proposed: ""possibility of building a low-cost wearable device"")

",N/A,"Proposed only (Discusses integration into Intelligent Tutoring Systems and adaptive learning)

",Proposed only,"None (Discusses ethical risks of AER in education conceptually, but no technical privacy measures)

","Multimodal affect (Physiological/EEG signal classification)
","7 learning-specific emotions (Boredom, Confusion, Frustration, Curiosity, Excitement, Concentration, Anxiety)
","Yes (Boredom: 99.64%, Confusion: 99.70%, Frustration: 99.66%, Curiosity: 99.80%, Excitement: 99.91%, Concentration: 99.70%, Anxiety: 99.21%)","Yes (Calculated due to class imbalance, specific values truncated in provided text but methodology confirmed).",No,"Yes (""the classical confusion matrix is provided for each emotion recognition model"")",No,No,Yes (Compared against the same 1D-CNN architecture using 14 channels and two sets of 10 channels to prove that 5 channels maintain accuracy while reducing complexity).,"Yes (Compared against SOTA models in the literature table: GJFusion, ResLSTM, STS-Transformer, etc.)",Yes (Ablation on the number of EEG channels: 14 vs. 10 vs. 5),No,No,"Using only 5 EEG channels, the model achieved >99% accuracy for 6 of the 7 emotions and 99.21% for Anxiety, proving that channel reduction does not significantly degrade performance while drastically lowering model parameters (from 4.38M to 1.63M).
",No,"None empirically tested (Authors conceptually identify ""possible bias and discrimination of predictions"" as an ethical risk class of AER in education, but do not test their model for it).

","Not stated

",No,None,"Emotion labels are generated via an automated PAD mapping formula rather than direct ground-truth human annotation for the specific 7 emotions. DEAP dataset relies on music video stimuli, which may not perfectly simulate classroom emotions.","High accuracy values (99%+) on DEAP may not generalize perfectly to real-world noisy classroom data.

","Acknowledges that LIME is inherently unstable, returning different results on each execution, which necessitated their custom ensemble-based LIME approach.

","Acknowledges that complex DL models pose ethical and practical deployment risks (intrusiveness, lack of transparency).","Existing high-performing AER models use too many EEG channels (14-32), leading to high resource consumption, long training times, and intrusive/bulky wearable requirements. Furthermore, most studies neglect the explainability of their predictions.","Test the model on other datasets; develop and deploy the 5-channel model on an actual low-cost wearable device for real-time classroom application; further refine explainability methods for AER in educational contexts.

",Yes,"",Yes,"",Yes,"",Partial,"",Yes,"",Yes,"",Partial,"",Yes,""
35,Gupta 2023,Facial emotion recognition based real-time learner engagement detection system in online learning context using deep learning models,Sarbajit Paul Bappy,"Gupta, S., Kumar, P., & Tekchandani, R. (2023). Facial emotion recognition based real-time learner engagement detection system in online learning context using deep learning models. Multimedia Tools and Applications, 82, 11365–11394.",2023,Facial emotion recognition based real-time learner engagement detection system in online learning context using deep learning models,Multimedia Tools and Applications,Experimental system development and evaluation study.,To propose a deep learning-based real-time learner engagement detection system that uses facial emotion recognition to classify learners as engaged or disengaged during online learning sessions.,"RQ1: Deep learning architectures for emotion recognition and engagement detection.
RQ2: Datasets used for facial emotion recognition.
RQ3: Performance evaluation and comparison.
RQ4: Real-time deployment framework and engagement monitoring.
RQ5: Future improvement directions.","India (Thapar Institute of Engineering and Technology, Patiala, India).",Higher Education (undergraduate learners).,Online learning environment using online course videos and webcam-based monitoring.,Students,20 undergraduate learners participated in real-time system evaluation.,Undergraduate learners. Exact age not reported.,Not Reported,"WIDER Face
FER-2013
CK+
RAF-DB
Own Dataset",Mixed (Public + Custom),Facial images / Facial video frames,"Angry
Sad
Happy
Neutral
Surprise
Fear",Existing labels from public datasets; own dataset manually collected and labelled.,Real-time online learning environment and facial emotion recognition datasets.,Not stated.,Not Reported.,CNN,"Inception-V3
VGG19
ResNet-5",N/A (Unimodal facial modality),Face only,Frame-based processing from webcam video stream; frame extraction every 20 seconds.,No,Yes,Not clearly reported.,Softmax loss used for emotion classification.,SGD (reported for Faster R-CNN training).,Learning rate = 0.001 (Faster R-CNN).,128,Not Reported,Weight decay = 0.0001. Dropout used in VGG19 fully connected layers.,No,None,None,No,Yes,No,Not Reported,Webcam-based online learning environment.,"Faster R-CNN (face detection)
MFACEXTOR (Modified Face Point Extractor)
MediaPipe Face Mesh",No,Partially. Engagement percentage and engagement state are provided as feedback.,Not stated,Engagement Detection,"Happy
Sad
Angry
Neutral
Surprise
Fear",Yes,Average,No,Yes,Not Reported,Not Reported,"VGGNET
LDP-KPCA-DBN
ResNet+TCN
DFSTN",Yes,No,Not Reported,Yes,"Proposed + ResNet-50 achieved:

90.83% FER accuracy on Own Dataset
92.32% engagement detection accuracy.",No,None reported,None reported,No,None,Confusion between similar emotions (fear and sad; sad and surprise) due to limited expression variation.,Emotion classes with low variance are difficult to distinguish.,No explainability mechanism included.,Not explicitly reported.,Existing engagement detection studies mainly focus on offline/classroom settings and lack real-time engagement detection for online educational environments.,Develop systems that support online learners when disengagement is detected and further improve real-time engagement monitoring in online learning environments.,Yes,"The paper clearly states its objective: ""This paper proposes a deep learning-based approach using facial emotions to detect the real-time engagement of online learners.""",Yes,"The study uses Faster R-CNN, MFACEXTOR, and deep CNN architectures (Inception-V3, VGG19, ResNet-50) to perform emotion recognition and engagement detection.",Partial,"Datasets, architectures, and some hyperparameters are reported; however, source code, model weights, and complete training details are not provided.",Partial,"Dataset names, sizes, image types, and emotion categories are described, but demographic diversity, annotation details, and class distributions are not fully reported.",Yes,"Accuracy, Precision, Recall, F1-score, and confusion matrices are reported across multiple benchmark datasets.",Yes,The proposed approach is compared against several prior FER and engagement detection systems and benchmark methods.,No,"No explainable AI method (e.g., Grad-CAM, SHAP, LIME) is implemented or evaluated",Partial,The authors discuss confusion between emotion classes and limited expression variation but do not provide a dedicated limitations section discussing broader threats to validity.
35,Gupta 2023,Facial emotion recognition based real-time learner engagement detection system in online learning context using deep learning models,Consensus,"Gupta, S., Kumar, P., & Tekchandani, R. (2023). Facial emotion recognition based real-time learner engagement detection system in online learning context using deep learning models. Multimedia Tools and Applications, 82, 11365–11394.",2023,Facial emotion recognition based real-time learner engagement detection system in online learning context using deep learning models,Multimedia Tools and Applications,Experimental system development and evaluation study.,To propose a deep learning-based real-time learner engagement detection system that uses facial emotion recognition to classify learners as engaged or disengaged during online learning sessions.,"RQ1: Deep learning architectures for emotion recognition and engagement detection.
RQ2: Datasets used for facial emotion recognition.
RQ3: Performance evaluation and comparison.
RQ4: Real-time deployment framework and engagement monitoring.
RQ5: Future improvement directions.","India (Thapar Institute of Engineering and Technology, Patiala, India).",Higher Education (undergraduate learners).,Online learning environment using online course videos and webcam-based monitoring.,Students,20 undergraduate learners participated in real-time system evaluation.,Undergraduate learners. Exact age not reported.,Not Reported,"WIDER Face
FER-2013
CK+
RAF-DB
Own Dataset",Mixed (Public + Custom),Facial images / Facial video frames,"Angry
Sad
Happy
Neutral
Surprise
Fear",Existing labels from public datasets; own dataset manually collected and labelled.,Real-time online learning environment and facial emotion recognition datasets.,Not stated.,Not Reported.,CNN,"Inception-V3
VGG19
ResNet-5",N/A (Unimodal facial modality),Face only,Frame-based processing from webcam video stream; frame extraction every 20 seconds.,No,Yes,Not clearly reported.,Softmax loss used for emotion classification.,SGD (reported for Faster R-CNN training).,Learning rate = 0.001 (Faster R-CNN).,128,Not Reported,Weight decay = 0.0001. Dropout used in VGG19 fully connected layers.,No,None,None,No,Yes,No,Not Reported,Webcam-based online learning environment.,"Faster R-CNN (face detection)
MFACEXTOR (Modified Face Point Extractor)
MediaPipe Face Mesh",No,Partially. Engagement percentage and engagement state are provided as feedback.,Not stated,Engagement Detection,"Happy
Sad
Angry
Neutral
Surprise
Fear",Yes,Average,No,Yes,Not Reported,Not Reported,"VGGNET
LDP-KPCA-DBN
ResNet+TCN
DFSTN",Yes,No,Not Reported,Yes,"Proposed + ResNet-50 achieved:

90.83% FER accuracy on Own Dataset
92.32% engagement detection accuracy.",No,None reported,None reported,No,None,Confusion between similar emotions (fear and sad; sad and surprise) due to limited expression variation.,Emotion classes with low variance are difficult to distinguish.,No explainability mechanism included.,Not explicitly reported.,Existing engagement detection studies mainly focus on offline/classroom settings and lack real-time engagement detection for online educational environments.,Develop systems that support online learners when disengagement is detected and further improve real-time engagement monitoring in online learning environments.,Yes,"",Yes,"",Partial,"",Partial,"",Yes,"",Yes,"",No,"",Partial,""
33,Jagadeesh 2022,Facial expression recognition of online learners from real-time videos using a novel deep learning model,Sarbajit Paul Bappy,"Jagadeesh, M., & Baranidharan, B. (2022). Facial expression recognition of online learners from real-time videos using a novel deep learning model. Multimedia Systems, 28, 2285–2305. https://doi.org/10.1007/s00530-022-00957-z",2022,Facial expression recognition of online learners from real-time videos using a novel deep learning model.,Multimedia Systems (Springer).,Primary empirical study; deep learning model development and experimental evaluation.,"To plan and develop a new deep learning-based facial expression recognition (FER) model for online learners using real-time videos.
To determine which facial physical behaviours are associated with emotional states.
To determine how emotional states relate to student understanding and participation.
To provide feedback to teachers for improving learner experience.","RQ1: Deep learning architecture for FER.
RQ2: Dataset usage and emotion datasets.
RQ3: Performance evaluation and benchmarking.
RQ4: Real-time FER deployment and teacher feedback.
RQ5: Research improvements through optimized FER frameworks.",India,Online learners (specific educational level not reported).,"Online learning / virtual classroom environment using real-time video streams from online learners. Platforms discussed include:

Zoom
DingTalk
Rain Classroom",Students / Online learners.,"Custom Dataset

100 video frames
Each video contains 50 frames

Benchmark Dataset
48 videos
Each video contains 1000 frames",Not reported.,Not reported.,"Custom real-time online learning video dataset.
Bahcesehir University benchmark dataset:","Mixed:
Custom dataset
Public benchmark dataset","Facial videos
Video frames
Facial expression images extracted from videos","Angry
Contempt
Disgust
Fear
Happy
Neutral
Sadness
Surprise",Not stated.,"Real-time online learning videos.
Online classroom sessions.
Webcam/video conferencing environments.",Not stated.,Not reported.,Hybrid CNN-RNN.,"Proposed framework:

Viola–Jones Face Detector
Optimized Local Directional Texture Pattern (LDTP)
CNN Feature Extractor
Heuristically Modified RNN (HM-RNN)
Coyote–Deer Hunting Optimization (C-DHO)","Intermediate fusion.

CNN-extracted deep features are provided to HM-RNN for temporal expression recognition.",Facial image features from video frames only.,RNN sequence modeling.,No,No,Not reported.,Not reported.,"Coyote–Deer Hunting Optimization (C-DHO) used for:

LDTP threshold optimization.
HM-RNN hidden neuron optimization.",Not reported.,Not reported.,Not reported.,Not reported.,No.,None,None,No.,Yes,No,Not reported.,Online learning environment with real-time videos.,"Viola–Jones Face Detection
Optimized LDTP
CNN
HM-RNN
C-DHO optimization","Prototype only.
Potential integration discussed with:

Zoom
DingTalk
Rain Classroom","Yes.

The system identifies:

Emotions
Student participation
Student interest

Results are displayed as teacher feedback to improve learner experience.",Not reported.,Facial Expression Recognition (FER).,"Angry
Sad
Happy
Fear
Disgust
Normal
Surprise",92.3% (C-DHO-HM-RNN with patterns),"Precision	0.982628
Sensitivity (Recall)	0.936853
F1 Score	0.959194",Not reported.,No,Not reported.,Not reported.,"Classifier comparisons:

NN
DNN
SVM
CNN
RNN","Yes.
Compared against multiple conventional machine learning, deep learning, and optimization methods.","Partial.
Comparison:

With patterns
Without patterns

and comparison across optimization algorithms.",No.,"Yes.

Custom dataset and benchmark dataset used","Proposed C-DHO-HM-RNN achieved:

Accuracy = 92.3%
Sensitivity = 93.69%
Precision = 98.26%
F1 Score = 95.92%
MCC = 0.313",No.,None reported.,None reported.,No.,None,"Real-time FER datasets remain challenging due to variability in facial expressions.
Existing FER methods suffer from inter-subject variation and low signal-to-noise ratio.","Limitations of existing methods discussed:

Computational complexity.
Pose variation.
Frame loss.
Illumination variation.
Spoofing attacks.
Real-world deployment challenges.",No XAI mechanism or explainability analysis provided.,"Challenges discussed include:

Occlusion.
Lighting changes.
Head-pose inconsistencies.
Low-resolution online video streams.","The paper identifies that existing FER approaches:

Fail to robustly recognize facial expressions in online learning environments.
Struggle with dynamic real-time video analysis.
Have difficulty handling inter-subject variability.
Show limitations in recognition accuracy and optimization.","Implicit future directions include:

Improving FER robustness in online education.
Better optimization of feature extraction and classification.
Enhanced real-time learner monitoring systems.
More effective adaptive learning environments.",Yes,The study clearly states its objective to develop a novel deep learning FER system for online learners using real-time videos and to relate facial expressions to learner understanding and participation.,Yes,"The methodology is clearly defined, including Viola–Jones face detection, optimized LDTP feature extraction, CNN-based deep feature learning, HM-RNN classification, and C-DHO optimization.",Partial,"Algorithmic workflow, optimization procedures, datasets, and evaluation metrics are described. However, source code, hyperparameter settings, trained weights, and implementation details are not publicly provided.",Partial,"Dataset sources, emotion categories, frame counts, and train-test split are reported. However, participant demographics, annotation procedures, and class distributions are not reported.",Yes,"The study reports Accuracy, Sensitivity, Specificity, Precision, F1-score, MCC, FPR, FNR, NPV, and FDR, providing comprehensive classification performance assessment.",Yes,"The proposed model is compared against multiple optimization algorithms (PSO, TSA, COA, DHOA) and classifiers (NN, DNN, SVM, CNN, RNN). However, statistical significance testing is absent.",No,"No explainability technique such as SHAP, LIME, Grad-CAM, saliency maps, or attention visualization was implemented or evaluated.",Partial,"The paper discusses limitations of existing FER approaches and online-learning FER challenges, but does not provide a dedicated limitations section specifically analyzing weaknesses of the proposed model."
33,Jagadeesh 2022,Facial expression recognition of online learners from real-time videos using a novel deep learning model,Consensus,"Jagadeesh, M., & Baranidharan, B. (2022). Facial expression recognition of online learners from real-time videos using a novel deep learning model. Multimedia Systems, 28, 2285–2305. https://doi.org/10.1007/s00530-022-00957-z",2022,Facial expression recognition of online learners from real-time videos using a novel deep learning model.,Multimedia Systems (Springer).,Primary empirical study; deep learning model development and experimental evaluation.,"To plan and develop a new deep learning-based facial expression recognition (FER) model for online learners using real-time videos.
To determine which facial physical behaviours are associated with emotional states.
To determine how emotional states relate to student understanding and participation.
To provide feedback to teachers for improving learner experience.","RQ1: Deep learning architecture for FER.
RQ2: Dataset usage and emotion datasets.
RQ3: Performance evaluation and benchmarking.
RQ4: Real-time FER deployment and teacher feedback.
RQ5: Research improvements through optimized FER frameworks.",India,Online learners (specific educational level not reported).,"Online learning / virtual classroom environment using real-time video streams from online learners. Platforms discussed include:

Zoom
DingTalk
Rain Classroom",Students / Online learners.,"Custom Dataset

100 video frames
Each video contains 50 frames

Benchmark Dataset
48 videos
Each video contains 1000 frames",Not reported.,Not reported.,"Custom real-time online learning video dataset.
Bahcesehir University benchmark dataset:","Mixed:
Custom dataset
Public benchmark dataset","Facial videos
Video frames
Facial expression images extracted from videos","Angry
Contempt
Disgust
Fear
Happy
Neutral
Sadness
Surprise",Not stated.,"Real-time online learning videos.
Online classroom sessions.
Webcam/video conferencing environments.",Not stated.,Not reported.,Hybrid CNN-RNN.,"Proposed framework:

Viola–Jones Face Detector
Optimized Local Directional Texture Pattern (LDTP)
CNN Feature Extractor
Heuristically Modified RNN (HM-RNN)
Coyote–Deer Hunting Optimization (C-DHO)","Intermediate fusion.

CNN-extracted deep features are provided to HM-RNN for temporal expression recognition.",Facial image features from video frames only.,RNN sequence modeling.,No,No,Not reported.,Not reported.,"Coyote–Deer Hunting Optimization (C-DHO) used for:

LDTP threshold optimization.
HM-RNN hidden neuron optimization.",Not reported.,Not reported.,Not reported.,Not reported.,No.,None,None,No.,Yes,No,Not reported.,Online learning environment with real-time videos.,"Viola–Jones Face Detection
Optimized LDTP
CNN
HM-RNN
C-DHO optimization","Prototype only.
Potential integration discussed with:

Zoom
DingTalk
Rain Classroom","Yes.

The system identifies:

Emotions
Student participation
Student interest

Results are displayed as teacher feedback to improve learner experience.",Not reported.,Facial Expression Recognition (FER).,"Angry
Sad
Happy
Fear
Disgust
Normal
Surprise",92.3% (C-DHO-HM-RNN with patterns),"Precision	0.982628
Sensitivity (Recall)	0.936853
F1 Score	0.959194",Not reported.,No,Not reported.,Not reported.,"Classifier comparisons:

NN
DNN
SVM
CNN
RNN","Yes.
Compared against multiple conventional machine learning, deep learning, and optimization methods.","Partial.
Comparison:

With patterns
Without patterns

and comparison across optimization algorithms.",No.,"Yes.

Custom dataset and benchmark dataset used","Proposed C-DHO-HM-RNN achieved:

Accuracy = 92.3%
Sensitivity = 93.69%
Precision = 98.26%
F1 Score = 95.92%
MCC = 0.313",No.,None reported.,None reported.,No.,None,"Real-time FER datasets remain challenging due to variability in facial expressions.
Existing FER methods suffer from inter-subject variation and low signal-to-noise ratio.","Limitations of existing methods discussed:

Computational complexity.
Pose variation.
Frame loss.
Illumination variation.
Spoofing attacks.
Real-world deployment challenges.",No XAI mechanism or explainability analysis provided.,"Challenges discussed include:

Occlusion.
Lighting changes.
Head-pose inconsistencies.
Low-resolution online video streams.","The paper identifies that existing FER approaches:

Fail to robustly recognize facial expressions in online learning environments.
Struggle with dynamic real-time video analysis.
Have difficulty handling inter-subject variability.
Show limitations in recognition accuracy and optimization.","Implicit future directions include:

Improving FER robustness in online education.
Better optimization of feature extraction and classification.
Enhanced real-time learner monitoring systems.
More effective adaptive learning environments.",Yes,"",Yes,"",Partial,"",Partial,"",Yes,"",Yes,"",No,"",Partial,""
32,Lin 2020,Continuous Facial Emotion Recognition Method Based on Deep Learning of Academic Emotions,Sarbajit Paul Bappy,"Lin, S.-Y., Wu, C.-M., Chen, S.-L., Lin, T.-L., & Tseng, Y.-W. (2020). Continuous Facial Emotion Recognition Method Based on Deep Learning of Academic Emotions. Sensors and Materials, 32(10), 3243–3259. https://doi.org/10.18494/SAM.2020.2863",2020,Continuous Facial Emotion Recognition Method Based on Deep Learning of Academic Emotions.,Sensors and Materials,Experimental deep learning study proposing a continuous facial emotion recognition framework for academic emotions in e-learning environments.,"Establish a continuous facial emotional pattern recognition model.
Identify students’ academic emotions using continuous facial emotional patterns.
Improve adaptive learning systems through real-time academic emotion recognition.","RQ1: Can CNN and LSTM be combined to recognize continuous academic emotions?

RQ2: Can continuous facial emotion recognition outperform single-image emotion recognition?

RQ3: How accurately can academic emotions be recognized in e-learning contexts?

RQ4: Can continuous emotion recognition support adaptive learning systems?

RQ5: What are the limitations and future opportunities for academic emotion recognition?",Taiwan,Higher education,Adaptive learning and e-learning environments. The study aims to provide real-time learner feedback for adaptive learning systems,"College students for academic emotion experiments.
Facial emotion datasets containing human facial expressions.","Academic emotion experiment:

21 college students
Each watched 3 instructional clips
Total academic emotion videos = 63",Not reported.,Not reported.,"FER2013
RAVDESS (Ryerson Audio-Visual Database of Emotional Speech and Song)
Academic Emotion Dataset collected using AEQ questionnaires","Public benchmark datasets
Custom academic emotion dataset","Facial images
Video sequences
Facial expression sequences
Questionnaire responses (AEQ)","Enjoyment
Hope
Pride
Anxiety
Shame
Anger
Hopelessness
Boredom","FACS (Facial Action Coding System)
AEQ (Achievement Emotions Questionnaire)
Human labeling",Students watched instructional videos and completed AEQ questionnaires. Academic emotions were matched with corresponding video segments.,"Partial.

Authors adjusted score weighting because positive and negative academic emotions were unevenly distributed.",Not reported.,Hybrid CNN-LSTM framework.,"AlexNet CNN
LSTM network
CNN-LSTM sequential architecture","Stage 1

CNN-based facial emotion recognition:

Face extraction
AU extraction
Emotion classification
Stage 2

LSTM-based temporal modeling:

CNN SoftMax outputs
Input to LSTM
Continuous emotion classification","Feature-level sequential fusion:

CNN output probabilities → LSTM temporal modeling.",Long Short-Term Memory (LSTM) used for modeling temporal emotion changes across image sequences and videos,No.,Not reported.,Not reported.,Not reported.,Not reported.,Not reported.,Not reported.,Not reported.,Not reported.,No,Not reported.,Not reported.,No,"Yes.

The proposed system aims to recognize students’ academic emotions in real time and provide immediate adaptive learning responses.",E-learning and adaptive learning systems.,Face detection preprocessing used before emotion recognition.,Conceptual integration with adaptive learning systems.,Not reported.,Not reported.,Not reported.,Not reported.,Continuous facial emotion recognition and academic emotion recognition.,"Neutral
Happy
Sad
Angry
Fear","CNN + LSTM positive/negative emotion recognition:

84.33% accuracy.",Not reported.,Not reported.,No,Not reported.,Not reported.,Not reported.,Not reported.,Not reported.,Not reported.,"Partial.

Model trained and evaluated using FER2013, RAVDESS, and academic emotion datasets.","CNN + LSTM positive/negative emotion recognition:

84.33% accuracy",No.,Not reported.,Not reported.,Not reported.,None,"Small academic emotion dataset.
Limited number of academic emotion videos.
Imbalanced academic emotion distribution.","Student facial expressions in e-learning environments are often subtle.
Recognition becomes difficult when expression changes are small.",Real classroom implementation remains challenging due to weak facial expression intensity.,No explainability framework provided.,"Most prior FER studies analyze only static images.
Academic emotions should be modeled continuously over time.
Real-time adaptive learning lacks immediate emotion feedback.
Academic emotion datasets remain limited.","Develop larger academic emotion datasets.
Expand from binary positive/negative emotions to detailed academic emotion categories.
Use more advanced CNN architectures than AlexNet.
Integrate the framework into adaptive learning environments.
Detect students experiencing learning difficulties in real time.",Yes,Explicit goals to develop continuous facial emotion recognition and identify academic emotions.,Yes,CNN + LSTM framework aligns with temporal emotion recognition objectives.,Partial,"Architecture and datasets described, but optimizer, learning rate, epochs, and code unavailable.",Yes,"FER2013, RAVDESS, AEQ protocol, and sample distributions reported.",Partial,"Only accuracy used; no Precision, Recall, F1-score, or AUC.",Partial,CNN compared with CNN+LSTM but not against broader SOTA methods.,No,No explainability method included,Yes,"Small dataset, subtle facial expressions, and implementation challenges clearly discussed"
32,Lin 2020,Continuous Facial Emotion Recognition Method Based on Deep Learning of Academic Emotions,Consensus,"Lin, S.-Y., Wu, C.-M., Chen, S.-L., Lin, T.-L., & Tseng, Y.-W. (2020). Continuous Facial Emotion Recognition Method Based on Deep Learning of Academic Emotions. Sensors and Materials, 32(10), 3243–3259. https://doi.org/10.18494/SAM.2020.2863",2020,Continuous Facial Emotion Recognition Method Based on Deep Learning of Academic Emotions.,Sensors and Materials,Experimental deep learning study proposing a continuous facial emotion recognition framework for academic emotions in e-learning environments.,"Establish a continuous facial emotional pattern recognition model.
Identify students’ academic emotions using continuous facial emotional patterns.
Improve adaptive learning systems through real-time academic emotion recognition.","RQ1: Can CNN and LSTM be combined to recognize continuous academic emotions?

RQ2: Can continuous facial emotion recognition outperform single-image emotion recognition?

RQ3: How accurately can academic emotions be recognized in e-learning contexts?

RQ4: Can continuous emotion recognition support adaptive learning systems?

RQ5: What are the limitations and future opportunities for academic emotion recognition?",Taiwan,Higher education,Adaptive learning and e-learning environments. The study aims to provide real-time learner feedback for adaptive learning systems,"College students for academic emotion experiments.
Facial emotion datasets containing human facial expressions.","Academic emotion experiment:

21 college students
Each watched 3 instructional clips
Total academic emotion videos = 63",Not reported.,Not reported.,"FER2013
RAVDESS (Ryerson Audio-Visual Database of Emotional Speech and Song)
Academic Emotion Dataset collected using AEQ questionnaires","Public benchmark datasets
Custom academic emotion dataset","Facial images
Video sequences
Facial expression sequences
Questionnaire responses (AEQ)","Enjoyment
Hope
Pride
Anxiety
Shame
Anger
Hopelessness
Boredom","FACS (Facial Action Coding System)
AEQ (Achievement Emotions Questionnaire)
Human labeling",Students watched instructional videos and completed AEQ questionnaires. Academic emotions were matched with corresponding video segments.,"Partial.

Authors adjusted score weighting because positive and negative academic emotions were unevenly distributed.",Not reported.,Hybrid CNN-LSTM framework.,"AlexNet CNN
LSTM network
CNN-LSTM sequential architecture","Stage 1

CNN-based facial emotion recognition:

Face extraction
AU extraction
Emotion classification
Stage 2

LSTM-based temporal modeling:

CNN SoftMax outputs
Input to LSTM
Continuous emotion classification","Feature-level sequential fusion:

CNN output probabilities → LSTM temporal modeling.",Long Short-Term Memory (LSTM) used for modeling temporal emotion changes across image sequences and videos,No.,Not reported.,Not reported.,Not reported.,Not reported.,Not reported.,Not reported.,Not reported.,Not reported.,No,Not reported.,Not reported.,No,"Yes.

The proposed system aims to recognize students’ academic emotions in real time and provide immediate adaptive learning responses.",E-learning and adaptive learning systems.,Face detection preprocessing used before emotion recognition.,Conceptual integration with adaptive learning systems.,Not reported.,Not reported.,Not reported.,Not reported.,Continuous facial emotion recognition and academic emotion recognition.,"Neutral
Happy
Sad
Angry
Fear","CNN + LSTM positive/negative emotion recognition:

84.33% accuracy.",Not reported.,Not reported.,No,Not reported.,Not reported.,Not reported.,Not reported.,Not reported.,Not reported.,"Partial.

Model trained and evaluated using FER2013, RAVDESS, and academic emotion datasets.","CNN + LSTM positive/negative emotion recognition:

84.33% accuracy",No.,Not reported.,Not reported.,Not reported.,None,"Small academic emotion dataset.
Limited number of academic emotion videos.
Imbalanced academic emotion distribution.","Student facial expressions in e-learning environments are often subtle.
Recognition becomes difficult when expression changes are small.",Real classroom implementation remains challenging due to weak facial expression intensity.,No explainability framework provided.,"Most prior FER studies analyze only static images.
Academic emotions should be modeled continuously over time.
Real-time adaptive learning lacks immediate emotion feedback.
Academic emotion datasets remain limited.","Develop larger academic emotion datasets.
Expand from binary positive/negative emotions to detailed academic emotion categories.
Use more advanced CNN architectures than AlexNet.
Integrate the framework into adaptive learning environments.
Detect students experiencing learning difficulties in real time.",Yes,"",Yes,"",Partial,"",Yes,"",Partial,"",Partial,"",No,"",Yes,""
31,Kabir 2024,Emotion Detection from Facial Expression in Online Learning Through Using Synthetic Image Generation,Sarbajit Paul Bappy,"Kabir, M. R., Dewan, M. A. A., & Lin, F. (2024). Emotion detection from facial expression in online learning through using synthetic image generation. In H. Degen & S. Ntoa (Eds.), Human-Computer Interaction International 2024 (HCII 2024), Lecture Notes in Artificial Intelligence (LNAI 14735) (pp. 202–216). Springer Nature Switzerland. https://doi.org/10.1007/978-3-031-60611-3_15",2024,Emotion Detection from Facial Expression in Online Learning Through Using Synthetic Image Generation.,"HCII 2024, Lecture Notes in Artificial Intelligence (LNAI 14735), Springer Nature Switzerland.","Primary empirical study involving development and evaluation of a lightweight deep learning model for educational emotion detection, combined with GAN-based synthetic image generation.","Propose a lightweight deep learning model based on MobileNet architecture for educational emotion detection deployable on students’ edge devices.
Propose a GAN-based synthetic image generation technique to address educational emotion dataset scarcity.
Improve educational emotion detection performance in online learning environments.","Can a lightweight deep learning architecture achieve competitive educational emotion detection performance?
Can synthetic image generation improve educational emotion recognition performance?
Can educational emotion detection be effectively deployed on students’ edge devices?",Canada,Online learners (higher education students participating in online learning sessions).,Online learning environment using webcam-recorded student facial videos during online learning sessions.,Students participating in online learning sessions.,82 students.,17–26 years.,"Male: 29
Female: 53","Spontaneous Facial Expression Database for Academic Emotion Inference in Online Learning (Bian et al., 2019).",Public educational emotion dataset,"Facial images
Facial videos
Webcam recordings","Five educational emotions:

Confusion
Distraction
Enjoyment
Neutrality
Fatigue","Students self-labeled their emotions after recording.
External raters also labeled the images using the same emotion categories.","Online learning sessions.
Webcam recordings.
Natural environments.
Various illumination conditions.
Various occlusion settings.
Recording duration between 10 and 60 minutes.",Yes.,"Yes.

Conditional Generative Adversarial Network (CGAN).
Original dataset: 30,184 images.
Synthetic images generated: 70,000.
Final augmented dataset: 100,184 images.",CNN-based lightweight architecture using MobileNet.,"Proposed architecture:

Pretrained MobileNet backbone (top layer removed)
Global Average Pooling 2D
Dense layer (128 neurons, ReLU)
Softmax output layer (5 classes)",Not applicable (single modality).,None.,None.,No,Yes.,"Removed MobileNet top classification layer.
Added custom pooling, dense, and softmax layers.
Fine-tuned on educational emotion dataset.",Categorical Cross-Entropy.,Adam,Not reported.,Not reported.,100 epochs,"Dropout regularization in discriminator.
Transfer learning via MobileNet.",No,None.,None.,Not discussed.,Yes,No.,Not reported.,"Students’ edge devices:

Mobile phones
Tablets
Laptops","Phase 1:

CGAN synthetic image generation

Phase 2:

MobileNet-based lightweight educational emotion detector",No ,No,Not reported.,Educational Emotion Detection / Facial Expression Recognition.,"Confusion
Distraction
Enjoyment
Neutrality
Fatigue",Proposed Lightweight Model	92.58%,"Metric	Original	Augmented
Precision	0.8854	0.9126
Recall	0.7462	0.8128
F1-score	0.8016	0.8614",Not reported.,Yes,Not reported.,Not reported.,"Compared against:

Inception V3
Xception
Inception-ResNet
SqueezeNet
MobileNet",Yes.,"Partial.

Comparison performed between:

Original dataset
Augmented dataset with synthetic images",Yes,No.,"Proposed Lightweight Model with augmented dataset:

Accuracy = 92.58%
Precision = 0.9126
Recall = 0.8128
F1-score = 0.8614",No.,None reported.,None reported.,No.,None,"Educational emotion datasets are scarce.
Existing datasets are relatively small for deep learning training.","Deep learning models are computationally intensive.
Existing FER models are often unsuitable for edge devices.
Generated images still produce relatively high generator loss (G-loss).","No explainability mechanism included.
No interpretation of model decisions provided.","Edge-device deployment motivated by bandwidth and privacy concerns associated with server-side processing.
Actual latency and deployment performance not evaluated.","The study identifies two major gaps:

Lack of lightweight educational emotion detection models suitable for edge devices.
Scarcity of educational emotion datasets for training deep learning models.","Reduce CGAN generator loss (G-loss).
Train GAN separately for each emotion class.
Improve synthetic image quality.
Hyperparameter tuning of the emotion detection model.
Further improve educational emotion recognition performance.",Yes,The study explicitly proposes a lightweight MobileNet-based educational emotion detector and a CGAN-based synthetic image generation framework to address edge-device deployment and data scarcity challenges.,Yes,The methodology combines CGAN-based synthetic image generation with transfer-learning-based MobileNet emotion classification and extensive benchmark comparisons.,Partial,"Dataset source, architecture, loss functions, optimizer, training strategy, and evaluation procedures are described. However, source code, learning rates, batch sizes, and implementation details are not provided.",Yes,"Participant demographics, acquisition process, recording conditions, labeling procedure, image counts, emotion classes, and preprocessing steps are clearly described.",Yes,"Accuracy, Precision, Recall, F1-score, Confusion Matrix, Training Loss, Validation Loss, and statistical significance testing are reported.",Yes,"The proposed method is compared with Inception V3, Xception, Inception-ResNet, SqueezeNet, and MobileNet using both original and augmented datasets.",No,"No XAI technique (e.g., Grad-CAM, SHAP, LIME, attention visualization, saliency analysis) was implemented or evaluated.",Yes,"The authors discuss dataset scarcity, computational limitations of existing models, generator loss issues in CGAN, and outline several future improvements."
31,Kabir 2024,Emotion Detection from Facial Expression in Online Learning Through Using Synthetic Image Generation,Consensus,"Kabir, M. R., Dewan, M. A. A., & Lin, F. (2024). Emotion detection from facial expression in online learning through using synthetic image generation. In H. Degen & S. Ntoa (Eds.), Human-Computer Interaction International 2024 (HCII 2024), Lecture Notes in Artificial Intelligence (LNAI 14735) (pp. 202–216). Springer Nature Switzerland. https://doi.org/10.1007/978-3-031-60611-3_15",2024,Emotion Detection from Facial Expression in Online Learning Through Using Synthetic Image Generation.,"HCII 2024, Lecture Notes in Artificial Intelligence (LNAI 14735), Springer Nature Switzerland.","Primary empirical study involving development and evaluation of a lightweight deep learning model for educational emotion detection, combined with GAN-based synthetic image generation.","Propose a lightweight deep learning model based on MobileNet architecture for educational emotion detection deployable on students’ edge devices.
Propose a GAN-based synthetic image generation technique to address educational emotion dataset scarcity.
Improve educational emotion detection performance in online learning environments.","Can a lightweight deep learning architecture achieve competitive educational emotion detection performance?
Can synthetic image generation improve educational emotion recognition performance?
Can educational emotion detection be effectively deployed on students’ edge devices?",Canada,Online learners (higher education students participating in online learning sessions).,Online learning environment using webcam-recorded student facial videos during online learning sessions.,Students participating in online learning sessions.,82 students.,17–26 years.,"Male: 29
Female: 53","Spontaneous Facial Expression Database for Academic Emotion Inference in Online Learning (Bian et al., 2019).",Public educational emotion dataset,"Facial images
Facial videos
Webcam recordings","Five educational emotions:

Confusion
Distraction
Enjoyment
Neutrality
Fatigue","Students self-labeled their emotions after recording.
External raters also labeled the images using the same emotion categories.","Online learning sessions.
Webcam recordings.
Natural environments.
Various illumination conditions.
Various occlusion settings.
Recording duration between 10 and 60 minutes.",Yes.,"Yes.

Conditional Generative Adversarial Network (CGAN).
Original dataset: 30,184 images.
Synthetic images generated: 70,000.
Final augmented dataset: 100,184 images.",CNN-based lightweight architecture using MobileNet.,"Proposed architecture:

Pretrained MobileNet backbone (top layer removed)
Global Average Pooling 2D
Dense layer (128 neurons, ReLU)
Softmax output layer (5 classes)",Not applicable (single modality).,None.,None.,No,Yes.,"Removed MobileNet top classification layer.
Added custom pooling, dense, and softmax layers.
Fine-tuned on educational emotion dataset.",Categorical Cross-Entropy.,Adam,Not reported.,Not reported.,100 epochs,"Dropout regularization in discriminator.
Transfer learning via MobileNet.",No,None.,None.,Not discussed.,Yes,No.,Not reported.,"Students’ edge devices:

Mobile phones
Tablets
Laptops","Phase 1:

CGAN synthetic image generation

Phase 2:

MobileNet-based lightweight educational emotion detector",No ,No,Not reported.,Educational Emotion Detection / Facial Expression Recognition.,"Confusion
Distraction
Enjoyment
Neutrality
Fatigue",Proposed Lightweight Model	92.58%,"Metric	Original	Augmented
Precision	0.8854	0.9126
Recall	0.7462	0.8128
F1-score	0.8016	0.8614",Not reported.,Yes,Not reported.,Not reported.,"Compared against:

Inception V3
Xception
Inception-ResNet
SqueezeNet
MobileNet",Yes.,"Partial.

Comparison performed between:

Original dataset
Augmented dataset with synthetic images",Yes,No.,"Proposed Lightweight Model with augmented dataset:

Accuracy = 92.58%
Precision = 0.9126
Recall = 0.8128
F1-score = 0.8614",No.,None reported.,None reported.,No.,None,"Educational emotion datasets are scarce.
Existing datasets are relatively small for deep learning training.","Deep learning models are computationally intensive.
Existing FER models are often unsuitable for edge devices.
Generated images still produce relatively high generator loss (G-loss).","No explainability mechanism included.
No interpretation of model decisions provided.","Edge-device deployment motivated by bandwidth and privacy concerns associated with server-side processing.
Actual latency and deployment performance not evaluated.","The study identifies two major gaps:

Lack of lightweight educational emotion detection models suitable for edge devices.
Scarcity of educational emotion datasets for training deep learning models.","Reduce CGAN generator loss (G-loss).
Train GAN separately for each emotion class.
Improve synthetic image quality.
Hyperparameter tuning of the emotion detection model.
Further improve educational emotion recognition performance.",Yes,"",Yes,"",Partial,"",Yes,"",Yes,"",Yes,"",No,"",Yes,""
23,Mai 2022,Video-Based Emotion Recognition in the Wild for Online Education Systems,Sarbajit Paul Bappy,"Mai, G., Guo, Z., She, Y., Wang, H., & Liang, Y. (2022). Video-based emotion recognition in the wild for online education systems. In S. Khanna et al. (Eds.), PRICAI 2022: Trends in Artificial Intelligence (LNCS, vol. 13631, pp. 516–529). Springer. https://doi.org/10.1007/978-3-031-20868-3_38",2022,Video-Based Emotion Recognition in the Wild for Online Education Systems,"PRICAI 2022 (Pacific Rim International Conference on Artificial Intelligence), Springer LNCS",Primary empirical,"To propose a new video-based model called the Wild Facial Spatiotemporal Network (WFSTN) for emotion recognition in online learning environments, which integrates spatial and temporal facial features, and to verify its effectiveness using a new dataset collected from an online learning aid system.","RQ1 (DL Methodology), RQ2 (Datasets), RQ3 (Performance), RQ4 (Limitations)",China (South China Normal University),Higher Ed (College students),"Custom online educational aid system / MOOC
",Students,"22 college students (for DSEOLE dataset); 1426 video clips (for AFEW dataset)
",Average age ~21,"17 male, 5 female (for DSEOLE dataset)","AFEW (Acted Facial Expressions in the Wild), DSEOLE (Dataset of Student Emotions in Online Learning Environments)
","Mixed (Public + Custom novel)
",Facial video,"3 classes (Positive, Negative, Neutral) - mapped from 7 basic emotions based on Pekrun's academic emotion theory.
","Automated mapping (for AFEW); Not explicitly stated but likely researcher/expert mapped (for DSEOLE)
",In-the-wild (AFEW - movie clips); Online lecture capture (DSEOLE - students taking MOOC courses via custom system),"Not stated
","Yes (Horizontal flip, random brightness, random contrast, random saturation)
",CNN-LSTM / Hybrid,WFSTN (DenseNet121 + Bi-LSTM with Self-Attention)," N/A (unimodal video)
",N/A,"LSTM sequence (Bi-LSTM over 8 sampled frames)
","Yes (type: self-attention + positional encoding)
",Yes (DenseNet121 pretrained on VGGFace2),"Full fine-tuning (Implied, as the entire network is trained end-to-end with Ranger optimizer)
",ArcFace (Additive angular margin loss),Ranger (Combination of RAdam + LookAhead),"lr=0.001
",48,300 epochs,"Dropout (0.7)
",No,N/A,N/A,No,"Yes (Mentions the method ""can be used in real online learning environments"" and developed an ""online learning assistance system integrating emotion recognition"")",No,N/A,Not specified (Trained on server with NVIDIA RTX 3080 12 GB GPU),MTCNN (Multi-Task Convolutional Neural Network for face detection and alignment),Yes (Integrated into a self-developed online educational aid system used alongside MOOCs),"Yes (System designed to ""assist teachers to understand students’ learning status and adjust teaching schedule in time"")",None,"FER (facial expression) / Engagement detection
","Custom taxonomy based on academic emotions (3 classes: Positive, Negative, Neutral)","72.76% (AFEW), 73.67% (DSEOLE)
",NR,NR,"Yes (For DSEOLE dataset: Positive achieved 100% accuracy, but Negative is often misidentified as Neutral)
",NR,N/A,"ResNet18, ResNet50, DenseNet169, DenseNet121 (with various pre-training)","Yes (Compared against recent student emotion recognition methods by Shabrina, Nithiyasree, Li, and Wang)
","Yes (Tested different pre-trained datasets, different attention mechanisms [global, local, self, self+position], and different ArcFace margin penalty values)",No,"Yes (Trained on AFEW, tested on both AFEW and DSEOLE)",72.76% accuracy on AFEW and 73.67% on DSEOLE using the WFSTN model (DenseNet121 + Bi-LSTM + Self-Attention + ArcFace loss).,No,"None reported (Acknowledges ""intra-class variations... due to illumination, pose, occlusion, race"" as a general challenge in wild settings)",None,No,None,"DSEOLE is very small (only 132 emotional segments from 22 students); AFEW is not specifically established for online learning; negative and neutral emotions are hard to distinguish from one another in online learning.
",Subtle and transient expression changes in online learning make it difficult for CNN-RNN models to extract abstract spatiotemporal features; increasing network depth (DenseNet169) does not necessarily improve results.,None discussed,None explicitly discussed regarding latency or hardware constraints.,"Existing deep learning methods lack robustness to pose variations/occlusions, often ignore contextual temporal information (using only static images), and rarely apply attention mechanisms specifically for online learning emotion recognition.",Mix different datasets to create a larger training dataset; try using Multi-headed self-attention to extract more abstract features.,Yes,"The study explicitly aims to propose a novel video-based model (WFSTN) to fuse spatiotemporal facial features for emotion recognition specifically tailored for online learning environments, and to verify it using a custom dataset (DSEOLE).
",Yes,"The methodology is highly appropriate. Combining a strong spatial feature extractor (DenseNet121) with a temporal model (Bi-LSTM) and an attention mechanism addresses the stated gap of ignoring contextual information. Furthermore, mapping 7 basic emotions to 3 academic emotion categories (Positive/Negative/Neutral based on Pekrun's theory) is pedagogically sound for the e-learning context.",Partial,"The model architecture, optimizer, learning rate, batch size, epochs, and dropout rate are explicitly detailed, and the public dataset (AFEW) is accessible. However, the custom dataset (DSEOLE) is small and not confirmed to be public, and the code repository is not provided.",Partial,"AFEW is well-described. DSEOLE's creation process, participant demographics (age, gender ratio), and collection context (MOOC, bright/dark environments) are provided. However, the DSEOLE dataset is extremely small (132 segments from 22 students), and class distribution is not explicitly detailed.
",Partial,"Accuracy is reported and a confusion matrix is provided for DSEOLE, which reveals important details (e.g., 100% on positive, confusion between negative/neutral). However, standard metrics for imbalanced/multi-class problems (Precision, Recall, F1-score) are missing.
",Yes,"The study includes thorough ablation studies (pre-training datasets, attention mechanisms, loss function margins) and compares the final model against four recent, relevant SOTA methods for student emotion recognition, outperforming them on both datasets.
",No,"No XAI methods were implemented or evaluated. While the self-attention mechanism assigns weights to frames, this is used purely for performance optimization, not interpreted or visualized to explain the model's decision-making process.
",Partial,"The authors acknowledge the difficulty in distinguishing negative and neutral emotions (supported by the confusion matrix) and the limitations of using AFEW for online learning. However, they do not discuss the severe limitation of evaluating on a custom dataset with only 22 subjects, which threatens generalizability.


"
23,Mai 2022,Video-Based Emotion Recognition in the Wild for Online Education Systems,Consensus,"Mai, G., Guo, Z., She, Y., Wang, H., & Liang, Y. (2022). Video-based emotion recognition in the wild for online education systems. In S. Khanna et al. (Eds.), PRICAI 2022: Trends in Artificial Intelligence (LNCS, vol. 13631, pp. 516–529). Springer. https://doi.org/10.1007/978-3-031-20868-3_38",2022,Video-Based Emotion Recognition in the Wild for Online Education Systems,"PRICAI 2022 (Pacific Rim International Conference on Artificial Intelligence), Springer LNCS",Primary empirical,"To propose a new video-based model called the Wild Facial Spatiotemporal Network (WFSTN) for emotion recognition in online learning environments, which integrates spatial and temporal facial features, and to verify its effectiveness using a new dataset collected from an online learning aid system.","RQ1 (DL Methodology), RQ2 (Datasets), RQ3 (Performance), RQ4 (Limitations)",China (South China Normal University),Higher Ed (College students),"Custom online educational aid system / MOOC
",Students,"22 college students (for DSEOLE dataset); 1426 video clips (for AFEW dataset)
",Average age ~21,"17 male, 5 female (for DSEOLE dataset)","AFEW (Acted Facial Expressions in the Wild), DSEOLE (Dataset of Student Emotions in Online Learning Environments)
","Mixed (Public + Custom novel)
",Facial video,"3 classes (Positive, Negative, Neutral) - mapped from 7 basic emotions based on Pekrun's academic emotion theory.
","Automated mapping (for AFEW); Not explicitly stated but likely researcher/expert mapped (for DSEOLE)
",In-the-wild (AFEW - movie clips); Online lecture capture (DSEOLE - students taking MOOC courses via custom system),"Not stated
","Yes (Horizontal flip, random brightness, random contrast, random saturation)
",CNN-LSTM / Hybrid,WFSTN (DenseNet121 + Bi-LSTM with Self-Attention)," N/A (unimodal video)
",N/A,"LSTM sequence (Bi-LSTM over 8 sampled frames)
","Yes (type: self-attention + positional encoding)
",Yes (DenseNet121 pretrained on VGGFace2),"Full fine-tuning (Implied, as the entire network is trained end-to-end with Ranger optimizer)
",ArcFace (Additive angular margin loss),Ranger (Combination of RAdam + LookAhead),"lr=0.001
",48,300 epochs,"Dropout (0.7)
",No,N/A,N/A,No,"Yes (Mentions the method ""can be used in real online learning environments"" and developed an ""online learning assistance system integrating emotion recognition"")",No,N/A,Not specified (Trained on server with NVIDIA RTX 3080 12 GB GPU),MTCNN (Multi-Task Convolutional Neural Network for face detection and alignment),Yes (Integrated into a self-developed online educational aid system used alongside MOOCs),"Yes (System designed to ""assist teachers to understand students’ learning status and adjust teaching schedule in time"")",None,"FER (facial expression) / Engagement detection
","Custom taxonomy based on academic emotions (3 classes: Positive, Negative, Neutral)","72.76% (AFEW), 73.67% (DSEOLE)
",NR,NR,"Yes (For DSEOLE dataset: Positive achieved 100% accuracy, but Negative is often misidentified as Neutral)
",NR,N/A,"ResNet18, ResNet50, DenseNet169, DenseNet121 (with various pre-training)","Yes (Compared against recent student emotion recognition methods by Shabrina, Nithiyasree, Li, and Wang)
","Yes (Tested different pre-trained datasets, different attention mechanisms [global, local, self, self+position], and different ArcFace margin penalty values)",No,"Yes (Trained on AFEW, tested on both AFEW and DSEOLE)",72.76% accuracy on AFEW and 73.67% on DSEOLE using the WFSTN model (DenseNet121 + Bi-LSTM + Self-Attention + ArcFace loss).,No,"None reported (Acknowledges ""intra-class variations... due to illumination, pose, occlusion, race"" as a general challenge in wild settings)",None,No,None,"DSEOLE is very small (only 132 emotional segments from 22 students); AFEW is not specifically established for online learning; negative and neutral emotions are hard to distinguish from one another in online learning.
",Subtle and transient expression changes in online learning make it difficult for CNN-RNN models to extract abstract spatiotemporal features; increasing network depth (DenseNet169) does not necessarily improve results.,None discussed,None explicitly discussed regarding latency or hardware constraints.,"Existing deep learning methods lack robustness to pose variations/occlusions, often ignore contextual temporal information (using only static images), and rarely apply attention mechanisms specifically for online learning emotion recognition.",Mix different datasets to create a larger training dataset; try using Multi-headed self-attention to extract more abstract features.,Yes,"",Yes,"",Partial,"",Partial,"",Partial,"",Yes,"",No,"",Partial,""
22,Bao 2024,An Emotion Recognition Method Based on Eye Movement and Audiovisual Features in MOOC Learning Environment,Sarbajit Paul Bappy,"Bao, Y., et al. (2024). An Emotion Recognition Method Based on Eye Movement and Audiovisual Features in MOOC Learning Environment. IEEE Transactions on Computational Social Systems, 11(1), 174–182.",2024,An Emotion Recognition Method Based on Eye Movement and Audiovisual Features in MOOC Learning Environment,IEEE Transactions on Computational Social Systems,Primary empirical study,"To develop a multimodal emotion recognition method for MOOC learning environments by combining eye movement signals, audio features, and video image features, and to determine the optimal fusion strategy for recognizing learner emotions","RQ1, RQ2, RQ3, RQ4, RQ5",China (data collection platform and affiliations suggest Chinese research context),MOOC learners (Higher Education / Adult learners),MOOC learning environment with instructional videos,Students / MOOC learners,59 participants total; 47 for training and 12 for testing,Not Reported,Not Reported,Custom MOOC Emotion Dataset,Custom (novel),Eye Movement + Audio + Video Images (Multimodal),"4 emotions: Interest, Happiness, Boredom, Confusion",Not clearly stated,MOOC instructional video viewing environment,No explicit balancing method reported,No,CNN-based Multimodal Hybrid Network,FE-CNN + EC-CNN Framework,"Feature-level, Decision-level, and Model-level fusion compared",Eye Movement + Audio + Video,"Sliding windows (2s, 3s, 5s)",No,No,N/A,Not Reported,Adam,Learning Rate = 0.005,32,Not Reported,Dropout = 0.5,No,None,None,Not discussed,No explicit real-time claim,No,Not Reported,"Windows 10, NVIDIA GeForce RTX 2080 GPU, PyTorch framework",Optical Flow + Eye Tracking + MFCC Audio Processing + CNN,MOOC environment only,No,Not Reported,Emotion Recognition in MOOC Learning,"Interest, Happiness, Boredom, Confusion",Best multimodal accuracy: 81.90%,Reported per class,Reported; best fusion model AUC = 0.87,Yes,N/A,N/A,"SVM, ResNet18, traditional machine learning models, single-modal systems",Partial,"Yes (FCDE, FE-CNN, EC-CNN components)",No,Nocc,Decision-level multimodal fusion achieved 81.90% accuracy and AUC=0.87.,No,None reported,None ,No,No,Small sample size (59 learners),"Difficulty recognizing ""Interest"" emotion; performance lower than other emotions.",No explainability analysis,No deployment evaluation or real-world scalability analysis,Existing MOOC emotion recognition systems insufficiently combine learner physiological behavior with instructional content information.,"1. Improve interest-state sample collection. 2. Add non-invasive modalities (micro-expression, PPG). 3. Incorporate video semantic information. 4. Integrate cognitive-state modeling.",Yes,"The paper clearly aims to improve emotion recognition in MOOC learning environments through multimodal fusion of eye movement, audio, and video features.",Yes,"Uses multimodal feature extraction, PCA, CNN-based feature learning, three fusion strategies, cross-validation, ROC analysis, and ablation experiments.",Partial,"Architecture, optimizer, batch size, GPU, and preprocessing are described, but source code and dataset are not publicly provided.",Partial,"Sample size, modalities, and emotion classes are reported, but demographic information, annotation procedures, and class distribution are not fully described.",Yes,"Accuracy, Precision, Recall, F1-score, ROC-AUC, confusion matrices, and tenfold cross-validation are reported.",Partial,"Compared against SVM, ResNet18, and single-modal approaches, but limited comparison to contemporary state-of-the-art multimodal learning systems.",No,"No explainable AI techniques (Grad-CAM, SHAP, LIME, attention visualization) were used or evaluated.",Yes,Authors explicitly discuss poor recognition of interest emotion and propose future improvements through additional modalities and better data collection.
22,Bao 2024,An Emotion Recognition Method Based on Eye Movement and Audiovisual Features in MOOC Learning Environment,Consensus,"Bao, Y., et al. (2024). An Emotion Recognition Method Based on Eye Movement and Audiovisual Features in MOOC Learning Environment. IEEE Transactions on Computational Social Systems, 11(1), 174–182.",2024,An Emotion Recognition Method Based on Eye Movement and Audiovisual Features in MOOC Learning Environment,IEEE Transactions on Computational Social Systems,Primary empirical study,"To develop a multimodal emotion recognition method for MOOC learning environments by combining eye movement signals, audio features, and video image features, and to determine the optimal fusion strategy for recognizing learner emotions","RQ1, RQ2, RQ3, RQ4, RQ5",China (data collection platform and affiliations suggest Chinese research context),MOOC learners (Higher Education / Adult learners),MOOC learning environment with instructional videos,Students / MOOC learners,59 participants total; 47 for training and 12 for testing,Not Reported,Not Reported,Custom MOOC Emotion Dataset,Custom (novel),Eye Movement + Audio + Video Images (Multimodal),"4 emotions: Interest, Happiness, Boredom, Confusion",Not clearly stated,MOOC instructional video viewing environment,No explicit balancing method reported,No,CNN-based Multimodal Hybrid Network,FE-CNN + EC-CNN Framework,"Feature-level, Decision-level, and Model-level fusion compared",Eye Movement + Audio + Video,"Sliding windows (2s, 3s, 5s)",No,No,N/A,Not Reported,Adam,Learning Rate = 0.005,32,Not Reported,Dropout = 0.5,No,None,None,Not discussed,No explicit real-time claim,No,Not Reported,"Windows 10, NVIDIA GeForce RTX 2080 GPU, PyTorch framework",Optical Flow + Eye Tracking + MFCC Audio Processing + CNN,MOOC environment only,No,Not Reported,Emotion Recognition in MOOC Learning,"Interest, Happiness, Boredom, Confusion",Best multimodal accuracy: 81.90%,Reported per class,Reported; best fusion model AUC = 0.87,Yes,N/A,N/A,"SVM, ResNet18, traditional machine learning models, single-modal systems",Partial,"Yes (FCDE, FE-CNN, EC-CNN components)",No,Nocc,Decision-level multimodal fusion achieved 81.90% accuracy and AUC=0.87.,No,None reported,None ,No,No,Small sample size (59 learners),"Difficulty recognizing ""Interest"" emotion; performance lower than other emotions.",No explainability analysis,No deployment evaluation or real-world scalability analysis,Existing MOOC emotion recognition systems insufficiently combine learner physiological behavior with instructional content information.,"1. Improve interest-state sample collection. 2. Add non-invasive modalities (micro-expression, PPG). 3. Incorporate video semantic information. 4. Integrate cognitive-state modeling.",Yes,"",Yes,"",Partial,"",Partial,"",Yes,"",Partial,"",No,"",Yes,""
21,IEEE 2024,Enhancing Real-Time Student Emotion Recognition in Online Classrooms Using LSTM and CNN Hybrid Models'',Sarbajit Paul Bappy,"Shao, K., Wang, T. C., & Tang, J. (2024). Enhancing Real-time Student Emotion Recognition in Online Classrooms Using LSTM and CNN Hybrid Models. In 2024 Cross Strait Radio Science and Wireless Technology Conference (CSRSWTC 2024). IEEE. https://doi.org/10.1109/CSRSWTC64338.2024.10811602",2024,Enhancing Real-time Student Emotion Recognition in Online Classrooms Using LSTM and CNN Hybrid Models.,2024 Cross Strait Radio Science and Wireless Technology Conference (CSRSWTC 2024).,Primary empirical study; proof-of-concept system development and experimental evaluation.,"To design and implement a hybrid LSTM-CNN model for real-time emotion recognition in online classrooms that can analyze students’ facial expressions, capture emotional changes in real time, and provide immediate feedback to teachers for dynamic adjustment of teaching content.","RQ1: Deep learning architecture (LSTM-CNN hybrid) for emotion recognition.
RQ3: Performance evaluation of emotion recognition accuracy and response time.
RQ4: Real-time deployment and classroom feedback system. Not directly addressing:
RQ2: Benchmark FER datasets.
RQ5: Detailed research gaps beyond general future educational applications.",Macau.,Not explicitly reported.,Online classrooms using the Rain Classroom system,Students.,Not reported.,Not reported.,Not reported.,Custom dataset collected from students using the Rain Classroom online learning platform.,Custom (novel).,Facial images / facial expression sequences.,"Reported emotions include:

Happy
Confused
Frustrated

Additional emotions mentioned:

Pleasure
Concentration

Exact total number of classes not reported.",Not stated.,"Real emotional reactions of students in online classrooms captured using high-definition cameras in multiple learning scenarios, subjects, grades, and teaching methods.",Not stated.,"Mentioned in system architecture workflow (""Data Normalization, Augmentation""), but augmentation methods not specified",Hybrid CNN-LSTM.,Custom LSTM-CNN Hybrid Model,"Intermediate fusion.
CNN extracts facial expression features and LSTM models temporal emotional changes over time.",Facial image features + temporal emotional sequences.,LSTM sequence modeling of emotional changes over time.,No ,Not reported.,Not reported.,Not reported.,Not reported.,Not reported.,Not reported.,Not reported.,Not reported.,No.,None.,None.,No.,Yes,Yes,"Real-time classroom interaction	120 ms
Pre-recorded video analysis	145 ms
On-site emotional change capture	135 ms",Online classroom environment using Rain Classroom platform,"CNN
LSTM
High-definition camera capture
Real-time classroom feedback system",Yes.,"Yes.
System provides:

Real-time emotion feedback
Dynamic classroom adjustment support
Teacher intervention recommendations",Not stated.,Facial Emotion Recognition (FER) / Student Emotion Recognition.,"Reported categories:

Happy
Confused
Frustrated

Additional emotional states discussed:

Concentration
Pleasure","Happy	94.5%
Confused	89.3%
Frustrated	91.2%",Not reported.,Not reported.,No,Not reported.,Not reported.,No benchmark model comparison reported.,No.,No.,No.,No.,"Happy emotion recognition: 94.5%
Frustrated emotion recognition: 91.2%
Confused emotion recognition: 89.3%",No.,None reported.,None reported.,No.,None,"Dataset size, demographic composition, and annotation procedures are not reported.",Not explicitly discussed.,No explainability mechanism included or discussed.,Not explicitly reported; paper primarily reports positive deployment results.,"Existing emotion recognition systems struggle to balance:

Recognition accuracy
Dynamic emotional tracking
Real-time performance

particularly in online classroom environments.","The paper generally suggests:

Large-scale educational applications.
Further improvement of personalized teaching systems.
Enhanced smart education and classroom interactivity.

No dedicated future work section with detailed directions is provided.",Yes,The study explicitly aims to design and implement an LSTM-CNN hybrid model for real-time student emotion recognition and teacher feedback in online classrooms.,Partial,"The proposed CNN-LSTM architecture is appropriate for combining facial feature extraction and temporal emotion modeling; however, implementation details, training settings, and dataset characteristics are insufficiently described.",No,"No code, model parameters, dataset size, hyperparameters, optimizer, loss function, training settings, or implementation details are reported.",No,"The dataset source is described only generally as student emotion data collected from Rain Classroom. Dataset size, class distribution, annotation procedures, and participant demographics are not reported.",Partial,"Accuracy and response time are reported, which are relevant to FER and real-time systems; however, precision, recall, F1-score, confusion matrices, and robustness analyses are absent.",No,"No comparison against baseline methods, state-of-the-art models, or statistical significance testing is presented",No,"No explainable AI technique (e.g., SHAP, LIME, Grad-CAM, attention visualization) was implemented or evaluated.",No,"The paper does not provide a dedicated limitations section and does not explicitly discuss dataset, model, deployment, or validity limitations."
21,IEEE 2024,Enhancing Real-Time Student Emotion Recognition in Online Classrooms Using LSTM and CNN Hybrid Models'',Consensus,"Shao, K., Wang, T. C., & Tang, J. (2024). Enhancing Real-time Student Emotion Recognition in Online Classrooms Using LSTM and CNN Hybrid Models. In 2024 Cross Strait Radio Science and Wireless Technology Conference (CSRSWTC 2024). IEEE. https://doi.org/10.1109/CSRSWTC64338.2024.10811602",2024,Enhancing Real-time Student Emotion Recognition in Online Classrooms Using LSTM and CNN Hybrid Models.,2024 Cross Strait Radio Science and Wireless Technology Conference (CSRSWTC 2024).,Primary empirical study; proof-of-concept system development and experimental evaluation.,"To design and implement a hybrid LSTM-CNN model for real-time emotion recognition in online classrooms that can analyze students’ facial expressions, capture emotional changes in real time, and provide immediate feedback to teachers for dynamic adjustment of teaching content.","RQ1: Deep learning architecture (LSTM-CNN hybrid) for emotion recognition.
RQ3: Performance evaluation of emotion recognition accuracy and response time.
RQ4: Real-time deployment and classroom feedback system. Not directly addressing:
RQ2: Benchmark FER datasets.
RQ5: Detailed research gaps beyond general future educational applications.",Macau.,Not explicitly reported.,Online classrooms using the Rain Classroom system,Students.,Not reported.,Not reported.,Not reported.,Custom dataset collected from students using the Rain Classroom online learning platform.,Custom (novel).,Facial images / facial expression sequences.,"Reported emotions include:

Happy
Confused
Frustrated

Additional emotions mentioned:

Pleasure
Concentration

Exact total number of classes not reported.",Not stated.,"Real emotional reactions of students in online classrooms captured using high-definition cameras in multiple learning scenarios, subjects, grades, and teaching methods.",Not stated.,"Mentioned in system architecture workflow (""Data Normalization, Augmentation""), but augmentation methods not specified",Hybrid CNN-LSTM.,Custom LSTM-CNN Hybrid Model,"Intermediate fusion.
CNN extracts facial expression features and LSTM models temporal emotional changes over time.",Facial image features + temporal emotional sequences.,LSTM sequence modeling of emotional changes over time.,No ,Not reported.,Not reported.,Not reported.,Not reported.,Not reported.,Not reported.,Not reported.,Not reported.,No.,None.,None.,No.,Yes,Yes,"Real-time classroom interaction	120 ms
Pre-recorded video analysis	145 ms
On-site emotional change capture	135 ms",Online classroom environment using Rain Classroom platform,"CNN
LSTM
High-definition camera capture
Real-time classroom feedback system",Yes.,"Yes.
System provides:

Real-time emotion feedback
Dynamic classroom adjustment support
Teacher intervention recommendations",Not stated.,Facial Emotion Recognition (FER) / Student Emotion Recognition.,"Reported categories:

Happy
Confused
Frustrated

Additional emotional states discussed:

Concentration
Pleasure","Happy	94.5%
Confused	89.3%
Frustrated	91.2%",Not reported.,Not reported.,No,Not reported.,Not reported.,No benchmark model comparison reported.,No.,No.,No.,No.,"Happy emotion recognition: 94.5%
Frustrated emotion recognition: 91.2%
Confused emotion recognition: 89.3%",No.,None reported.,None reported.,No.,None,"Dataset size, demographic composition, and annotation procedures are not reported.",Not explicitly discussed.,No explainability mechanism included or discussed.,Not explicitly reported; paper primarily reports positive deployment results.,"Existing emotion recognition systems struggle to balance:

Recognition accuracy
Dynamic emotional tracking
Real-time performance

particularly in online classroom environments.","The paper generally suggests:

Large-scale educational applications.
Further improvement of personalized teaching systems.
Enhanced smart education and classroom interactivity.

No dedicated future work section with detailed directions is provided.",Yes,"",Partial,"",No,"",No,"",Partial,"",No,"",No,"",No,""
15,Aly 2025,A comprehensive deep learning framework for real time emotion detection in online learning using hybrid models,Sarbajit Paul Bappy,"Aly, M., & Alotaibi, N. S. (2025). A comprehensive deep learning framework for real time emotion detection in online learning using hybrid models. Scientific Reports, 15, 42012. https://doi.org/10.1038/s41598-025-26381-7",2025,A comprehensive deep learning framework for real time emotion detection in online learning using hybrid models,Scientific Reports (Nature Portfolio),Primary empirical,"To propose a novel FER methodology that combines ResNet-50, CBAM, 3D CNN, and AGTO (Ant Colony and Genetic Algorithm-based Target Optimization) to capture dynamic facial expression changes over time and evaluate real-time student engagement in online classrooms.","RQ1 (DL Architectures), RQ2 (Datasets), RQ3 (Metrics/Results), RQ4 (Real-time Deployment/Limitations)",Egypt (Egyptian Russian University) and Saudi Arabia (Shaqra University).,Higher Ed (undergraduate students).,Live online lectures conducted via Zoom and Microsoft Teams platforms.,Undergraduate students (for the custom dataset).,"214 students for the proprietary dataset. (Public datasets varied: FER2013 [~35k], CK+ [593 sequences], KDEF [4,900]).",18–24 years.,110 male / 104 female (51.4% male / 48.6% female).,"FER-2013, CK+ (Cohn-Kanade), KDEF, and an ""Own dataset"" (Real-world classroom dataset).",Mixed (Public benchmarks + Custom private dataset).,Static images & sequential facial video frames.,"7 emotion categories (Happy, Sad, Angry, Surprised, Disgust, Fear, Neutral).",Custom dataset was annotated by three independent human raters with inter-rater agreement verified.,"Controlled laboratory conditions (CK+, KDEF) and In-the-wild / Online lecture captures via standard webcams (FER2013, Custom dataset).",Yes (Balanced gender representation and diverse academic backgrounds; engagement levels balanced during training splits).,"Yes (Random cropping, horizontal flipping, rotation, scaling, brightness, contrast, Gaussian noise, Cutout, Mixup, frame skipping, random sequence shuffling).",Hybrid CNN + 3D-CNN + Evolutionary Optimization,ResNet-50 + CBAM + 3D CNN + AGTO,Intermediate/Late fusion (spatial features from ResNet+CBAM and temporal features from 3D CNN are concatenated through a fusion layer).,Static spatial facial features + Temporal video sequence features.,3D-CNN.,Yes (CBAM: Sequential Channel Attention and Spatial Attention).,Yes (ResNet-50 initialized with ImageNet weights).,Full fine-tuning along with hyperparameter and architecture optimization via AGTO.,Categorical cross-entropy.,Adam (for weight updating) combined with AGTO (Ant Colony & Genetic Algorithm) for hyperparameter and architecture optimization.,Initial lr=0.001 with a dynamic scheduler (reduced by factor of 10 upon plateauing validation accuracy).,"32 (for spatial/ResNet branch), 16 (for temporal/3D CNN branch).",50–100 epochs with early stopping based on validation loss.,"Dropout (0.5), L2 regularization (weight decay = 0.0001), Data augmentation.",Partially (Through visual attention maps).,Attention Maps generated by the CBAM module.,"Qualitative visualisation (showing the model focuses on the eyes, eyebrows, nose, and mouth).",No,Yes,Yes,42 ms per sample.,Standard laptop setups recommended utilizing high-performance GPUs (NVIDIA RTX 3080/3090) for efficient training.,MTCNN (Multi-task Cascaded Convolutional Networks) for face detection and alignment.,Yes (Tested using Zoom and Microsoft Teams).,"Yes (System calculates and plots a real-time ""Engagement Index"" across the duration of the session).",Anonymisation (All recordings anonymized and personally identifying info removed prior to analysis).,FER (Facial Expression Recognition) & Student Engagement tracking.,"7 basic emotions (Happy, Sad, Surprise, Fear, Disgust, Anger, Neutral).",YES,Yes,No,Yes,No,No,"Baseline ResNet-50, ResNet-50+CBAM, MobileNetV2, NGO-BILSTM.",Yes (Compared against over 10 recent models).,Yes (Tested components: ResNet-50 vs +CBAM vs +3D CNN vs +AGTO).,No / Not reported.,No (Evaluated on individual datasets separately; cross-dataset generalization noted as future work).,"95.57% accuracy on FER2013

97.29% accuracy on CK+

98.35% accuracy on KDEF

98.09% accuracy on the custom classroom dataset",Partially,Demographic and contextual bias.,Balanced sampling (Recruited participants from diverse academic backgrounds with a strict 51.4% male / 48.6% female balance).,"Yes (Acknowledged as a challenge in FER, suggested for future dataset expansion).",None,"The need for strict cross-dataset validation (e.g., training on FER2013 and testing on the classroom dataset) was noted as a limitation of the current study.",Increased computational overhead and training time (100 s/epoch) compared to baseline models.,None reported.,"The 42 ms/sample inference time is higher than lightweight models (like MobileNetV2 at 15 ms/sample), reflecting a trade-off between computational cost and accuracy.","Cross-domain generalizability across different datasets with varying lighting, resolutions, and labeling schemes.","Dedicated cross-dataset validation and domain adaptation techniques.

Expanding datasets to include diverse cultural and demographic backgrounds.

Incorporating multimodal data (physiological signals, verbal feedback).

Longitudinal studies assessing the long-term impact on educational outcomes.",Yes,"The authors explicitly state their aim to develop a real-time Facial Emotion Recognition (FER) system for online classrooms using a hybrid framework (ResNet-50, CBAM, 3D CNN, and AGTO) to capture dynamic facial expression changes and evaluate student engagement.",Yes,"The deep learning approach perfectly suits the research question. The combination of spatial feature extraction (ResNet-50 + CBAM), temporal dynamic modeling (3D CNN), and evolutionary hyperparameter optimization (AGTO) directly addresses the need for robust, real-time engagement detection.",Partial,"The paper provides detailed training procedures, hardware specifications, and tables listing all key hyperparameters (learning rates, batch sizes, optimizer, AGTO parameters). However, the custom classroom dataset and the model code/weights are not publicly released, stating they are only available ""upon reasonable request.",Yes,"The datasets are comprehensively described. The authors detail the public benchmarks (FER2013, CK+, KDEF) and extensively describe their custom real-world classroom dataset, including the exact sample size (214), age range (18–24), gender distribution (110 male, 104 female), and the specific annotation protocol used.",Partial,"The study appropriately uses standard classification metrics including Accuracy, Precision, Recall, and F1-score, and provides confusion matrices. However, they do not report confidence intervals, standard deviations, or AUC-ROC.",Partial,"The results are thoroughly benchmarked against multiple state-of-the-art models and baseline architectures, complete with a detailed ablation study of the individual components. However, statistical significance testing (such as p-values or confidence intervals) is not reported to formally validate the performance margins.",No,"The study generates attention heat maps via the CBAM module to visualize where the model focuses (eyes, mouth, etc.). However, there is no formal XAI evaluation, user study, or faithfulness metric utilized to validate these explanations beyond basic visual inspection.",Yes,"The authors explicitly acknowledge limitations, dedicating sections to the increased computational overhead (longer training and inference times compared to lightweight models) and specifically noting the lack of cross-dataset generalization testing as a weakness to be addressed in future work."
15,Aly 2025,A comprehensive deep learning framework for real time emotion detection in online learning using hybrid models,Consensus,"Aly, M., & Alotaibi, N. S. (2025). A comprehensive deep learning framework for real time emotion detection in online learning using hybrid models. Scientific Reports, 15, 42012. https://doi.org/10.1038/s41598-025-26381-7",2025,A comprehensive deep learning framework for real time emotion detection in online learning using hybrid models,Scientific Reports (Nature Portfolio),Primary empirical,"To propose a novel FER methodology that combines ResNet-50, CBAM, 3D CNN, and AGTO (Ant Colony and Genetic Algorithm-based Target Optimization) to capture dynamic facial expression changes over time and evaluate real-time student engagement in online classrooms.","RQ1 (DL Architectures), RQ2 (Datasets), RQ3 (Metrics/Results), RQ4 (Real-time Deployment/Limitations)",Egypt (Egyptian Russian University) and Saudi Arabia (Shaqra University).,Higher Ed (undergraduate students).,Live online lectures conducted via Zoom and Microsoft Teams platforms.,Undergraduate students (for the custom dataset).,"214 students for the proprietary dataset. (Public datasets varied: FER2013 [~35k], CK+ [593 sequences], KDEF [4,900]).",18–24 years.,110 male / 104 female (51.4% male / 48.6% female).,"FER-2013, CK+ (Cohn-Kanade), KDEF, and an ""Own dataset"" (Real-world classroom dataset).",Mixed (Public benchmarks + Custom private dataset).,Static images & sequential facial video frames.,"7 emotion categories (Happy, Sad, Angry, Surprised, Disgust, Fear, Neutral).",Custom dataset was annotated by three independent human raters with inter-rater agreement verified.,"Controlled laboratory conditions (CK+, KDEF) and In-the-wild / Online lecture captures via standard webcams (FER2013, Custom dataset).",Yes (Balanced gender representation and diverse academic backgrounds; engagement levels balanced during training splits).,"Yes (Random cropping, horizontal flipping, rotation, scaling, brightness, contrast, Gaussian noise, Cutout, Mixup, frame skipping, random sequence shuffling).",Hybrid CNN + 3D-CNN + Evolutionary Optimization,ResNet-50 + CBAM + 3D CNN + AGTO,Intermediate/Late fusion (spatial features from ResNet+CBAM and temporal features from 3D CNN are concatenated through a fusion layer).,Static spatial facial features + Temporal video sequence features.,3D-CNN.,Yes (CBAM: Sequential Channel Attention and Spatial Attention).,Yes (ResNet-50 initialized with ImageNet weights).,Full fine-tuning along with hyperparameter and architecture optimization via AGTO.,Categorical cross-entropy.,Adam (for weight updating) combined with AGTO (Ant Colony & Genetic Algorithm) for hyperparameter and architecture optimization.,Initial lr=0.001 with a dynamic scheduler (reduced by factor of 10 upon plateauing validation accuracy).,"32 (for spatial/ResNet branch), 16 (for temporal/3D CNN branch).",50–100 epochs with early stopping based on validation loss.,"Dropout (0.5), L2 regularization (weight decay = 0.0001), Data augmentation.",Partially (Through visual attention maps).,Attention Maps generated by the CBAM module.,"Qualitative visualisation (showing the model focuses on the eyes, eyebrows, nose, and mouth).",No,Yes,Yes,42 ms per sample.,Standard laptop setups recommended utilizing high-performance GPUs (NVIDIA RTX 3080/3090) for efficient training.,MTCNN (Multi-task Cascaded Convolutional Networks) for face detection and alignment.,Yes (Tested using Zoom and Microsoft Teams).,"Yes (System calculates and plots a real-time ""Engagement Index"" across the duration of the session).",Anonymisation (All recordings anonymized and personally identifying info removed prior to analysis).,FER (Facial Expression Recognition) & Student Engagement tracking.,"7 basic emotions (Happy, Sad, Surprise, Fear, Disgust, Anger, Neutral).",YES,Yes,No,Yes,No,No,"Baseline ResNet-50, ResNet-50+CBAM, MobileNetV2, NGO-BILSTM.",Yes (Compared against over 10 recent models).,Yes (Tested components: ResNet-50 vs +CBAM vs +3D CNN vs +AGTO).,No / Not reported.,No (Evaluated on individual datasets separately; cross-dataset generalization noted as future work).,"95.57% accuracy on FER2013

97.29% accuracy on CK+

98.35% accuracy on KDEF

98.09% accuracy on the custom classroom dataset",Partially,Demographic and contextual bias.,Balanced sampling (Recruited participants from diverse academic backgrounds with a strict 51.4% male / 48.6% female balance).,"Yes (Acknowledged as a challenge in FER, suggested for future dataset expansion).",None,"The need for strict cross-dataset validation (e.g., training on FER2013 and testing on the classroom dataset) was noted as a limitation of the current study.",Increased computational overhead and training time (100 s/epoch) compared to baseline models.,None reported.,"The 42 ms/sample inference time is higher than lightweight models (like MobileNetV2 at 15 ms/sample), reflecting a trade-off between computational cost and accuracy.","Cross-domain generalizability across different datasets with varying lighting, resolutions, and labeling schemes.","Dedicated cross-dataset validation and domain adaptation techniques.

Expanding datasets to include diverse cultural and demographic backgrounds.

Incorporating multimodal data (physiological signals, verbal feedback).

Longitudinal studies assessing the long-term impact on educational outcomes.",Yes,"",Yes,"",Partial,"",Yes,"",Partial,"",Partial,"",No,"",Yes,""
14,Li 2025,Dense-Attention CNN with Spatial-Attention Fusion for Robust Facial Expression Recognition,Sarbajit Paul Bappy,"Li, D., Sun, J., Liu, W., Wang, L., & Zhou, N. (2025). Dense-Attention CNN with Spatial-Attention Fusion for Robust Facial Expression Recognition. Information Technology and Control, 54(3), 844–863. https://doi.org/10.5755/j01.itc.54.3.41283",2025,Dense-Attention CNN with Spatial-Attention Fusion for Robust Facial Expression Recognition.,"Information Technology and Control, Volume 54, Issue 3, Pages 844–863.",Primary empirical study; deep learning facial expression recognition (FER) model development and evaluation study.,"Develop a lightweight dense-connected CNN for facial expression recognition.
Introduce a spatial attention mechanism to focus on emotion-relevant facial regions.
Reduce intra-class variation using an intra-class distance penalty term combined with classification loss.
Improve FER performance on public benchmark datasets.","RQ1: Deep learning architecture and attention mechanisms for FER.

RQ2: Facial expression datasets and benchmark evaluation.

RQ3: Performance evaluation and comparison on CK+ and FER2013.

RQ4: Robustness under illumination, occlusion, ethnicity, and age variations.

RQ5: Future directions for FER robustness and multimodal expansion.",China,Not specified.,Not an educational intervention study. Online education mentioned as a potential application area.,Human facial images and facial expression sequences.,"CK+ Dataset

123 subjects
593 image sequences
327 labeled expression sequences

FER2013 also used, but exact sample count not reported in extracted sections",Not reported.,Not reported.,"CK+
FER2013
Self-built dataset","Mixed:

Public benchmark datasets (CK+, FER2013)
Custom/self-built dataset","Facial images
Facial expression sequences (dynamic FER)","Surprise
Contempt
Anger
Fear
Happiness
Disgust
Sadness",Dataset-provided benchmark annotations.,"Controlled facial expression sequences (CK+)
In-the-wild facial images with pose and lighting variations (FER2013)","Partial.

The paper discusses class imbalance and proposes loss optimization with intra-class distance penalty terms, but no explicit oversampling or SMOTE is reported.","Yes.

Mentioned techniques:

Random cropping
Flipping
Color perturbation
GAN-generated samples","Hybrid CNN architecture:

Dense Convolutional Neural Network (Dense-CNN)
Spatial Attention Network
Dense-Attention CNN",Dense-Attention CNN with Spatial-Attention Fusion.,Attention-based feature fusion.,N/A (unimodal facial images).,"Limited.

CK+ dynamic sequences used, but no dedicated LSTM, GRU, Transformer, or 3D-CNN temporal modeling employed","Yes.

Type:

Spatial Attention
Multi-level Spatial Attention Fusion
Self-attention concepts discussed
Dilated-convolution attention maps",Not Reported.,Not Reported.,"Joint loss:

Cross-Entropy Classification Loss
Intra-Class Distance Penalty Loss",Not reported.,Not reported.,Not reported.,Not reported.,"Batch Normalization
Dense connectivity
Attention-based feature selection
Intra-class distance regularization",Partial.,Attention visualization through spatial attention maps.,"Qualitative visualization only.

No faithfulness metrics, human evaluation, or robustness evaluation reported.",No explicit XAI limitations reported.,"Yes.

Model is described as lightweight and suitable for real-time facial expression recognition on mobile devices.",No.,Not reported.,Camera-based facial expression recognition system. TensorBoard used during training.,"Mentioned preprocessing frameworks:

MTCNN
Dlib

FER model:

Dense-Attention CNN",No.,No.,Not reported.,Facial Expression Recognition (FER).,"Seven-expression classification:

Angry
Disgust
Fear
Happy
Sad
Surprise
Neutral","Best performance:

CK+ = 96.7%
FER2013 = 71.8%",Not reported.,Not reported.,No,Not reported.,Not reported.,"Compared against:

ResNet18 + CBAM
EfficientNet-B2
MSCNN
DAM-CNN
DCMA-CNN",Yes.,"Partial.

Different attention and CNN architectures compared; dedicated ablation study not clearly reported.",No.,"Yes.

Validated on:

CK+
FER2013","Dense-Attention CNN achieved:

96.7% accuracy on CK+
71.8% accuracy on FER2013
1.78M parameters","Partial.

Ethnicity and age robustness experiments conducted.","Ethnicity bias
Age-related variation
Lighting bias
Occlusion bias",Not explicitly proposed.,"Partial.

Authors report performance across different ethnic groups and acknowledge dataset composition effects.",No.,"Small-sample categories remain challenging.
Existing datasets contain ethnicity-related imbalances.","Sensitive to extreme illumination conditions.
Overfitting risk due to dense connections.
Performance fluctuations on small-sample classes.",Attention visualization used but not formally validated.,"Recognition accuracy decreases under:

Low illumination
Face occlusion
Masks
Glasses","Current FER systems struggle with:

Lighting variations
Occlusions
Cross-ethnic expression differences
Intra-class expression variability
Lightweight deployment requirements","Multi-view fusion with infrared and depth images.
Spatiotemporal FER models with temporal attention.
GAN-based data augmentation.
Meta-learning for small-sample FER.
Improved robustness to environmental conditions.",Yes,"The study clearly aims to improve FER by integrating dense convolutional networks, spatial attention fusion, and an intra-class distance penalty loss to address CNN limitations in emotion-region attention and intra-class variability.",Yes,"The methodology combines DenseNet-inspired feature extraction, spatial attention mechanisms, joint-loss optimization, and evaluation on benchmark FER datasets (CK+ and FER2013).",Partial,"Model architecture, dataset descriptions, and loss-function design are described. However, code, pretrained weights, optimizer settings, learning rate, epochs, and batch size are not reported. Dataset access is available upon request.",Partial,"Dataset names, purposes, CK+ sample sizes, expression categories, and benchmark rationale are reported. However, class distributions, demographic composition, and annotation details are incomplete.",Partial,"Accuracy is reported and benchmark comparisons are provided, but Precision, Recall, F1-score, AUC, per-class metrics, and statistical confidence intervals are absent.",Yes,"The proposed model is compared against ResNet18+CBAM, EfficientNet-B2, MSCNN, DAM-CNN, and DCMA-CNN, demonstrating competitive performance and parameter efficiency.",Partial,"Spatial attention visualization is incorporated to identify emotionally salient facial regions. However, no formal XAI validation, user study, faithfulness analysis, or quantitative explanation evaluation is reported.",Yes,"The authors explicitly discuss sensitivity to extreme lighting conditions, overfitting risks due to dense connections, and performance instability for small-sample categories, while proposing future solutions."
14,Li 2025,Dense-Attention CNN with Spatial-Attention Fusion for Robust Facial Expression Recognition,Consensus,"Li, D., Sun, J., Liu, W., Wang, L., & Zhou, N. (2025). Dense-Attention CNN with Spatial-Attention Fusion for Robust Facial Expression Recognition. Information Technology and Control, 54(3), 844–863. https://doi.org/10.5755/j01.itc.54.3.41283",2025,"Dense-Attention CNN with Spatial-Attention Fusion for Robust Facial Expression Recognition

",Information Technology and Control,Primary empirical,"To establish a facial expression recognition model combining deep learning and attention mechanisms that addresses traditional CNN's insufficient attention to local emotional regions and classic loss functions' inability to handle intra-class variability, using multi-scale feature extraction, spatial attention, and intra-class distance penalty.","RQ1 (DL Methodology), RQ2 (Datasets), RQ3 (Performance), RQ4 (Limitations)"," China (Xuzhou University of Technology, Xuzhou Public Security Bureau)","Not specified (Mentions online education and educational emotional computing as general application areas)
",N/A (Lab-controlled/Static images),Not applicable (Uses pre-existing image datasets),"CK+: 593 sequences; FER2013: 35,887 images",NR,NR,"CK+, FER2013",Public,"Static image (CK+ sourced from video sequences but treated as frames)
","7 basic emotions
",Not stated (Standard benchmark datasets),"Lab-controlled (CK+) / In-the-wild (FER2013)
","Yes (Methodologically addressed via combined loss function: ""combined with focus loss to alleviate class imbalance"")","Yes (Random cropping, flipping, color perturbation, and GAN synthesis of samples)
",CNN / Hybrid (Dense-Attention CNN),"Dense-Attention CNN with Spatial-Attention Fusion
"," N/A (unimodal)
","N/A
","None (Static image focus; mentions 3D CNN/RNN for dynamic scenes in lit review but not in proposed method)
","Yes (type: spatial attention / channel attention / CBAM concepts discussed and spatial attention unit constructed)
",Partially (Mentions using ImageNet pre-trained models like ResNet-50 to initialize weights in the training strategy section),"Partial (""freeze the underlying convolutional layers during fine-tuning, and only train the top-level classifier"")","Focal loss (for class imbalance) + Intra-class distance penalty term + Classification loss (Cross-entropy implied)
",Not explicitly named for the proposed model,NR,NR,NR,"Dropout, BatchNorm (mentioned as standard deep learning strategies)
",Partially (discussed but not implemented as a formal evaluation component),"Other (Class Activation Graph/CAM mentioned as a post-processing/visualization tool to focus on the region of interest)
","Qualitative visualisation (Mentioned as assisting in interpretation for medical/judicial scenarios, but no results shown in the text provided)
",No,"Not evaluated (Mentions real-time applications like driver safety and HCI in the introduction, but does not test/claim real-time capability for the proposed model)",No,N/A,Not specified,"MTCNN, Dlib (Mentioned as standard data preprocessing steps for face detection and keypoint location)
",No,No,None, FER (facial expression),7 basic emotions,"Increased by 1.1% on CK+ and 2.7% on FER2013 (Specific baseline and final values are not fully stated in the excerpt, only the improvement margin)",NR,NR,NR,NR,"N/A
",Compared against standard CNN and ResNet frameworks (implied by the improvement percentages and methodology),"Partial (Mentions comparisons, but specific SOTA tables are cut off in the excerpt)
","Yes (Implied by testing the addition of the spatial attention unit and the intra-class distance penalty term)
",No,No (Tested separately on CK+ and FER2013),The model achieved an accuracy increase of 1.1% on CK+ and 2.7% on FER2013 compared to baseline methods.,No,"None reported (Acknowledges ""algorithmic bias in comparative analysis methods"" and ""differences in facial features... across regions and ethnicities"" as a general dataset challenge in the introduction)
",None,No,None,"Significant environmental interference (lighting, occlusion, non-face poses); inherent dataset defects (differences in facial features across regions/ethnicities, micro-expression representations).
",Sensitivity to hyperparameters; potential algorithmic bias; 3D CNNs suffer from overfitting due to excessive parameters and limited video data.,None discussed,Gap between FER accuracy and object recognition accuracy (nearly 25% gap compared to MNIST); challenges in real-world implementation.,"Traditional CNNs lack attention to facial local regions related to emotions, and classic loss functions cannot handle intra-class variability in facial expressions. There is a significant accuracy gap between FER and general object recognition.
",Model lightweighting; cross-cultural adaptation; integrating 3D convolution and spatiotemporal attention modules for dynamic scene temporal feature modeling; multimodal signal fusion.,Yes,"",Yes,"",Partial,"",Partial,"",Partial,"",Partial,"",No,"",Yes,""
7,Feng 2020,Academic Emotion Classification and Recognition Method for Large-scale Online Learning Environment-Based on A-CNN and LSTM-ATT Deep Learning Pipeline Method,Sarbajit Paul Bappy,"Feng, X., Wei, Y., Pan, X., Qiu, L., & Ma, Y. (2020). Academic emotion classification and recognition method for large-scale online learning environment—Based on A-CNN and LSTM-ATT deep learning pipeline method. International Journal of Environmental Research and Public Health, 17(6), 1941.",2020,Academic Emotion Classification and Recognition Method for Large-scale Online Learning Environment—Based on A-CNN and LSTM-ATT Deep Learning Pipeline Method,International Journal of Environmental Research and Public Health (IJERPH),Primary empirical study; proof-of-concept deep learning framework development and evaluation,To develop an aspect-oriented academic emotion automatic recognition method for large-scale online learning environments using A-CNN and LSTM-ATT models.,RQ1: DL architecture for academic emotion recognition. RQ2: Dataset construction and annotation. RQ3: Performance evaluation. RQ4: Deployment implications and limitations. Does not directly address RQ5 except future directions.,China (Tencent Classroom and China University MOOC platforms),Higher Education / Online learners (MOOC learners and university online courses),"Tencent Classroom, China University MOOC, online learning platforms",Students,">200,000 collected comments; 16,925 manually tagged texts used for experiments (8213 aspect labels, 8712 emotion labels)",Not Reported,Not Reported,"Custom academic emotion corpus collected from Tencent Classroom, China University MOOC, and student blogs",Custom (novel dataset),Text comments (student textual comments),"Aspect classes = 3 (Teacher, Course, Online Learning Platform). Emotion classes = 9 (Joy, Hope, Enjoyment, Relaxation, Anger, Shame, Anxiety, Disappointment, Boredom)",Manual expert annotation by three experts with consistency checking and conflict resolution,Real online learning platforms; in-the-wild online comments and student blogs,No explicit mitigation; imbalance acknowledged as limitation,Not Reported,Hybrid CNN + BiLSTM + Attention pipeline,A-CNN (Aspect-oriented CNN) and LSTM-ATT (BiLSTM with Attention),N/A (unimodal text),None,BiLSTM sequence modeling,Yes — Soft Self-Attention,No,Not applicable,Binary Cross-Entropy,Adam,Word2Vec learning rate α = 0.025; scheduler not reported,32,4 epochs,Not Reported,No,None,None,Not discussed,Partially; described as quick and effective identification but not formally evaluated,No,Not Reported,Not specified,N/A (text analytics task),Prototype applied to online learning platform comments only,No,Not Reported,Academic Emotion Classification / Sentiment Classification,"Enjoyment, Hope, Joy, Relaxation, Anger, Shame, Anxiety, Disappointment, Boredom",A-CNN: 88.62%; LSTM-ATT: 71.12%,Not Reported,Not Reported,Yes,Not Applicable,Not Applicable,"SVM, Multinomial Naïve Bayes, LSTM",No; authors explicitly state they did not compare against SOTA methods,No,No,No,Aspect classification accuracy = 88.62%; Academic emotion classification accuracy = 71.12%,No,Class imbalance only,None reported,No,None,Severe class imbalance; some categories contain very few samples,Lower prediction accuracy for minority categories; no comparison with SOTA algorithms,No explain ability mechanism included,Not tested in real-world deployment scenarios,Existing studies ignore aspect-oriented academic emotions and cannot effectively analyze large-scale online learner comments.v,(1) Balance dataset categories through additional labeling. (2) Improve academic emotion classification accuracy. (3) Develop fine-grained aspect extraction methods beyond teacher/course/platform categories. (4) Conduct large-scale well-being studies using recognized academic emotions.,Yes,The study explicitly states two research questions and aims to develop an aspect-oriented academic emotion recognition method for online learning environments.,Yes,"The methodology aligns with the objective: custom dataset creation, expert annotation, A-CNN for aspect classification, and BiLSTM-Attention for emotion recognition.",Partial,"Architecture, parameters, and training settings are reported; supplementary code is available, but dataset is not publicly released.",Partial,"Source, size, collection procedure, annotation method, and class distributions are reported; demographic characteristics are not reported.",Partial,"Accuracy and confusion matrices are reported, but F1-score, precision, recall, and imbalance-aware metrics are absent.",Partial,"Compared against SVM, MultinomialNB, and LSTM, but not against SOTA methods; no statistical significance testing.",No,No explainable AI method was implemented or evaluated.,Yes,"Authors clearly discuss class imbalance, limited aspect categories, and lack of comparison with advanced methods."
7,Feng 2020,Academic Emotion Classification and Recognition Method for Large-scale Online Learning Environment-Based on A-CNN and LSTM-ATT Deep Learning Pipeline Method,Consensus,"Feng, X., Wei, Y., Pan, X., Qiu, L., & Ma, Y. (2020). Academic emotion classification and recognition method for large-scale online learning environment—Based on A-CNN and LSTM-ATT deep learning pipeline method. International Journal of Environmental Research and Public Health, 17(6), 1941.",2020,Academic Emotion Classification and Recognition Method for Large-scale Online Learning Environment—Based on A-CNN and LSTM-ATT Deep Learning Pipeline Method,International Journal of Environmental Research and Public Health (IJERPH),Primary empirical study; proof-of-concept deep learning framework development and evaluation,To develop an aspect-oriented academic emotion automatic recognition method for large-scale online learning environments using A-CNN and LSTM-ATT models.,RQ1: DL architecture for academic emotion recognition. RQ2: Dataset construction and annotation. RQ3: Performance evaluation. RQ4: Deployment implications and limitations. Does not directly address RQ5 except future directions.,China (Tencent Classroom and China University MOOC platforms),Higher Education / Online learners (MOOC learners and university online courses),"Tencent Classroom, China University MOOC, online learning platforms",Students,">200,000 collected comments; 16,925 manually tagged texts used for experiments (8213 aspect labels, 8712 emotion labels)",Not Reported,Not Reported,"Custom academic emotion corpus collected from Tencent Classroom, China University MOOC, and student blogs",Custom (novel dataset),Text comments (student textual comments),"Aspect classes = 3 (Teacher, Course, Online Learning Platform). Emotion classes = 9 (Joy, Hope, Enjoyment, Relaxation, Anger, Shame, Anxiety, Disappointment, Boredom)",Manual expert annotation by three experts with consistency checking and conflict resolution,Real online learning platforms; in-the-wild online comments and student blogs,No explicit mitigation; imbalance acknowledged as limitation,Not Reported,Hybrid CNN + BiLSTM + Attention pipeline,A-CNN (Aspect-oriented CNN) and LSTM-ATT (BiLSTM with Attention),N/A (unimodal text),None,BiLSTM sequence modeling,Yes — Soft Self-Attention,No,Not applicable,Binary Cross-Entropy,Adam,Word2Vec learning rate α = 0.025; scheduler not reported,32,4 epochs,Not Reported,No,None,None,Not discussed,Partially; described as quick and effective identification but not formally evaluated,No,Not Reported,Not specified,N/A (text analytics task),Prototype applied to online learning platform comments only,No,Not Reported,Academic Emotion Classification / Sentiment Classification,"Enjoyment, Hope, Joy, Relaxation, Anger, Shame, Anxiety, Disappointment, Boredom",A-CNN: 88.62%; LSTM-ATT: 71.12%,Not Reported,Not Reported,Yes,Not Applicable,Not Applicable,"SVM, Multinomial Naïve Bayes, LSTM",No; authors explicitly state they did not compare against SOTA methods,No,No,No,Aspect classification accuracy = 88.62%; Academic emotion classification accuracy = 71.12%,No,Class imbalance only,None reported,No,None,Severe class imbalance; some categories contain very few samples,Lower prediction accuracy for minority categories; no comparison with SOTA algorithms,No explain ability mechanism included,Not tested in real-world deployment scenarios,Existing studies ignore aspect-oriented academic emotions and cannot effectively analyze large-scale online learner comments.v,(1) Balance dataset categories through additional labeling. (2) Improve academic emotion classification accuracy. (3) Develop fine-grained aspect extraction methods beyond teacher/course/platform categories. (4) Conduct large-scale well-being studies using recognized academic emotions.,Yes,"",Yes,"",Partial,"",Partial,"",Partial,"",Partial,"",No,"",Yes,""
6,Almogren 2026,Deep Learning Approach for Social IoT and Mental Health Emotion Detection From Videos,Sarbajit Paul Bappy,"Almogren, A. S., Elhessewi, G. M. S., Ghaleb, M., Mahgoub, H., Alhashmi, A. A., Alzubaidi, U., Alghamdi, A. M., & Aljehane, N. O. (2026). Deep learning approach for Social IoT and mental health emotion detection from videos. IEEE Transactions on Computational Social Systems, 13(1), 1169–1179. https://doi.org/10.1109/TCSS.2025.3628196",2026,Deep Learning Approach for Social IoT and Mental Health Emotion Detection From Videos,IEEE Transactions on Computational Social Systems,Primary empirical study; deep learning-based video emotion recognition,Develop an optimized hybrid deep learning framework for video-based emotion recognition within Social IoT (SIoT) environments to support mental health monitoring and real-time emotion detection.,"RQ1, RQ3, RQ4, RQ5",Saudi Arabia (authors' affiliations),General users; mentions applicability to online education and smart classrooms,SIoT-enabled e-learning and online education environments,Actors in emotion video dataset,24 actors (RAVDESS dataset),Not reported,Not reported,RAVDESS (Ryerson Audio-Visual Database of Emotional Speech and Song),Public,Video (facial expressions); audio available but not used,8 emotions,Emotion labels provided by dataset metadata,Controlled laboratory recordings of actors,Yes,Mentioned through preprocessing and balancing,CNN-LSTM,"CNN-LSTM-PSO (proposed), CNN-LSTM-GWO",Visual facial landmark sequence modeling,Video facial features only,LSTM,No,Yes (mentioned CNN backbone enhanced via transfer learning),Not fully described,"",PSO (Particle Swarm Optimization) and GWO (Grey Wolf Optimizer),"",Not reported,30 (with early stopping),"",Yes,LIME (Local Interpretable Model-Agnostic Explanations),"","",Yes,No explicit latency,"","","",Yes,no,"",Emotion Classes,"Angry
Calm
Disgust
Fearful
Happy
Neutral
Sad
Surprised",98–99%,Yes,Yes,Yes,Yes,No,"SVM	
CNN	
LSTM	
CNN-LSTM	
XGBoost	
CNN-LSTM-GWO	
CNN-LSTM-PSO",Yes,Yes,Yes,No,98–99%,No,Dataset bias,No,Yes,No,"Controlled laboratory environment
Limited diversity
Dataset-specific training","Generalization concerns
Overfitting risk
Limited robustness to:
poor lighting
facial occlusion","","Edge-device latency challenges
Computational requirements for real-time deployment","Dataset bias.
Cultural variability.
Poor real-world generalization.
High computational costs of existing methods.
Limited suitability for Social IoT deployment.","Multimodal Emotion Recognition
Audio + video fusion
Attention-based fusion networks
Real-World Validation
In-the-wild emotion datasets
Natural facial expressions
Additional Modalities
Physiological sensors
Speech signals
Contextual signals
Real-Time Deployment
Smart classrooms
Telehealth consultations
Automotive monitoring systems
Advanced Learning Strategies
Improved multitask learning
Additional optimization algorithms","","","","","","","","","","","","","","","",""
6,Almogren 2026,Deep Learning Approach for Social IoT and Mental Health Emotion Detection From Videos,Consensus,"Almogren, A. S., Elhessewi, G. M. S., Ghaleb, M., Mahgoub, H., Alhashmi, A. A., Alzubaidi, U., Alghamdi, A. M., & Aljehane, N. O. (2026). Deep learning approach for Social IoT and mental health emotion detection from videos. IEEE Transactions on Computational Social Systems, 13(1), 1169–1179. https://doi.org/10.1109/TCSS.2025.3628196",2026,Deep Learning Approach for Social IoT and Mental Health Emotion Detection From Videos,IEEE Transactions on Computational Social Systems,Primary empirical study; deep learning-based video emotion recognition,Develop an optimized hybrid deep learning framework for video-based emotion recognition within Social IoT (SIoT) environments to support mental health monitoring and real-time emotion detection.,"RQ1, RQ3, RQ4, RQ5",Saudi Arabia (authors' affiliations),General users; mentions applicability to online education and smart classrooms,SIoT-enabled e-learning and online education environments,Actors in emotion video dataset,24 actors (RAVDESS dataset),Not reported,Not reported,RAVDESS (Ryerson Audio-Visual Database of Emotional Speech and Song),Public,Video (facial expressions); audio available but not used,8 emotions,Emotion labels provided by dataset metadata,Controlled laboratory recordings of actors,Yes,Mentioned through preprocessing and balancing,CNN-LSTM,"CNN-LSTM-PSO (proposed), CNN-LSTM-GWO",Visual facial landmark sequence modeling,Video facial features only,LSTM,No,Yes (mentioned CNN backbone enhanced via transfer learning),Not fully described,"",PSO (Particle Swarm Optimization) and GWO (Grey Wolf Optimizer),"",Not reported,30 (with early stopping),"",Yes,LIME (Local Interpretable Model-Agnostic Explanations),"","",Yes,No explicit latency,"","","",Yes,no,"",Emotion Classes,"Angry
Calm
Disgust
Fearful
Happy
Neutral
Sad
Surprised",98–99%,Yes,Yes,Yes,Yes,No,"SVM	
CNN	
LSTM	
CNN-LSTM	
XGBoost	
CNN-LSTM-GWO	
CNN-LSTM-PSO",Yes,Yes,Yes,No,98–99%,No,Dataset bias,No,Yes,No,"Controlled laboratory environment
Limited diversity
Dataset-specific training","Generalization concerns
Overfitting risk
Limited robustness to:
poor lighting
facial occlusion","","Edge-device latency challenges
Computational requirements for real-time deployment","Dataset bias.
Cultural variability.
Poor real-world generalization.
High computational costs of existing methods.
Limited suitability for Social IoT deployment.","Multimodal Emotion Recognition
Audio + video fusion
Attention-based fusion networks
Real-World Validation
In-the-wild emotion datasets
Natural facial expressions
Additional Modalities
Physiological sensors
Speech signals
Contextual signals
Real-Time Deployment
Smart classrooms
Telehealth consultations
Automotive monitoring systems
Advanced Learning Strategies
Improved multitask learning
Additional optimization algorithms",Yes,"The study explicitly outlines its objective to develop an optimized hybrid deep learning framework for video-based emotion recognition within Social IoT (SIoT) environments, targeting mental health monitoring and real-time detection.",Yes,The use of a CNN-LSTM architecture combined with swarm intelligence algorithms (PSO and GWO) appropriately aligns with the objective of creating an optimized framework for sequential video facial feature modeling.,Partial,"The study uses a public dataset (RAVDESS) and mentions the optimizers and epoch count (30 with early stopping). However, it falls short on full reproducibility as critical hyperparameters like batch size, learning rate, and specific loss functions are either omitted or ""Not reported.""",Partial,"The dataset is well-identified as the RAVDESS public database, detailing the sample size (24 actors), modalities (video facial expressions), and classes (8 emotions). However, key demographic details such as age range and gender distribution are ""Not reported.""",Yes,"The study utilizes a highly comprehensive suite of metrics suitable for the task, reporting Accuracy (98–99%), Precision, Recall, F1-Score, AUC-ROC, Mean Absolute Error (MAE), and providing a Confusion Matrix.",Yes,"The models are thoroughly benchmarked against various baselines (SVM, CNN, LSTM, XGBoost) and State-of-the-Art (SOTA) approaches. Additionally, the study conducted both an ablation study and statistical significance testing.",Yes,"The study implements LIME (Local Interpretable Model-Agnostic Explanations) for explainability, and the final extraction explicitly confirms that XAI was sufficiently evaluated.",Yes,"The authors openly report multiple limitations, including dataset constraints (controlled laboratory environment, limited diversity), model vulnerabilities (poor lighting, facial occlusion, overfitting risk), and deployment challenges (edge-device latency and high computational requirements)."
4,Aly 2023,Enhancing Facial Expression Recognition System in Online Learning Context Using Efficient Deep Learning Model,Sarbajit Paul Bappy,"Aly, M., Ghallab, A., & Fathi, I. S. (2023). Enhancing facial expression recognition system in online learning context using efficient deep learning model. IEEE Access, 11, 121419-121431. https://doi.org/10.1109/ACCESS.2023.3325407",2023,Enhancing Facial Expression Recognition System in Online Learning Context Using Efficient Deep Learning Model,IEEE Access,Proof-of-concept / Empirical,To enhance facial expression recognition accuracy in online learning contexts by refining the ResNet-50 architecture (adjusting the residual down-sampling module and integrating the CBAM attention mechanism) and to develop an online learning status monitoring system that dynamically refines teaching strategies based on students' recognized emotional states.,"RQ1 (DL Methodology), RQ3 (Performance Metrics), RQ4 (Real-time Deployment/Limitations)",Egypt / Yemen (Based on author affiliations),"Not specified (General ""online learning"")",Custom online educational platform / Real classroom camera capture,"Not applicable (Uses public benchmark datasets, not live human subject recruitment for the DL evaluation)","RAF-DB (29,672 images), FER2013 (35,886 images), CK+ (593 images), KDEF (490 images)",CK+ dataset specifies 18-30 years; others NR,CK+ dataset specifies 65% women / 35% men; KDEF specifies 35 women / 35 men; others NR,"RAF-DB, FER2013, CK+, KDEF",Public,Static image,"7 basic emotions (surprise, fear, disgust, happiness, sadness, anger, neutral)",Expert labellers / Crowdsourced (RAF-DB annotated by 40 individuals; others standard public benchmarks),Mixed (RAF-DB & FER2013 = In-the-wild/Online; CK+ & KDEF = Lab-controlled),"Not stated (Though authors note RAF-DB has uneven distribution for fear/disgust, no explicit mitigation technique like SMOTE is mentioned)",Not stated,CNN / Hybrid (CNN + Attention),ResNet-50 (Modified with CBAM and adjusted residual down-sampling module),N/A (Unimodal - Facial),N/A,"None (Static image processing, though system captures images every 10 seconds)","Yes (CBAM - Convolutional Block Attention Module, incorporating Channel Attention and Spatial Attention)","Partially (Implied standard ResNet-50 base weights used, though not explicitly stated, fine-tuning is mentioned)","Full fine-tuning / Architecture modification (Original ResNet-50 adjusted: 1x1 conv stride changed to 1, 2x2 average pooling added, CBAM inserted into residual blocks)",Not stated,SGD (Stochastic gradient descent),lr=0.0001,16,Not stated,"Not stated (Authors mention avoiding overfitting by adjusting parameters, but no specific reg technique like dropout is detailed)",No,"N/A (Attention mechanism is used as a architectural component for feature weighting, not explicitly as an XAI tool for generating explanations)",N/A,No,Yes,Yes,32 FPS on GPU; 14 FPS on CPU; 19 FPS on Jetson Nano. Run-time: 61s for 1492 CK+ images; 115s for 2920 RAF-DB images.,"Edge device (Jetson Nano), GPU, CPU","Not specified (Mentions ""detect and localize the face"" but does not name the detector like MTCNN/YOLO)",Prototype only (Custom online learning system architecture proposed and visualized),"Yes (System evaluates focus, difficulty, engagement, involvement rate, and learning preference, providing feedback/recalibration of curriculum to the student/platform)",None,FER (facial expression recognition),"7 basic (Ekman) + Neutral (Happiness, Disgust, Anger, Surprise, Sadness, Fear, Neutral)",87.62% (RAF-DB); 88.13% (FER2013 Public Test); 94.58% (CK+); 93.20% (KDEF),Not reported,Not reported,Yes (For RAF-DB and FER2013 public/private sets),Not reported,Not reported,"Original ResNet-50, Arriaga et al., J. Li et al., Subramanian et al., Borgalli et al., Kunyoung Lee, Jiarui Zhong, Hongmei Zhong, Bodapati et al., Sajjad et al., Haq et al., Liu et al., PG-CNN, SCN.",Yes,"Partially (Compared original ResNet-50 vs. Improved ResNet-50 on RAF-DB and FER2013 via confusion matrices, but no granular ablation of CBAM vs. residual module adjustment)",No,"Yes (Trained on RAF-DB/FER2013 training sets, evaluated on CK+, KDEF, and test splits)",88.13% accuracy on FER2013 (Public Test); 87.62% on RAF-DB; 94.58% on CK+; 93.20% on KDEF. Outperformed most SOTA methods in accuracy and runtime.,No,None reported,None,No,None,"Uneven expression distribution in RAF-DB (fewer fear/disgust samples); presence of compound expressions in datasets making training challenging; minimal distinctions among similar expressions (e.g., disgust vs. anger) in FER2013; slightly reduced robustness on in-the-wild datasets (RAF-DB) compared to in-the-lab (CK+).","Accuracy on RAF-DB (86.72% in Table 5) is 0.31% below state-of-the-art SCN; misjudgment rates are comparatively higher for subtle expressions (disgust, anger, fear).",N/A,"None explicitly stated (authors claim efficiency, though 14 FPS on standard CPU may be borderline for smooth real-time video depending on frame rate requirements).",Current FER in online learning uses large models with limited accuracy; feature extraction struggles with noise/irrelevant data; lack of systems providing real-time intelligent feedback to students based on emotional states.,"Exploration of various ResNet layers and ResNet variants (Wide Residual Network/WRN, ResNeXt, MobileNet) for facial emotion recognition.",Yes,The study explicitly states its aim to enhance facial expression recognition accuracy for online learning by refining the ResNet-50 architecture (adjusting the residual down-sampling module and integrating CBAM) and to develop an online learning monitoring system that uses these recognitions to dynamically adjust teaching strategies.,Yes,Modifying a proven CNN architecture (ResNet-50) with an attention mechanism (CBAM) and improved downsampling techniques to preserve spatial correlations is a highly appropriate and standard deep learning methodology for addressing FER feature extraction challenges and improving accuracy.,Partial,"The optimizer (SGD), learning rate (0.0001), batch size (16), and software framework (PyTorch) are provided, and all datasets are public. However, the code and model weights are not released, the loss function is omitted, and the number of training epochs is not stated, making exact replication difficult.",Partial,"The source, size, and class labels of the datasets are well described, and demographic info for CK+ and KDEF is provided. However, exact per-class distribution numbers are only given for the RAF-DB training set, and data annotation methods for FER2013/KDEF are not detailed.",Partial,"Overall accuracy is reported, and confusion matrices provide per-class breakdowns. However, given the explicitly acknowledged class imbalance (especially in RAF-DB and FER2013), precision, recall, or F1-score should have been reported to adequately represent performance on minority classes like fear and disgust.",Yes,"The study extensively compares its proposed model against the unmodified baseline (original ResNet-50) and multiple recent state-of-the-art methods across four benchmark datasets (RAF-DB, FER2013, CK+, KDEF). However, no statistical significance tests (e.g., p-values) were conducted.",Not Reported,"Explainable AI methods were neither implemented nor evaluated. While CBAM is an attention mechanism used structurally to improve feature extraction and accuracy, the authors did not provide any explainability analysis (such as visualizing the attention maps) to validate what the model was focusing on.",Partial,"The authors implicitly acknowledge dataset limitations by noting the uneven distribution of emotions and the presence of compound expressions, as well as lower robustness on in-the-wild datasets. However, they do not explicitly discuss broader model weaknesses, privacy concerns regarding camera monitoring, or formal threats to validity."
4,Aly 2023,Enhancing Facial Expression Recognition System in Online Learning Context Using Efficient Deep Learning Model,Consensus,"Aly, M., Ghallab, A., & Fathi, I. S. (2023). Enhancing facial expression recognition system in online learning context using efficient deep learning model. IEEE Access, 11, 121419-121431. https://doi.org/10.1109/ACCESS.2023.3325407",2023,Enhancing Facial Expression Recognition System in Online Learning Context Using Efficient Deep Learning Model,IEEE Access,Proof-of-concept / Empirical,To enhance facial expression recognition accuracy in online learning contexts by refining the ResNet-50 architecture (adjusting the residual down-sampling module and integrating the CBAM attention mechanism) and to develop an online learning status monitoring system that dynamically refines teaching strategies based on students' recognized emotional states.,"RQ1 (DL Methodology), RQ3 (Performance Metrics), RQ4 (Real-time Deployment/Limitations)",Egypt / Yemen (Based on author affiliations),"Not specified (General ""online learning"")",Custom online educational platform / Real classroom camera capture,"Not applicable (Uses public benchmark datasets, not live human subject recruitment for the DL evaluation)","RAF-DB (29,672 images), FER2013 (35,886 images), CK+ (593 images), KDEF (490 images)",CK+ dataset specifies 18-30 years; others NR,CK+ dataset specifies 65% women / 35% men; KDEF specifies 35 women / 35 men; others NR,"RAF-DB, FER2013, CK+, KDEF",Public,Static image,"7 basic emotions (surprise, fear, disgust, happiness, sadness, anger, neutral)",Expert labellers / Crowdsourced (RAF-DB annotated by 40 individuals; others standard public benchmarks),Mixed (RAF-DB & FER2013 = In-the-wild/Online; CK+ & KDEF = Lab-controlled),"Not stated (Though authors note RAF-DB has uneven distribution for fear/disgust, no explicit mitigation technique like SMOTE is mentioned)",Not stated,CNN / Hybrid (CNN + Attention),ResNet-50 (Modified with CBAM and adjusted residual down-sampling module),N/A (Unimodal - Facial),N/A,"None (Static image processing, though system captures images every 10 seconds)","Yes (CBAM - Convolutional Block Attention Module, incorporating Channel Attention and Spatial Attention)","Partially (Implied standard ResNet-50 base weights used, though not explicitly stated, fine-tuning is mentioned)","Full fine-tuning / Architecture modification (Original ResNet-50 adjusted: 1x1 conv stride changed to 1, 2x2 average pooling added, CBAM inserted into residual blocks)",Not stated,SGD (Stochastic gradient descent),lr=0.0001,16,Not stated,"Not stated (Authors mention avoiding overfitting by adjusting parameters, but no specific reg technique like dropout is detailed)",No,"N/A (Attention mechanism is used as a architectural component for feature weighting, not explicitly as an XAI tool for generating explanations)",N/A,No,Yes,Yes,32 FPS on GPU; 14 FPS on CPU; 19 FPS on Jetson Nano. Run-time: 61s for 1492 CK+ images; 115s for 2920 RAF-DB images.,"Edge device (Jetson Nano), GPU, CPU","Not specified (Mentions ""detect and localize the face"" but does not name the detector like MTCNN/YOLO)",Prototype only (Custom online learning system architecture proposed and visualized),"Yes (System evaluates focus, difficulty, engagement, involvement rate, and learning preference, providing feedback/recalibration of curriculum to the student/platform)",None,FER (facial expression recognition),"7 basic (Ekman) + Neutral (Happiness, Disgust, Anger, Surprise, Sadness, Fear, Neutral)",87.62% (RAF-DB); 88.13% (FER2013 Public Test); 94.58% (CK+); 93.20% (KDEF),Not reported,Not reported,Yes (For RAF-DB and FER2013 public/private sets),Not reported,Not reported,"Original ResNet-50, Arriaga et al., J. Li et al., Subramanian et al., Borgalli et al., Kunyoung Lee, Jiarui Zhong, Hongmei Zhong, Bodapati et al., Sajjad et al., Haq et al., Liu et al., PG-CNN, SCN.",Yes,"Partially (Compared original ResNet-50 vs. Improved ResNet-50 on RAF-DB and FER2013 via confusion matrices, but no granular ablation of CBAM vs. residual module adjustment)",No,"Yes (Trained on RAF-DB/FER2013 training sets, evaluated on CK+, KDEF, and test splits)",88.13% accuracy on FER2013 (Public Test); 87.62% on RAF-DB; 94.58% on CK+; 93.20% on KDEF. Outperformed most SOTA methods in accuracy and runtime.,No,None reported,None,No,None,"Uneven expression distribution in RAF-DB (fewer fear/disgust samples); presence of compound expressions in datasets making training challenging; minimal distinctions among similar expressions (e.g., disgust vs. anger) in FER2013; slightly reduced robustness on in-the-wild datasets (RAF-DB) compared to in-the-lab (CK+).","Accuracy on RAF-DB (86.72% in Table 5) is 0.31% below state-of-the-art SCN; misjudgment rates are comparatively higher for subtle expressions (disgust, anger, fear).",N/A,"None explicitly stated (authors claim efficiency, though 14 FPS on standard CPU may be borderline for smooth real-time video depending on frame rate requirements).",Current FER in online learning uses large models with limited accuracy; feature extraction struggles with noise/irrelevant data; lack of systems providing real-time intelligent feedback to students based on emotional states.,"Exploration of various ResNet layers and ResNet variants (Wide Residual Network/WRN, ResNeXt, MobileNet) for facial emotion recognition.",Yes,"",Yes,"",Partial,"",Partial,"",Partial,"",Yes,"",Not Reported,"",Partial,""
1,Lawpanom 2024,Advancing Facial Expression Recognition in Online Learning Education Using a Homogeneous Ensemble Convolutional Neural Network Approach,Sarbajit Paul Bappy,"Lawpanom, R., Songpan, W., & Kaewyotha, J. (2024). Advancing facial expression recognition in online learning education using a homogeneous ensemble convolutional neural network approach. Applied Sciences, 14(3), 1156. https://doi.org/10.3390/app14031156",2024,Advancing Facial Expression Recognition in Online Learning Education Using a Homogeneous Ensemble Convolutional Neural Network Approach,Applied Sciences,Primary empirical," To present an innovative approach to FER using a homogeneous ensemble convolutional neural network (HoE-CNN) to improve classification performance on imbalanced, multi-class FER datasets, and to transfer this model for future online learning education applications.","RQ1 (DL Methodology), RQ2 (Datasets), RQ3 (Performance), RQ4 (Limitations)",Thailand (Khon Kaen University),"Higher Ed / Mixed (General online learning/education context)
","Online learning environment (mentions Zoom, Google Meets as application areas; model transfer to real-time video via camera proposed)","Not applicable (Uses pre-existing image dataset)
","35,887 images",NR,"Both male and female subjects (specific % NR)
",FER2013,Public,Static image,"7 classes (Angry, Disgust, Fear, Happy, Sad, Surprise, Neutral)
", Crowdsourced / Manual (Noted as approximately 65% accurate manual annotation),"In-the-wild (Various levels of exposure, illumination, and occlusions)","Yes (The ensemble method itself is proposed to handle the imbalanced data and yield better performances on minority classes like ""disgust"")
","Yes (Rescaling, horizontal flip, random zoom, feature wise centering, rotation, horizontal and vertical shifts)",Hybrid (Homogeneous Ensemble of CNNs),"HoE-CNN (Ensemble of DCNN, EfficientNetB2, InceptionResNetV2, ResNet50, Xception, DenseNet, and VGG16)
",N/A (unimodal),N/A,"None (Static images; mentions frame extraction at 30 FPS for future real-time application, but no temporal modeling in the network)",No," Partially (Models like VGG16, ResNet50, etc., typically use ImageNet pre-training, though the text only explicitly mentions ""fine-tune the different hyperparameters"" and ""transfer the knowledge of models"")
","Last N layers / Full fine-tuning (Hyperparameters like learning rates are specifically tuned per model)
",Not explicitly named (Categorical Cross-Entropy implied for multi-class),"Adam (for most models), SGD (for VGG16)","Varies by model (Adam: 0.001, 0.005, 0.0001; SGD: 0.01)
","32 or 64 (varies by model)
",100 epochs,None explicitly mentioned,"No
"," N/A
",N/A,"Yes (In the discussion: ""Ensemble methods often sacrifice interpretability for improved accuracy. Understanding the decision-making process of an ensemble method can be challenging due to the complexity introduced by multiple classifiers."")
","Proposed only (Framework describes transferring model to real-time video via camera for online learning, but evaluation is only on static dataset)",No,N/A,"Not specified (Training hardware: Linux, Intel Core i9-11900, 32GB RAM, NVIDIA GeForce 1060 6GB)",Not specified (Mentions generic face detection and landmark extraction),Proposed only (Conceptual diagram provided for integration into online learning settings like Zoom/Google Meets), Proposed only (Mentions that FER can provide educators with insights into engagement and emotional responses)," None (Acknowledges ethical considerations like privacy and bias in literature review, but implements no specific measures)","FER (facial expression)
",7 basic emotions,"75.15% (7-ensemble), 73.73% (6-ensemble)",Not explicitly reported as aggregate scores (only visual true positive rates per class discussed from confusion matrix),NR,Yes,NR,N/A,"Individual models (Xception, DCNN, EfficientNetB2, VGG16, DenseNet, ResNet50, InceptionResNetV2)
","Yes (Compared against VGG Finetune, ResNet like-Ensembles, LHC-Net, Hybrid CNN-SIFT)
",Yes (Compared 6-ensemble vs. 7-ensemble vs. individual single models),No,No,"75.15% accuracy on FER2013 using the HoE-7 ensemble CNN model, outperforming single CNN models and existing SOTA methods on the same dataset.",No,"None reported (Acknowledges ""bias and fairness"" as a general ethical issue in literature review)",None,No,None,"Severe class imbalance in FER2013 (disgust class is very small); dataset annotation is only ~65% accurate; difficult to classify angry, sad, and fear classes.
",Ensemble methods sacrifice interpretability; computationally expensive and time-consuming to train (scalability issues); susceptible to noisy/corrupted data.,Complexity introduced by multiple classifiers makes understanding the decision-making process challenging.,"Not tested in real-time; student face detection problems (non-face detection, camera limitations) in actual online learning environments.","Single deep learning methods are not robust with complex, imbalanced, multi-class FER datasets; existing approaches encounter bottlenecks in accuracy. There is a lack of FER models specifically transferred to online learning environments.","Develop techniques for providing insights into ensemble decisions (XAI); explore parallel/distributed computing for scalability; develop robust aggregation and noise removal techniques; implement and test the model in actual online learning environments to address camera and non-face detection issues.
",Yes,The study explicitly aims to present an innovative approach to FER using a homogeneous ensemble CNN (HoE-CNN) to improve classification on imbalanced/multi-class datasets and transfer this model for future online learning applications.,Yes,Using a homogeneous ensemble of well-established CNN architectures is a sound and appropriate methodology to address the stated problems of class imbalance and the limitations of single models struggling with complex multi-class data.,Partial," The dataset is public, and detailed hyperparameters (learning rate, batch size, optimizer, epochs) are provided for each individual model in the ensemble. However, the specific code/weights are not released, the exact ensemble aggregation logic (Equation 1) is slightly ambiguously formatted in the text, and the base model pre-training details are assumed but not explicitly documented.",Yes,"The dataset (FER2013), size (35,887), data splits, image resolution (48x48), class labels, and class imbalance (with specific distribution charts) are thoroughly described. The paper even notes the inherent noise/limitation of the dataset (~65% annotation accuracy).
",Partial,"Accuracy is reported and a confusion matrix is provided. However, for a dataset with severe class imbalance (which the authors identify as a key challenge), relying primarily on overall accuracy is insufficient. Precision, Recall, and F1-score (which are mentioned in the method section) are not explicitly reported as aggregate numerical values in the results section.",Yes,"The proposed ensemble is thoroughly compared against its individual constituent models (ablation) and compared against four recent SOTA methods on the FER2013 dataset.
",No,"XAI is not implemented or evaluated. The authors correctly identify in their discussion that ensemble methods sacrifice interpretability and that this is a challenge, but no XAI techniques (e.g., Grad-CAM, SHAP) were applied to the models to address this.",Yes,"The authors openly discuss several limitations: the low annotation accuracy and class imbalance of the dataset, the poor performance on specific emotions (fear, sad, angry), the lack of interpretability of the ensemble, the computational scalability issues, and the practical deployment challenges (camera limitations, non-face detection) in real online learning environments."
1,Lawpanom 2024,Advancing Facial Expression Recognition in Online Learning Education Using a Homogeneous Ensemble Convolutional Neural Network Approach,Consensus,"Lawpanom, R., Songpan, W., & Kaewyotha, J. (2024). Advancing facial expression recognition in online learning education using a homogeneous ensemble convolutional neural network approach. Applied Sciences, 14(3), 1156. https://doi.org/10.3390/app14031156",2024,Advancing Facial Expression Recognition in Online Learning Education Using a Homogeneous Ensemble Convolutional Neural Network Approach,Applied Sciences,Primary empirical," To present an innovative approach to FER using a homogeneous ensemble convolutional neural network (HoE-CNN) to improve classification performance on imbalanced, multi-class FER datasets, and to transfer this model for future online learning education applications.","RQ1 (DL Methodology), RQ2 (Datasets), RQ3 (Performance), RQ4 (Limitations)",Thailand (Khon Kaen University),"Higher Ed / Mixed (General online learning/education context)
","Online learning environment (mentions Zoom, Google Meets as application areas; model transfer to real-time video via camera proposed)","Not applicable (Uses pre-existing image dataset)
","35,887 images",NR,"Both male and female subjects (specific % NR)
",FER2013,Public,Static image,"7 classes (Angry, Disgust, Fear, Happy, Sad, Surprise, Neutral)
", Crowdsourced / Manual (Noted as approximately 65% accurate manual annotation),"In-the-wild (Various levels of exposure, illumination, and occlusions)","Yes (The ensemble method itself is proposed to handle the imbalanced data and yield better performances on minority classes like ""disgust"")
","Yes (Rescaling, horizontal flip, random zoom, feature wise centering, rotation, horizontal and vertical shifts)",Hybrid (Homogeneous Ensemble of CNNs),"HoE-CNN (Ensemble of DCNN, EfficientNetB2, InceptionResNetV2, ResNet50, Xception, DenseNet, and VGG16)
",N/A (unimodal),N/A,"None (Static images; mentions frame extraction at 30 FPS for future real-time application, but no temporal modeling in the network)",No," Partially (Models like VGG16, ResNet50, etc., typically use ImageNet pre-training, though the text only explicitly mentions ""fine-tune the different hyperparameters"" and ""transfer the knowledge of models"")
","Last N layers / Full fine-tuning (Hyperparameters like learning rates are specifically tuned per model)
",Not explicitly named (Categorical Cross-Entropy implied for multi-class),"Adam (for most models), SGD (for VGG16)","Varies by model (Adam: 0.001, 0.005, 0.0001; SGD: 0.01)
","32 or 64 (varies by model)
",100 epochs,None explicitly mentioned,"No
"," N/A
",N/A,"Yes (In the discussion: ""Ensemble methods often sacrifice interpretability for improved accuracy. Understanding the decision-making process of an ensemble method can be challenging due to the complexity introduced by multiple classifiers."")
","Proposed only (Framework describes transferring model to real-time video via camera for online learning, but evaluation is only on static dataset)",No,N/A,"Not specified (Training hardware: Linux, Intel Core i9-11900, 32GB RAM, NVIDIA GeForce 1060 6GB)",Not specified (Mentions generic face detection and landmark extraction),Proposed only (Conceptual diagram provided for integration into online learning settings like Zoom/Google Meets), Proposed only (Mentions that FER can provide educators with insights into engagement and emotional responses)," None (Acknowledges ethical considerations like privacy and bias in literature review, but implements no specific measures)","FER (facial expression)
",7 basic emotions,"75.15% (7-ensemble), 73.73% (6-ensemble)",Not explicitly reported as aggregate scores (only visual true positive rates per class discussed from confusion matrix),NR,Yes,NR,N/A,"Individual models (Xception, DCNN, EfficientNetB2, VGG16, DenseNet, ResNet50, InceptionResNetV2)
","Yes (Compared against VGG Finetune, ResNet like-Ensembles, LHC-Net, Hybrid CNN-SIFT)
",Yes (Compared 6-ensemble vs. 7-ensemble vs. individual single models),No,No,"75.15% accuracy on FER2013 using the HoE-7 ensemble CNN model, outperforming single CNN models and existing SOTA methods on the same dataset.",No,"None reported (Acknowledges ""bias and fairness"" as a general ethical issue in literature review)",None,No,None,"Severe class imbalance in FER2013 (disgust class is very small); dataset annotation is only ~65% accurate; difficult to classify angry, sad, and fear classes.
",Ensemble methods sacrifice interpretability; computationally expensive and time-consuming to train (scalability issues); susceptible to noisy/corrupted data.,Complexity introduced by multiple classifiers makes understanding the decision-making process challenging.,"Not tested in real-time; student face detection problems (non-face detection, camera limitations) in actual online learning environments.","Single deep learning methods are not robust with complex, imbalanced, multi-class FER datasets; existing approaches encounter bottlenecks in accuracy. There is a lack of FER models specifically transferred to online learning environments.","Develop techniques for providing insights into ensemble decisions (XAI); explore parallel/distributed computing for scalability; develop robust aggregation and noise removal techniques; implement and test the model in actual online learning environments to address camera and non-face detection issues.
",Yes,"",Yes,"",Partial,"",Yes,"",Partial,"",Yes,"",No,"",Yes,""
