Covidence #,Study ID,Title,Reviewer Name,Full Citation (APA 7th),Year of Publication,Title of Study,Source / Venue,Study Design / Type,Research Objective(s),Research Questions Addressed,Country / Geographic Context,Educational Level Targeted,E-Learning Platform / Setting,Participant Type,Sample Size (N),Age Range / Grade Level,Gender Distribution,Dataset Name(s),Dataset Type,Modality/ies in Dataset,Number of Classes / Labels,Label Annotation Method,Data Collection Context,Class Imbalance Addressed?,Data Augmentation Applied?,Primary DL Architecture,Specific Model / Variant,Modality Fusion Strategy,Modalities Fused,Temporal Modeling Approach,Attention Mechanism Used?,Pre-trained Weights Used?,Fine-tuning Strategy,Loss Function(s),Optimizer,Learning Rate / Scheduler,Batch Size,Number of Epochs / Training Duration,Regularisation Techniques,XAI Implemented?,XAI Method(s) Used,XAI Evaluation Method,XAI Limitations Noted?,Real-Time Capability Claimed?,Inference Speed / Latency Reported?,Inference Speed Value,Deployment Environment,Detection Framework Used,Integration with LMS / Platform?,Teacher Dashboard / Feedback System?,Privacy / Data Security Measures,Task Type,Emotion / Affect Categories,Accuracy (%),Precision / Recall / F1-Score,AUC-ROC,Confusion Matrix Reported?,Mean Absolute Error (MAE) / MSE / RMSE,Concordance Correlation (CCC),Baseline / Benchmark Comparisons,State-of-the-Art (SOTA) Comparison?,Ablation Study Conducted?,Statistical Significance Testing,Cross-Dataset Validation?,Best Result Achieved (Summary),Demographic Bias Assessed?,Bias Types Identified,Bias Mitigation Methods,Cross-Cultural Validity Discussed?,Fairness Metrics Reported?,Dataset Limitations,Model / Technical Limitations,Explainability Limitations,Real-Time / Deployment Limitations,Identified Research Gap ,Proposed Future Work ,Clear Research Objective,Clear Research Objective supporting text,Appropriate Methodology,Appropriate Methodology supporting text,Reproducibility,Reproducibility supporting text,Dataset Adequately Described,Dataset Adequately Described supporting text,Appropriate Evaluation Metrics,Appropriate Evaluation Metrics supporting text,Comparison to Baselines / SOTA,Comparison to Baselines / SOTA supporting text,XAI Sufficiently Evaluated,XAI Sufficiently Evaluated supporting text,Limitations Explicitly Acknowledged,Limitations Explicitly Acknowledged supporting text,Architecture_Family,Clear Research Objective_clean,Appropriate Methodology_clean,Reproducibility_clean,Dataset Adequately Described_clean,Appropriate Evaluation Metrics_clean,Comparison to Baselines / SOTA_clean,XAI Sufficiently Evaluated_clean,Limitations Explicitly Acknowledged_clean,XAI Implemented?_clean,Year,Country_clean,RealTime_clean,Latency_clean
1007,Hayashi 2024,"Modeling Synchronization for Detecting Collaborative Learning Process Using a Pedagogical Conversational Agent: Investigation Using Recurrent Indicators of Gaze, Language, and Facial Expression",Consensus,"Hayashi, Y. (2024). Modeling synchronization for detecting collaborative learning process using a pedagogical conversational agent: Investigation using recurrent indicators of gaze, language, and facial expression. International Journal of Artificial Intelligence in Education, 34(4), 1206–1247. https://doi.org/10.1007/s40593-023-00381-y",2024,"Modeling Synchronization for Detecting Collaborative Learning Process Using a Pedagogical Conversational Agent: Investigation Using Recurrent Indicators of Gaze, Language, and Facial Expression",International Journal of Artificial Intelligence in Education,Primary empirical study (laboratory experiment).,"Methods that facilitate successful collaborative learning processes and performances using a Pedagogical Conversational Agent (PCA).
Indicators (gaze synchronization, language conformance, and emotional matching) that can automatically detect successful coordination processes during collaborative learning.","RQ1: Deep learning / AI-based learning support system (PCA) for collaborative learning detection.
RQ4: Real-time multimodal indicators for detecting collaborative learning processes.
RQ5: Research gaps and future directions for intelligent tutoring systems using multimodal synchronization indicators.",Japan,Higher Education (University Students),Computer-mediated collaborative learning environment using a Pedagogical Conversational Agent (PCA) in a non-face-to-face jigsaw-based knowledge integration task.,Students,44 university students,"University students
Mean age = 20.79 years

SD = 1.93 years","Female = 24
Male = 20","No external dataset used.

Custom experimental multimodal dataset collected during collaborative learning sessions.",Custom,"Gaze tracking
Audio / Speech
Text transcripts
Facial expressions
Emotional states (FaceReader output)","Joy
Anger
Sadness
Surprise
Fear
Disgust",Automatic emotion classification using FaceReader software based on FACS. Manual reliability checking by two coders.,Laboratory-based collaborative learning task using PCA facilitation and eye-tracking.,Not stated.,No.,"Not applicable.

No deep learning model was developed.

Study focused on multimodal synchronization indicators.",Not applicable.,"Gaze recurrence
Language conformance
Emotional matching",Gaze + Language + Facial Expression/Emotion,Recurrence analysis using ±2000 ms synchronization windows.,No,No,Not applicable.,Not applicable.,Not applicable.,Not applicable.,Not applicable.,Not applicable.,Not applicable.,No,,,No,Yes,No,Not reported.,Computer-mediated collaborative learning environment using PCA.,"Pedagogical Conversational Agent (PCA)
Tobii X2-30 eye tracker
FaceReader
RMeCab morphological analysis
Wizard-of-Oz speech processing",No,No,Ethical approval obtained from Ritsumeikan University Ethics Committee.,Collaborative Learning Process Detection,"Joy
Anger
Sadness
Surprise
Fear
Disgust",Not applicable.,Not applicable.,Not applicable.,No,No,No,"Comparison between:

PCA Intervention Condition
Control Condition (without PCA)",No,No,"Yes
ANOVA and regression analyses.

Examples:

Performance: F(1,42)=32.165, p<0.001
Collaborative Process: F(7,294)=4.051, p=0.001",No,"PCA intervention significantly improved collaborative learning performance and collaborative process quality.
Recurrence indicators successfully predicted several collaborative learning process variables.",No,None reported.,None reported.,No,,"Small sample size:

11 dyads per condition.","No real-world deployment validation.

Laboratory-based task only.",Not applicable.,"Conducted in controlled laboratory environment.
Need validation in naturalistic and classroom settings.
Need more diverse learners and educational contexts.",There is limited research on multimodal synchronization indicators that automatically detect collaborative learning coordination and common-ground formation using intelligent tutoring systems and PCAs.,"Real-time detection using PCA systems.
Validation in naturalistic learning environments.
Classroom-based collaborative learning studies.
Larger and more diverse participant populations.
Investigation of age and educational-level effects.
Study additional collaborative processes such as:
Knowledge co-construction
Social interaction
Regulatory interaction
Face-to-face collaboration settings",Yes,,Yes,,Partial,,Partial,,Yes,,Partial,,Not Reported,,Yes,,Other/NA,Yes,Yes,Partial,Partial,Yes,Partial,No,Yes,No,2024,Japan,Claimed,No
671,Liu 2021,Facial expression recognition method with multi-label distribution learning for non-verbal behavior understanding in the classroom,Consensus,"Liu, T., Wang, J., Yang, B., & Wang, X. (2021). Facial expression recognition method with multi-label distribution learning for non-verbal behavior understanding in the classroom. Infrared Physics & Technology, 112, 103594. https://doi.org/10.1016/j.infrared.2020.103594",2021,Facial expression recognition method with multi-label distribution learning for non-verbal behavior understanding in the classroom,"Infrared Physics & Technology, Volume 112, Article 103594.",Experimental deep learning study proposing an infrared facial expression recognition framework based on multi-label distribution learning for classroom non-verbal behavior understanding.,"Develop an infrared facial expression recognition method using multi-label distribution learning.
Address ambiguity among facial expressions using Cauchy distribution-based labels.
Improve classroom non-verbal behavior understanding through robust FER.
Achieve better recognition performance than existing FER methods.","RQ1: Can multi-label distribution learning improve infrared facial expression recognition?

RQ2: Can Cauchy-distribution labels better model ambiguous facial expressions?

RQ3: Can the proposed CDLLNet outperform existing state-of-the-art FER methods?

RQ4: Can FER support classroom non-verbal behavior understanding?",China.,K–12 classroom education,Classroom learning behavior analysis and non-verbal behavior understanding. FER is proposed as a tool for analyzing student and teacher behaviors in intelligent classrooms.,"Subjects contained in FER datasets.
Classroom students used in multi-person classroom demonstration scenarios.",Not directly reported for classroom experiments.,Not reported.,Not reported.,"Oulu-CASIA NIR Database
CK+ (Extended Cohn-Kanade Dataset)",Public facial expression recognition datasets.,"Near Infrared (NIR) facial images
RGB facial images
Facial video sequences","Anger
Fear
Happy
Neutral
Surprise
Sadness
Disgust",Ground-truth facial expression labels provided by benchmark datasets.,Not fully reported.,Not reported.,Not reported.,CDLLNet (Cauchy Distribution Label Learning Network),GoogleNet.,Not reported.,Not reported.,Not reported.,Not reported.,"Yes.

GoogleNet is used as a pre-trained network for feature extraction.",Fine-tuning performed on target FER datasets.,KL-divergence + L2 regularization,Mini-batch Gradient Descent,Not reported.,Not reported.,Not reported.,Not reported.,Yes,Grad-CAM (Gradient-weighted Class Activation Mapping).,Not reported.,Not reported.,"Partial.

System demonstrated on classroom crowd images but no latency measurements reported.",Not reported.,Not reported.,Classroom teaching environments.,Not reported.,Not reported.,Not reported.,Not reported.,Not Reported,"Anger
Fear
Happy
Neutral
Surprise
Sadness
Disgust","Method	Accuracy
LBP-FER	70.12%
E3DNet	79.21%
MA-FER	84.56%
DBMNet	85.36%
CDLLNet	86.28%",Not Reported,Not Reported,Not Reported,Not Reported,Not Reported,"LBP-FER
E3DNet
MA-FER
DBMNet",No,No,No,No,"86.71% on Oulu-CASIA
83.14% on CK+",No.,Not reported.,Not reported.,Not reported.,"Limited.

Only dataset sources are reported. No demographic breakdown provided.",Not explicitly discussed.,"Authors identify challenges caused by:

Occlusion
Head pose variation
Random noise
Low-quality infrared images",Not explicitly discussed.,Not explicitly discussed.,"Existing FER methods rely on single-label classification.
Ambiguous expressions are difficult to model.
Infrared FER remains challenging due to noise and low-quality images.
Classroom behavior understanding requires more robust FER methods.","Integrate Graph Neural Networks (GNNs).
Introduce attention mechanisms.
Improve infrared expression recognition performance.
Enhance classroom behavior analysis systems.",Yes,,Yes,,Partial,,Partial,,Yes,,Yes,,Partial,,Partial,,CNN/Hybrid,Yes,Yes,Partial,Partial,Yes,Yes,Partial,Partial,Yes,2021,China.,Not Evaluated,No
602,Kumar 2022,Multilayer Neural Network Based Speech Emotion Recognition for Smart Assistance,Consensus,"Kumar, S., Haq, M. A., Jain, A., Jason, C. A., Moparthi, N. R., Mittal, N., & Alzamil, Z. S. (2023). Multilayer Neural Network Based Speech Emotion Recognition for Smart Assistance. Computers, Materials & Continua, 74(1), 1524–1540. https://doi.org/10.32604/cmc.2023.028631",2023,Multilayer Neural Network Based Speech Emotion Recognition for Smart Assistance,"Computers, Materials & Continua", Primary empirical / Proof-of-concept (Hardware-software integration),"To propose an intelligent SER assistant that identifies emotions via voice messages using a Multilayer Perceptron (MLP), and controls electronic peripherals (buzzer and LEDs) for alert actions, particularly for monitoring individuals in isolation.","RQ1 (DL Methodology), RQ2 (Datasets), RQ3 (Performance), RQ4 (Limitations)
","India / Saudi Arabia (Author affiliations)
",Not specified,N/A (Mentions e-learning as a general application area in the introduction),"Not applicable (Uses pre-existing audio datasets)
","RAVDESS: 7356 files; TIMIT: 630 speakers; Emo-DB: 535 samples (as per Table 3)
",NR,"50% male / 50% female (12 male, 12 female actors); Emo-DB / TIMIT: NR","RAVDESS, TIMIT Corpus, Emo-DB",Public,Audio,"7 emotions (Worry, Surprise, Neutral, Sadness, Happiness, Hate, Love)
",Not stated (Simulated/acted by professional actors for RAVDESS/Emo-DB),Lab-controlled (Acted speech),"Not stated
","Not stated
",CNN / RNN / LSTM / Bi-LSTM / GRU / CNN-LSTM / CNN-GRU / Transformer / ViT / Hybrid -> Other: ANN / MLP (Multilayer Perceptron),MLP with 17 hidden layers,N/A (unimodal),,"None
",No,No,"N/A
","Not explicitly named (Uses Backpropagation)
",Not explicitly named (Gradient descent via backpropagation),"lr=0.9 (Stated in text: ""improve the accuracy by learning rate (0.9)"")",NR,NR,"None
",No,,,No,Yes (Designed for real-time hardware deployment),Yes (Time taken reported),"RAVDESS: 5.13s; TIMIT: 3.62s; Emo-DB: 0.01s (Time for compilation/output generation)
", Edge device (Raspberry Pi 3 Model B+),"Other (VNC viewer, SSH for encrypted data transfer, Python 3.8.3)
",No,"Yes (Hardware-based: Buzzer beeps 1-4 times depending on negative emotions [Love, Worry, Hate, Sadness]; Green LED for Happiness/Surprise; White LED for Neutral)
","Partially (SSH mentioned for encrypted data transfer between Pi and system, but no data anonymization or federated learning)",Sentiment classification / Speech Emotion Recognition (SER),"Custom taxonomy (7 emotions: Worry, Surprise, Neutral, Sadness, Happiness, Hate, Love)","RAVDESS: 81.02%; TIMIT: 84.23%; Emo-DB: 86.71%
",NR,NR,"No
",Error Rate (%) reported: RAVDESS: 19.79%; TIMIT: 15.77%; Emo-DB: 14.88%,"N/A (Also uses custom SPAB metric = 5.173, 5.124, 4.812 respectively)
","GMM, SVM","Partial (Compared only against traditional ML baselines GMM and SVM, not recent DL SOTA)
",No,No,"No (Trained and tested separately on three datasets)
","86.71% accuracy on the Emo-DB dataset using the MLP classifier, with an error rate of 14.88% and execution time of 0.01s.",No,None reported,,No (Though notes speech relies heavily on culture/language as a general challenge),,Accuracy still needs improvement (highest is 86.71%); limited to acted/lab speech.,"High learning rate (0.9) is unusually high and may cause instability; lack of modern DL baseline comparisons; mapping standard datasets to custom 7 emotions (e.g., mapping Anger to Hate) without clear justification.
",None discussed,Not tested with real-time noisy datasets; execution time reduction on TIMIT not significant compared to existing methods.,"Existing traditional methods (KNN, GMM, ANN) for SER are not optimized, resulting in high computational time and lower accuracy. There is a need for a smart assistant to monitor isolated patients.",Train and test with real-time datasets to improve performance; include camera modules (video/multimodal) and other peripherals; apply the system for defense security purposes.,Yes,,Partial,,Partial,,Partial,,Partial,,Partial,,No,,Partial,,Transformer,Yes,Partial,Partial,Partial,Partial,Partial,No,Partial,No,2023,India / Saudi Arabia (Author affiliations),Claimed,Yes
577,Kratzwald 2018,Deep learning for affective computing: Text-based emotion recognition in decision support,Consensus,"Kratzwald, B., Ilić, S., Kraus, M., Feuerriegel, S., & Prendinger, H. (2018). Deep learning for affective computing: Text-based emotion recognition in decision support. Decision Support Systems (preprint version, September 2018).",2018,Deep learning for affective computing: Text-based emotion recognition in decision support.,Decision Support Systems (Preprint).,Primary empirical study; methodological paper; benchmarking study; proof-of-concept deep learning framework.,"To improve text-based emotion recognition using deep learning.
To customize recurrent neural networks for affective computing.
To introduce a transfer learning approach called sent2affect.
To evaluate performance across multiple benchmark datasets for emotion recognition.","RQ1: Deep learning architectures for emotion recognition.
RQ2: Benchmark emotion datasets and their characteristics.
RQ3: Performance comparison against traditional machine learning.
RQ4: Transfer learning and affective computing applications in decision support.
RQ5: Future research directions and dataset limitations.","Switzerland, 
Japan.",Not applicable.,Not applicable.,Text documents / social media posts / literary texts / news headlines / self-reported narratives.v,"Dataset	Samples
Literary Tales (Alm, 2008)	1,207
Election Tweets	1,646
ISEAR	7,666
SemEval Headlines	1,250
General Tweets	7,902
Facebook Posts	2,894",Not applicable.,Not applicable.,"Alm (2008) Literary Tales
Election Tweets Dataset
ISEAR Dataset
SemEval-2007 Headlines Dataset
SemEval-2018 General Tweets Dataset
Facebook Posts Dataset",Public benchmark datasets.,Text only,"8 Basic Emotions

Anger
Anticipation
Disgust
Fear
Joy
Sadness
Surprise
Trust","Mixed:

Expert annotation
Crowdsourcing
Self-reporting
Benchmark competition annotations","Literary stories
Tweets
Facebook posts
Newspaper headlines
Self-reported experiences",Yes.,No.,RNN / LSTM / BiLSTM.,"LSTM
Bidirectional LSTM (BiLSTM)
Sent2Affect Transfer Learning Framework",N/A (text only).,None.,Sequential LSTM processing over text sequences.,No.,Yes.,"Sent2Affect:

Train network on sentiment analysis dataset (~100,000 tweets).
Replace prediction layer.
Fine-tune for emotion recognition.","Weighted Cross-Entropy Loss
Class-weighted loss function",Adam,Not reported.,Not reported.,Training stopped using validation-error monitoring (early stopping),"Dropout layer
Recurrent dropout
Weighted loss
Early stopping",No.,None.,None.,No.,No.,No.,Not reported.,Research benchmarking environment.,"Text-based deep learning framework:

LSTM
BiLSTM
Sent2Affect",No.,No.,Not reported.,"Emotion Classification
Emotion Regression
Affective Computing","Anger
Fear
Joy
Sadness
Trust
Anticipation
Disgust
Surprise",Not reported as primary metric.,Only F1 score,Not reported,No,Mean Squared Error (MSE).,Not reported.,"Compared against:

Random Forest
Support Vector Machine (SVM)",Yes.,"Partial.

Compared:

LSTM vs BiLSTM
Random embeddings vs GloVe
Transfer learning vs non-transfer learning",No.,Yes.,"Classification:

Up to 23.2% F1-score improvement

Regression:

Up to 11.6% MSE improvement

Transfer Learning:

Up to 6.6% additional F1-score improvement",No.,Class imbalance explicitly discussed.,"Weighted loss function.
Class-frequency weighting.",No.,,"Emotion datasets are relatively small.
Dataset annotation schemes vary substantially.
Lack of standardized benchmarks.","Deep learning vulnerable to overfitting on small datasets.
Requires customized architectures.
Emotion recognition more challenging than sentiment analysis.",No explainability mechanism discussed.,Not evaluated for real-time deployment.,"Limited use of deep learning in text-based emotion recognition.
Lack of transfer learning approaches for affective computing.
Absence of standardized emotion datasets.
Small benchmark datasets hinder deep learning effectiveness.","Create larger affective computing datasets.
Standardize annotation schemes.
Improve transfer learning strategies.
Explore additional deep learning architectures.
Extend affective computing to broader decision-support applications.",Yes,,Yes,,Partial,,Yes,,Yes,,Yes,,No,,Yes,,RNN/LSTM,Yes,Yes,Partial,Yes,Yes,Yes,No,Yes,No,2018,Switzerland,Not Claimed,No
517,Sethi 2022,PSU-CNN: Prediction of student understanding in the classroom through student facial images using convolutional neural network,Consensus,"Sethi, K., & Jaiswal, V. (2022). PSU-CNN: Prediction of student understanding in the classroom through student facial images using convolutional neural network. Materials Today: Proceedings, 62, 4957–4964. https://doi.org/10.1016/j.matpr.2022.03.691

",2022,PSU-CNN: Prediction of student understanding in the classroom through student facial images using convolutional neural network,Materials Today: Proceedings,Primary empirical / Proof-of-concept,"To develop an automated computer vision system to predict whether a student is understanding a lecture or not in a face-to-face classroom setting, by classifying facial images into ""Understanding"" or ""Not Understanding"" using ML and DL methods.","RQ1 (Methodology), RQ3 (Performance)",India (Data collected from Shoolini University),Higher Ed (University students),"Real classroom (Face-to-face lecture environment)
",Students," 264 images (from an unspecified number of university students, including both boys and girls)",Not specified,"Not specified (Mentions ""Both boys’ and girl’s images were included"")
",Custom (Shoolini University Student Facial Dataset),Custom (novel),Static image,"2 classes (Understanding, Not Understanding)

","Self-reported (The text states: ""The facial images were tagged with help of student according to their understanding of lecture at that particular moment."")",Lab-controlled / Real classroom (Captured during live lectures using an Honor 6X Android Smartphone HDR camera),Not stated,No,CNN,"PSU-CNN (Custom 17-layer CNN: 4 Convolutional layers, Batch Normalization, ReLU, 3 Max pooling, 1 Fully connected, 1 Dense layer, SoftMax output)","N/A (Unimodal)
","N/A
","None (Static frame analysis)
","No
",No (Model is trained from scratch),,"Not explicitly stated (Likely Cross-entropy given SoftMax classifier)
",Adam,"0.001 (Mentioned under SVM parameters, but likely applies to CNN as well); No scheduler mentioned.
","50 (Mentioned under SVM parameters, but listed in the CNN context section)
",100 epochs,Not stated,No,"N/A

","N/A

",No,"Yes (Text states: ""Hence there is a need to develop a real-time computer vision system..."" and ""This method can also be implemented as a mobile application... to assist online classes."")

",No,,Mobile / Standard PC (Suggested as a future mobile/computer application with a camera and computing facility),"Other (HOG feature extraction used for ML baselines; CNN extracts features natively)

",Proposed only,"Proposed only (Suggests it will assist teachers in identifying students not understanding the lecture live)

",,Engagement detection / FER (facial expression),"2 custom engagement states (Understanding, Not Understanding)
","Yes (Test Accuracy: 92%; Overall Accuracy: 98%)
",No,No,No, Yes (RMSE = 0.07; MAE = 0.05),No,"Yes (Compared against SVM [HOG features] and Naive Bayes. SVM test accuracy: 64%; NB test accuracy: 45%)
",No (Only compared against traditional ML baselines),No,No,No,"PSU-CNN achieved a test accuracy of 92% and an overall accuracy of 98% on the custom dataset, significantly outperforming SVM (64%) and Naive Bayes (45%).",No,None reported,"Not stated (Data split was randomized to ""avoid any kind of bias"" in training/testing, but demographic/algorithmic bias not addressed)","No (Though dataset mentions including ""few international students"", no cultural analysis is done)

",,"Extremely small dataset size (264 images).

","High overall accuracy (98%) vs. test accuracy (92%) suggests severe overfitting on the training data, though not acknowledged by authors.","N/A

","Real-time inference speed/latency was not empirically validated or reported.

","There is a lack of computational systems that directly classify whether a student is understanding a lecture or not based on facial cues in a live classroom setting.
","
Add more student images from different locations to increase dataset size and diversity; Implement and test the method in real-world scenarios.",Yes,"The objective is explicitly stated: ""This paper investigates the idea of performing automated analysis of a student’s understanding of the class participating in active face-to-face classroom teaching... classifying the facial image as 'Understanding' or 'Not Understanding' in the lecture.""
",Yes,"The use of CNN for image classification is appropriate and standard for this type of computer vision task. The comparison against traditional ML techniques (SVM, NB) with feature extractors (HOG) provides a logical baseline to justify the deep learning approach.",Partial,"The authors provide the Python environment, some hyperparameters (lr=0.001, batch=50, epochs=100), and a high-level architectural description (17 layers, filter sizes). However, the custom dataset is not publicly available, and the specific layer configurations/feature map depths are incompletely defined, making exact replication impossible.
",Partial,"The dataset source (Shoolini University), size (264 images), capture device (Honor 6X), and labeling method (self-reported by students) are described. However, crucial details like the exact number of participants, age, gender split, and class distribution (Understanding vs. Not Understanding) are missing.",Partial,"Accuracy, RMSE, and MAE are reported. However, for a small dataset with an unknown class balance, Accuracy alone is insufficient. Precision, Recall, and F1-score are critical to determine if the model is just predicting the majority class, especially given the suspiciously high ""overall accuracy"" of 98% compared to 92% test accuracy.",Partial,"The paper compares its custom CNN against two traditional ML baselines (SVM, Naive Bayes) and proves its superiority. However, it does not compare against any contemporary State-of-the-Art FER or engagement detection deep learning models (e.g., ResNet, VGG, or existing engagement frameworks).",No, No Explainable AI methods were implemented or evaluated in this study.,Partial,"The authors implicitly acknowledge a dataset limitation by stating future work will ""add more students images from different locations."" However, they fail to acknowledge the severe methodological limitation of their dataset size (264 images is extremely small for deep learning) and the clear signs of overfitting (98% overall accuracy vs 92% test accuracy on a tiny dataset).


",CNN/Hybrid,Yes,Yes,Partial,Partial,Partial,Partial,No,Partial,No,2022,India (Data collected from Shoolini University),Claimed,No
495,Radharani 2026,CSBAM-MobileNet: a lightweight attention-enhanced deep learning model for student attentiveness classification,Consensus,"Radharani, S., Sistla, V., & Kolli, V. K. K. (2026). CSBAM-MobileNet: A lightweight attention-enhanced deep learning model for student attentiveness classification. Engineering Science and Technology, an International Journal, 77, 102326. https://doi.org/10.1016/j.jestch.2026.102326",2026,CSBAM-MobileNet: A lightweight attention-enhanced deep learning model for student attentiveness classification,"Engineering Science and Technology, an International Journal",Primary empirical / Proof-of-concept,"To develop a lightweight, vision-based deep learning framework using a customized MobileNet enhanced with Channel and Spatial Attention Mechanisms (CSBAM) to evaluate student attentiveness through facial expression analysis in offline classroom environments.","RQ1 (Methodology), RQ3 (Performance), RQ4 (Limitations)","India (Authors affiliated with Vignan’s Foundation for Science, Technology and Research, Guntur, Andhra Pradesh)","Higher Ed (University students)
",Real classroom / Offline classroom environment,Students,"Over 65 students for custom dataset; Benchmark datasets: DAiSEE, RAF-DB, FER-2013.","Not specified
",NR (Not reported),"Spontaneous Classroom Expressions Dataset (Custom), DAiSEE, RAF-DB, FER-2013

","Mixed (Public benchmarks + Custom novel dataset)

",Facial video / Static image,"5 academic affective states (Focused, Bored, Confused, Deviated, Sleepy)

","Expert labellers / Custom rule-based (The text details mathematical formulations for states based on Eye Closure Ratio, Mouth Aspect Ratio, Brow Furrow Ratio, and Gaze Ratio to define labels).","Lab-controlled / Real classroom (High-resolution cameras captured video of students during live lectures)

","Yes (Method: Data augmentation techniques applied systematically to balance the training process)

"," Yes (Random rotation ±15°, Brightness ±20%, Gaussian Noise, Horizontal Flip p=0.5, Random Crop/Resize, Contrast Shift ±15%)

",CNN / Hybrid (MobileNet + Attention),Custom MobileNetV1 with Channel-Spatial Balanced Attention Module (CSBAM-MobileNet),"N/A (Unimodal - Visual)
","N/A
",None (Frame-based analysis),"Yes (CSBAM: Jointly models channel-wise semantic relevance and spatial saliency in a parallel manner using Global Avg/Max Pooling and 7x7 convolutions)
","Not explicitly stated (Likely trained from scratch or standard ImageNet weights implied, but focuses on custom lightweight structure)",,"Custom (Joint supervision of Softmax Cross-Entropy loss [Ls], Center Loss [Lc], Attention loss [Latt], and L2 Regularization [Lreg])","Not explicitly stated
",Not explicitly stated,Not explicitly stated,Not explicitly stated,"L2 Regularisation (Weight decay), Batch Normalization, Data Augmentation",Partially (discussed but not implemented as standalone XAI),"Attention Maps (The CSBAM module inherently generates spatial and channel attention weights to highlight crucial facial regions like eyes/mouth, serving an explainable function).

","Qualitative visualisation (Implied by the mechanism's design to focus on specific facial areas, though no explicit visual output like Grad-CAM is demonstrated in the text provided).",No,"Yes (Explicitly designed for ""reliable real-time student attentiveness analysis"" and ""real-time classroom use"")",No,," Edge device / Standard classroom camera setup (Designed to be lightweight/efficient enough for real-time use without heavy processing).

",RetinaFace (Used for precise face detection and localization),Proposed only (Provides foundation for adaptive and personalized teaching strategies),Proposed only (Mentions providing real-time feedback on attentiveness to educators),,Engagement detection / FER (facial expression),"5 custom academic states (Focused, Bored, Confused, Deviated, Sleepy)","Yes (Custom dataset: 91.2% overall, 84.2% on challenging subsets; DAiSEE: 92.5%; RAF-DB: 89.6%; FER-2013: 87.4%. Training accuracy on custom set: 98.7%)","Yes (Mentioned as evaluation metrics used, though specific values are truncated in the provided text)",No,Not stated,No,No,"Yes (Implicitly compared against standard MobileNetV1, as well as baseline behaviors in the literature review)
",Yes (Validated against SOTA results on public benchmarks),Yes (Mentions empirical analysis demonstrating that intermediate attention insertion provides improved stability/recognition performance compared to early/late insertion),No,Yes (Tested on 3 public benchmarks + custom dataset),"Achieved 91.2% accuracy on the custom classroom dataset and 92.5% on the DAiSEE dataset, while maintaining a lightweight footprint suitable for real-time inference.",No,"None reported

", Not stated,No,," Small and low-resolution facial patches typically captured in classroom environments; varied lighting, occlusion, and head pose variations present challenges (though partially mitigated by the model).","Heavy transformer frameworks limit real-time use (addressed by this paper's lightweight approach, but acknowledges the trade-off).",,"None acknowledged for the proposed model; positions it as the solution to prior real-time limitations.

","Existing methods use general facial expressions (anger, sadness) that don't fit educational contexts, rely on isolated cues, struggle to scale to real classrooms, and use heavy transformer architectures that hinder real-time deployment.

","Integrate additional behavioural and physiological cues, such as body posture and voice features, to enable a more comprehensive and multi-modal assessment of student attentiveness.",Yes,,Yes,,Partial,,Yes,,Partial,,Yes,,No,,Partial,,CNN/Hybrid,Yes,Yes,Partial,Yes,Partial,Yes,No,Partial,Partial,2026,India (Authors affiliated with Vignan’s Foundation for Science,Claimed,No
418,Al-Asadi 2024,A robust semi-supervised deep learning approach for emotion recognition using EEG signals,Consensus,"Al-Asadi, A. W., Salehpour, P., & Aghdasi, H. S. (2024). A robust semi-supervised deep learning approach for emotion recognition using EEG signals. International Journal of Machine Learning and Cybernetics, 15, 4445–4458. https://doi.org/10.1007/s13042-024-02158-8",2024,A robust semi-supervised deep learning approach for emotion recognition using EEG signals,International Journal of Machine Learning and Cybernetics,Primary empirical study / Deep learning method paper,Develop a robust semi-supervised deep learning framework (EEG-SSL) for EEG-based emotion recognition that can effectively utilize unlabeled EEG signals and reduce dependence on expensive labeled data.,"RQ1, RQ2, RQ3, RQ5",Iran (authors' affiliation); dataset collected internationally (DEAP dataset),Not applicable,Not applicable,Human EEG subjects,"DEAP dataset: 32 participants; experiment subset used 2 participants producing 4,800 EEG segments",Not reported,Not reported,DEAP (Database for Emotion Analysis using Physiological Signals),Public,EEG signals (32-channel physiological signals),Binary classification for each task: High vs Low Valence; High vs Low Arousal,Self-assessment ratings (1–9 scale) from participants,Participants watched 40 one-minute music videos designed to evoke emotions,"Partially, through distribution alignment",Yes,CNN-based EEGNet,EEGNet + EEG-SSL (proposed),,EEG only,Convolutional processing of EEG epochs,No,No,Not applicable,Cross-Entropy (supervised + unsupervised pseudo-label loss),Adam,10⁻³ or 10⁻⁴; Cosine Annealing Scheduler,64 labeled samples; 448 unlabeled samples,Not explicitly specified,"VAT perturbation, consistency regularization, pseudo-label confidence filtering, weight decay",No,,,Not discussed,No,No,Not reported,PyTorch,EEGNet,No,No,Not discussed,EEG-based Emotion Recognition,"Valence (High/Low), Arousal (High/Low)",86.67%,Yes,No,No,No,No,EEG-FixMatch Baseline,Yes,Yes,No,No,86.67%,No,None reported,,No,No,"Evaluation only on DEAP dataset
Experiments used only two participants from DEAP subset
Binary valence/arousal classification","Dependence on augmentation quality
Hyperparameter sensitivity
No cross-dataset validation","No interpretability analysis
No XAI component","Real-time deployment not evaluated
Computational requirements not analyzed","Most EEG emotion recognition methods are fully supervised and require expensive labeling.
Existing SSL methods are mainly designed for computer vision and not EEG applications.
Effective EEG-specific augmentations remain underexplored.","Few-shot learning for EEG emotion recognition.
Domain adaptation in cross-dataset settings.
Application to other EEG tasks such as:
Alzheimer's disease recognition.
Further development of EEG semi-supervised learning frameworks.",Yes,,Yes,,Partial,,Partial,,Partial,,Partial,,No,,Yes,,CNN/Hybrid,Yes,Yes,Partial,Partial,Partial,Partial,No,Yes,No,2024,Iran (authors' affiliation); dataset collected internationally (DEAP dataset),Not Claimed,No
398,Kumar 2025,Advanced Optimal Cross-Modal Fusion Mechanism for Audio-Video Based Artificial Emotion Recognition,Consensus,"Kumar, H., & Aruldoss, M. (2025). Advanced Optimal Cross-Modal Fusion Mechanism for Audio-Video Based Artificial Emotion Recognition. Informatica, 49, 61–76. https://doi.org/10.31449/inf.v49i12.7392",2025,Advanced Optimal Cross-Modal Fusion Mechanism for Audio-Video Based Artificial Emotion Recognition,Informatica,Primary empirical,"To explore a cross-modal (audio and video) fusion mechanism for emotion recognition that addresses feature complexities, reduces computational errors, and improves sustainability. Specifically, to highlight the contribution of the Compact Bilinear Gated Pooling (CBGP) fusion mechanism compared to traditional and advanced methods.
","RQ1 (DL Methodology), RQ2 (Datasets), RQ3 (Performance), RQ4 (Limitations)","India (Central University of Tamil Nadu)
",Not specified (Mentions e-learning as a general application domain),,Not applicable (Uses pre-existing video dataset),"23,259 annotated video clips from 1,000 speakers (20,323 samples processed after preprocessing)",NR,NR,MU-MOSEI,Public,Multimodal (Facial video / Audio),"6 categorical emotions (happy, sad, angry, fear, disgusted, surprised) + continuous intensity scores",Not stated (Inherent to the CMU-MOSEI dataset),In-the-wild (Online monologues collected from YouTube),"Not stated
","Not stated
","Hybrid (2D-CNN for Audio, 3D-CNN for Video)
",2D-CNN + 3D-CNN + CBGP (Compact Bilinear Gated Pooling),Intermediate fusion / Cross-modal (Compact Bilinear Gated Pooling),"Face + Audio
",3D-CNN (captures spatial and temporal features from video frames),No (Explicitly excluded in favor of CBGP due to computational cost and unbalanced attention score risks with simple CNNs),No (Trained from scratch),,Not explicitly named (Classification loss minimized),Adam," lr=0.00003; cosine decay
",32,30-50 epochs,"L2 Regularization, Dropout (0.3% for audio 2D-CNN, 0.2% for video 3D-CNN)",No,,,"Partially (The authors explicitly note in their comparison table that advanced compact bilinear methods ""lack explicit interpretability"" compared to attention/transformer fusion because transformations like random projections and Fourier transforms are abstract)
","Not evaluated (Discussed as a potential real-time application, but not empirically tested for latency)
",No," N/A
","Not specified (Experiment ran on AMD Ryzen 7, 16GB RAM, NVIDIA GeForce RTX GPU)",Not specified (OpenCV mentioned for preprocessing),No,No,,Multimodal affect / Emotion recognition,"6 basic emotions (happy, sad, angry, fear, disgusted, surprised) + continuous intensity",80.3% (CBGP) / 81.3% in ablation table,F1-Score = 79.2% (Macro/Weighted not specified),NR, No (Per-class accuracy graph provided),MAE = 54.2%,NR," EF-LSTM, LF-LSTM, Graph-MFN, HFU-BERT, Early/Late/Hybrid 2D-CNN, FBP, CBP",Yes (Compared against traditional SOTA fusion mechanisms; Transformer and Attention fusion are discussed theoretically but excluded from experimental comparison),"Yes (Compared FBP, CBP, and CBGP fusion approaches using the same 2D/3D-CNN feature extractors)
","Yes (p-values reported: FBP=0.004, CBP=0.003, CBGP=0.002)
",No,"CBGP fusion achieved the highest accuracy of 80.3% and F1-score of 79.2%, with an MAE of 54.2% on the CMU-MOSEI dataset.",No,"None reported (Mentions that tokenization in transformers can increase biases in SoftMax, but not demographic bias)",,No,,High dimensionality and complex feature interactions in the dataset; requires dimensionality reduction.,"FBP introduces small approximation errors; CBP does not capture full bilinear interactions; CBGP requires extensive hyperparameter tuning; Advanced fusion methods lack explicit interpretability; Attention/Transformer fusion unsuitable for their lightweight CNN architecture due to high memory usage, computational burden, and risk of unbalanced attention scores.
","Transformations used in CBP/CBGP (random projections, FFT) are abstract and lack explicit interpretability compared to attention maps.",Not empirically tested for real-time latency or deployed in a real application.,"Traditional fusion faces challenges with high dimensionality, suboptimal interdependency modeling, and struggles with fine-grained emotion classification. There is a need to reduce computational errors in traditional fusion mechanisms and enhance their sustainability.
","Extend CBGP beyond audio-video to audio-video-text based real-time applications. Explore applications in computer vision, NLP, recommendation systems, healthcare, robotics, banking, and security.",Yes,,Yes,,Partial,,Partial,,Yes,,Partial,,No,,Yes,,CNN/Hybrid,Yes,Yes,Partial,Partial,Yes,Partial,No,Yes,No,2025,India (Central University of Tamil Nadu),Not Evaluated,No
386,Arsirii 2023,Pseudo-labeling of transfer learning convolutional neural network data for human facial emotion recognition,Consensus,"Arsirii, O. O., & Petrosiuk, D. V. (2023). Pseudo-labeling of transfer learning convolutional neural network data for human facial emotion recognition. Herald of Advanced Information Technology, 6(3), 203-214. https://doi.org/10.15276/hait.06.2023.13",2023,Pseudo-labeling of transfer learning convolutional neural network data for human facial emotion recognition,Herald of Advanced Information Technology,Proof-of-concept / Empirical,"To increase the accuracy of facial emotion recognition on human face images by developing a pseudo-labeling method for transfer learning of a deep convolutional neural network, specifically to overcome dataset flaws like class imbalance, lack of data of a certain class, and insufficient data volume.","RQ1 (DL Methodology), RQ3 (Performance Metrics)",Ukraine (Based on author affiliations),"Not specified (Mentions ""online learning"" as an application domain)",Not applicable (Algorithmic/model development paper),Not applicable (Uses existing public image datasets),"RAF-DB dataset: 29,672 total images (12,271 training; 3,068 test; remainder unspecified/used for validation/pseudo-labeling splits).",Not reported,Not reported,"RAF-DB (Primary target), ImageNet (Pre-training), DISFA, CelebA, AffectNet (Mentioned as examples of flawed popular datasets)",Public,Static image,"7 basic emotion classes (Surprised, Fearful, Disgusted, Happy, Sad, Angry, Neutral)","Crowdsourced / Expert (RAF-DB is annotated with basic and compound emotions by multiple annotators, though paper just says ""labeled"")","In-the-wild (RAF-DB collected from the internet with variations in age, gender, ethnicity, head pose, lighting, occlusion)",Yes (method: Pseudo-labeling is explicitly used to overcome class imbalance by adding confident predictions of underrepresented classes back into the training set).,"Yes (RandomFlip, RandomZoom, RandomRotation, RandomTranslation added as layers at the input of the neural network)",CNN,"MobileNet V1 (Modified with 3 additional Conv2D layers, MaxPooling2D layers, and Dense layers)",N/A (Unimodal),,,No,Yes (ImageNet),"Progressive unfreezing (Stage 1: Freeze convolutional layers, train new classification layers. Stage 2: Fine-tune the entire CNN model with a very low learning rate)",Not stated,Not stated,"Described as ""very low training speed"" for fine-tuning; exact value not stated",Not stated,10 epochs,"Dropout (implied from previous works/literature review), Data Augmentation (RandomFlip, RandomZoom, RandomRotation, RandomTranslation)",No,,,No,"Partially (Authors mention MobileNet V1 is designed for mobile applications and requires low computational resources, but do not explicitly test or claim real-time latency for this specific pipeline).",No,,Mobile platforms (implied by choice of MobileNet V1),Not specified,No,No,,FER (facial expression recognition),"7 basic emotions (Surprised, Fearful, Disgusted, Happy, Sad, Angry, Neutral)",Overall accuracy reported as 78% (up from 76%),F1-Score is the primary metric used for evaluation. Per-class F1 scores reported.,Not reported,"Yes (Visualized for 1st, 2nd, and 3rd iterations)",Not reported,Not reported,Baseline is the CNN-FER model trained without pseudo-labeling vs. CNN(Retrain)-FER model trained with pseudo-labeled data,No (Compares only against their own baseline iterations),"Yes (Compared iterations of the pseudo-labeling method: 1st iteration, 2nd iteration (best result), 3rd iteration (performance deteriorated))",No,No,"Overall F1 accuracy increased from 76% to 78% on RAF-DB after the 2nd iteration of pseudo-labeling. Significant per-class F1 increases for minority emotions: Surprise (71% to 77%), Fearful (64% to 69%), Sad (72% to 76%), Angry (64% to 74%), Neutral (66% to 71%). Happy (majority class) decreased from 91% to 86%.",No,"Class imbalance bias (accuracy drop in majority class ""Happy"" when minority classes are boosted)",Pseudo-labeling (adding high-confidence predictions of underrepresented classes back to the training set to balance the learning),No,,"Popular datasets (DISFA, CelebA, AffectNet, RAF-DB) have fundamental flaws: lack of data of a certain class, class imbalance, subjectivity and ambiguity of labeling, insufficient volume of data for deep learning.",Third iteration of pseudo-labeling caused performance deterioration. Boosting minority classes via pseudo-labeling caused a decrease in accuracy for the majority class (Happy dropped from 91% to 86%).,,None explicitly stated,"Deep learning CNNs for FER suffer from poor accuracy when trained on popular datasets because those datasets contain fundamental flaws such as class imbalance, lack of certain class data, subjectivity in labeling, and insufficient data volume. Standard data expansion methods can create additional imbalances or false patterns.",The pseudo-labeling method can be recommended for expanding the volume of training sets for deep learning of CNNs to overcome dataset shortcomings like class imbalance and lack of data. (No specific future research directions are explicitly outlined by the authors at the end of the paper).,Yes,,Yes,,Partial,,Partial,,Yes,,Partial,,Not Reported,,Partial,,CNN/Hybrid,Yes,Yes,Partial,Partial,Yes,Partial,No,Partial,No,2023,Ukraine (Based on author affiliations),Not Evaluated,No
381,Evangeline 2024,Facial Emotion Recognition of Online Learners Using a Hybrid Deep Learning Model,Consensus,"Evangeline, D., & Parkavi, A. (2024). Facial Emotion Recognition of Online Learners Using a Hybrid Deep Learning Model. International Journal of Intelligent Engineering and Systems, 17(6), 735–751. https://doi.org/10.22266/ijies2024.1231.56",2024,Facial Emotion Recognition of Online Learners Using a Hybrid Deep Learning Model,International Journal of Intelligent Engineering and Systems,Experimental deep learning study,To analyze emotion recognition from different facial regions of online learners and develop a hybrid InceptionV3 architecture for improved emotion classification.,"RQ1, RQ2, RQ3, RQ4",India,Online learners,Online learning environment,Online learners,82 participants,Not reported,Not reported,OLSFED (Online Learning Spontaneous Facial Expression Database),Public,Facial Images,"Confusion
Distraction
Enjoyment
Neutral
Fatigue",,,No,No,Hybrid InceptionV3,InceptionV3,,,,No,Yes,Yes,Sparse Categorical Cross Entropy,Adam,,,5,,No,No,No,No,Yes,No,No,,,No,No,,FER (facial expression) ,5,Class wise comparison,Class wise,,No,No,No,"InceptionV3
MobileNetV1
ResNet50
EfficientNetB0 (Swish)",Yes,No,No,No,96.26%,No,No,,No,No,"Limited availability of online-learning emotion datasets.
Limited Indian facial emotion datasets.
Imbalanced negative emotion samples.","Occlusion challenges.
Privacy concerns from facial-image processing.
Emotion misinterpretation across cultures.",Not Reported,Not Reported,"Limited online-learning emotion datasets.
Limited studies on facial sub-regions.
Limited Indian educational FER datasets.
Lack of privacy-preserving FER systems.
Insufficient multimodal learning approaches.","Privacy-Preserving FER
Federated Learning for local processing of learner facial images.
Facial Feature Weighting
Assign different importance weights to facial regions.
Improved Emotion Interpretation
Study emotion misclassification patterns.
Educational Emotion Analytics
Better learner engagement assessment using facial cues.
Broader Dataset Development
More diverse online-learning datasets across cultures and age groups.",Yes,,Yes,,Partial,,Partial,,Partial,,Partial,,No,,Partial,,CNN/Hybrid,Yes,Yes,Partial,Partial,Partial,Partial,No,Partial,No,2024,India,Claimed,No
379,Bandyopadhyay 2024,Emotion detection for online recommender system using deep learning: a proposed method,Consensus,"Bandyopadhyay, S., Thakur, S. S., & Mandal, J. K. (2024). Emotion detection for online recommender system using deep learning: A proposed method. Innovations in Systems and Software Engineering, 20, 719–726. https://doi.org/10.1007/s11334-022-00437-7",2024,Emotion detection for online recommender system using deep learning: a proposed method,Innovations in Systems and Software Engineering (Springer),Primary empirical study; proof-of-concept system development,To develop a real-time facial-expression-based emotion detection system for online product recommendation without relying on historical ratings or purchase records.,"RQ1 (DL methods), RQ3 (performance), RQ4 (deployment/application), partially RQ5 (future work)","India (authors' institutions located in West Bengal, India)",Not applicable,Not applicable,Customers / online shoppers,"64 customers for recommender system testing; 19,340 training images; 4,836 validation images",Not Reported,Not Reported,Kaggle Facial Expression Recognition Dataset (FER2013 challenge dataset),Public,Static facial images,"5 emotion classes: Angry, Happy, Neutral, Sad, Surprise",Not stated,Dataset images from Kaggle; real-time webcam video used during testing,Not stated,No evidence reported,CNN,Custom Sequential CNN implemented using Keras/TensorFlow,N/A (unimodal),,,No,No,,Cross-Entropy Loss,Not Reported,Not Reported,256,30,"Dropout (0.25, 0.50), Batch Normalization",No,,,No,Yes,No,Not Reported,Webcam-based desktop system (exact hardware unspecified),Haar Cascade Face Detection (OpenCV),No,No,Not stated,Facial Expression Recognition (FER) + Emotion-Based Recommendation,"Angry, Happy, Neutral, Sad, Surprise",75%,Not Reported,Not Reported,Yes,Yes,Not Reported,,No,No,No,No,75% classification accuracy after 30 epochs,No,None reported,None reported,No,,Implicit limitation: only five emotion classes used from original dataset,Poorer performance for neutral emotion detection,No XAI discussed,Real-world deployment not rigorously evaluated; latency/FPS not reported,Existing recommender systems rely heavily on ratings and purchase history rather than real-time emotional responses.,Build user-specific databases from emotional responses and improve recommendation accuracy through accumulated user behavior and emotion data.,Yes,,Partial,,Partial,,Partial,,No,,No,,Not Reported,,Partial,,CNN/Hybrid,Yes,Partial,Partial,Partial,No,No,No,Partial,No,2024,India (authors' institutions located in West Bengal,Claimed,No
340,Boopalan 2025,"Advanced Facial Emotion Recognition Using DCNN-ELM: A Comprehensive Approach to Preprocessing, Feature Extraction and Performance Evaluation",Consensus,"Boopalan, K., Srivastava, S., Kavitha, K., Usha Rani, D., Jayaram Kumar, K., Jagannatha Reddy, M. V., & Bhoopathy, V. (2025). Advanced facial emotion recognition using DCNN-ELM: A comprehensive approach to preprocessing, feature extraction and performance evaluation. Journal of Computer Science, 21(1), 13-24. https://doi.org/10.3844/jcssp.2025.13.24",2025,"Advanced Facial Emotion Recognition Using DCNN-ELM: A Comprehensive Approach to Preprocessing, Feature Extraction and Performance Evaluation",Journal of Computer Science,Proof-of-concept / Empirical,"To introduce a hybrid approach combining Deep Convolutional Neural Networks (DCNN) with Extreme Learning Machines (ELM) to enhance facial emotion recognition accuracy and speed, specifically offering real-time emotion detection in online learning environments.","RQ1 (DL Methodology), RQ3 (Performance Metrics), RQ4 (Real-time Deployment)","India (Multiple institutions: Vel Tech, MM Engineering College, GMR Institute, etc.)","Not specified (General ""online learning"")",Real-time online learning environment / Live classroom sessions,Not applicable (Uses existing public dataset),CK+ dataset: 593 images / 327 image sequences from 123 subjects.,18-50 years,79% female (from CK+ dataset),CK+ (Extended Cohn-Kanade),Public,Static image," 7 basic emotions (Happiness, Sadness, Surprise, Anger, Fear, Disgust, Contempt). Note: The authors translated contempt labels to disgust, effectively using 7 classes but grouping them differently.",Expert labellers (FACS-coded),Lab-controlled (Posed and spontaneous expressions),Not stated,Not stated,Hybrid (CNN-ELM),DCNN-ELM (Deep Convolutional Neural Network - Extreme Learning Machine),N/A (Unimodal),,,No,Not stated,,Not stated (Uses regularized least squares approach for ELM output weights),"Stochastic Gradient Descent (Implied for the DCNN feature abstracting phase, as gradient descent backpropagation is mentioned in the algorithm for misclassified labels)",Not stated,Not stated,100 epochs,Regularisation parameter (R) used in the least squares calculation for ELM output weights; Stochastic pooling (helps prevent overfitting compared to max pooling),No,,,No,"Yes (Explicitly claims ""real-time emotion detection in online learning environments"" and validation through ""live classroom sessions"")",No,"N/A (Mentions that the model ""drastically cut down on computing load thanks to stochastic pooling, which means training time is significantly reduced,"" but provides no ms/frame or FPS)","High-performance PC (Windows 11, Intel Core i7-8700, 128 GB RAM, 2x NVIDIA GeForce GTX 3080 Ti)",Not specified,Prototype only (Framework proposed to combine with online education platforms for real-time monitoring),"Yes (Allows for ""timely feedback to teachers, allowing for flexible adjustment of teaching programs"")",,FER (facial expression recognition)     ,"7 basic emotions (Joyful/Happy, Sad, Surprise, Fear, Disgust, Rage/Anger, Contempt mapped to Disgust)","96.72% (DCNN-ELM on CK+); Training accuracy reached 95.72%, Testing accuracy 95.64%.",Not reported,Not reported,Yes,Not reported,Not reported,"Standalone DCNN, Standalone ELM.","Partially (Compared against baseline components, not against recent SOTA architectures like ResNet/Vision Transformers)",Yes (Compared hybrid DCNN-ELM against standalone DCNN and standalone ELM),No,No,"96.72% accuracy on the CK+ dataset using the proposed DCNN-ELM model, outperforming standalone DCNN and ELM models.",No,"None reported (CK+ dataset is heavily skewed: 81% European-American, 79% Female, which is unaddressed)",,No,, None explicitly stated.,"Overfitting starts to occur around epoch 40 (difference between train and testing accuracy curves widens); Validation loss remains ""significantly greater than expected""; Misclassifications occur between visually similar emotions (e.g., Fear/Surprise due to raised eyebrows, Sadness/Disgust due to mouth shape).",,"None explicitly stated (Despite claiming real-time capability, no latency metrics are provided to substantiate it).","Traditional models like standalone DCNN and ELM face limitations in real-time accuracy and efficiency for FER, particularly in online learning environments where static emotion detection is insufficient and real-time emotional monitoring is lacking.","Explore the integration of additional data modalities, such as voice and text, to further enhance the emotion detection system's robustness and applicability across various fields.",Yes,,Yes,,Partial,,Yes,,Partial,,Partial,,Not Reported,,Partial,,CNN/Hybrid,Yes,Yes,Partial,Yes,Partial,Partial,No,Partial,No,2025,India (Multiple institutions: Vel Tech,Claimed,No
337,ElKabtane 2026,Toward emotionally intelligent e-learning: Real-time engagement detection through fine-tuned deep facial emotion recognition,Consensus,"El Kabtane, H., Ennaji, F. Z., Elkabtane, K., Knouzi, M., & Ourdou, A. (2026). Toward emotionally intelligent e-learning: Real-time engagement detection through fine-tuned deep facial emotion recognition. Journal of the Franklin Institute, 363, 108477. https://doi.org/10.1016/j.jfranklin.2026.108477",2026,Toward emotionally intelligent e-learning: Real-time engagement detection through fine-tuned deep facial emotion recognition,Journal of the Franklin Institute,Primary empirical / Proof-of-concept,"To develop a novel real-time engagement detection system for online learning environments using facial emotion recognition based on a fine-tuned VGG-19 model, integrating sleepiness, face direction, and emotion classification.","RQ1 (Methodology), RQ3 (Performance), RQ4 (Limitations/Deployment)",Morocco (Authors affiliated with Cadi Ayyad University and Sultan Moulay Slimane University),Not specified (General online learners),Real-time webcam capture during online video courses / E-learning platform,Students (Learners),123 subjects in CK+ dataset; 909 images for face detection testing; Unspecified number of spontaneous learner engagement videos used for validation.,18–50 years (from CK+ dataset),"CK+ dataset: 69% Female, 31% Male","CK+ (Cohn-Kanade+), Custom (909 images for face detection benchmark, Spontaneous learner engagement videos)",Mixed (Public benchmark + Custom data for validation),Facial video / Static image,"Emotion: 7 classes (Angry, Disgust, Fear, Happy, Neutral, Sad, Surprise)
Engagement: 4 classes (Absent, Disengaged, Medium engagement, High engagement)
Behavioral states: 4 states (No face detected, Not looking forward, Sleepiness, None)",Expert labellers (for CK+); Algorithmic/Automated (for engagement states based on rule-based logic),Lab-controlled (CK+); Online lecture capture / Real e-learning conditions (Spontaneous validation videos),Not stated,"Yes (Rotation, width/height shifts, shear, zoom, horizontal flipping via Keras ImageDataGenerator)",CNN,Fine-tuned VGG-19,Late fusion / Rule-based (Emotion classification + Eye aspect ratio + Head pose angle are combined via logical rules/weights to determine final engagement class),Face + Pose + Eye state,Sliding window (10-second interval between frames),No,Yes (Implied VGG-Face/VGG-19 ImageNet weights),"Partially (Removed original final FC layer, added global average pooling layer and a new dense layer with softmax)",Not explicitly stated (Likely Cross-entropy given softmax output),Not explicitly stated,Not stated,Not stated,"Not stated (Graphs show training over at least 10-30 epochs, but exact number is cut off/unclear)","Global Average Pooling (reduces parameters), Data Augmentation",No,,,,Yes,Yes,"General pipeline: Mean 0.336 s/image (Min: 0.0157s, Max: 1.005s)
Emotion detection: Mean 0.264 s/image
Face detection (MediaPipe): Mean 0.0048 s/image",Browser / Client-side (Utilizes standard webcam; processing capability implied to be standard CPU/GPU),MediaPipe (Face detection & 478 3D Mesh extraction),"Prototype only (Potential applications discussed, but no live LMS integration demonstrated)","Proposed only (""potential applications in enhancing online learning experiences by providing real-time feedback to educators"")",,FER (facial expression) / Engagement detection,"7 basic emotions (Modified Ekman + Neutral); 4 engagement states (Absent, Disengaged, Medium, High)","Emotion classification: ~99.81% (Training), ~99.15% (Validation) on CK+
Engagement detection (without weights): 87.09%
Engagement detection (with weighted coefficients): 95.12%","Yes (Weighted/Macro not specified, per-class reported. Most classes >90%. Disgust/Sadness ~90%; Surprise 93% recall, 7% misclassified).",No,Yes,No,No,Yes (Compared MediaPipe vs. Dlib for face detection; compared engagement accuracy with vs. without weights).,"Partially (Literature review compares SOTA FER and engagement datasets, but no direct experimental benchmarking against SOTA FER algorithms on CK+ is presented in results).",Partially (Tested weighted vs. unweighted indicators for engagement; compared Dlib vs MediaPipe).,"Yes (Correlation analysis reported with p-values: e.g., Disgust & attention r = -0.72, p < 0.001).",Yes (Validated on a set of spontaneous learner engagement videos recorded in real e-learning conditions).,95.12% accuracy for real-time engagement detection using weighted emotional/behavioral indicators; 99.15% validation accuracy on CK+ for the fine-tuned VGG-19 FER model.,No,"None reported

","Not stated (Though dataset diversity is mentioned: CK+ includes 81% Euro-Amer., 13% Afro-Amer., 6% other)",No,,CK+ is largely lab-controlled (though authors tried to mitigate by testing on spontaneous videos); CK+ brightness variation exists.,"Misclassification occurs for ""Surprise"" (7% error); slight dip for ""Disgust"" and ""Sadness"". High computational cost for very short frame intervals.","N/A

","Processing an image takes an average of 0.336s, making a 1-5 second interval computationally costly, forcing a 10-second interval which may miss micro-expressions (0.5-4s).","Existing engagement methods treat engagement as binary and miss nuanced behavioral cues (looking away, drowsiness). Few systems integrate emotion recognition directly into engagement detection for e-learning that are suitable for real-time applications.",Incorporating landmark coordinate vectors as a parallel feature branch to the CNN (instead of just superimposing them on the image) to enhance structural context.,Yes,,Yes,,Partial,,Partial,,Partial,,Partial,,No,,Yes,,CNN/Hybrid,Yes,Yes,Partial,Partial,Partial,Partial,No,Yes,No,2026,Morocco (Authors affiliated with Cadi Ayyad University and Sultan Moulay Slimane University),Claimed,Yes
310,Aly 2025,Revolutionizing online education: Advanced facial expression recognition for real-time student progress tracking via deep learning model,Consensus,"Aly, M. (2025). Revolutionizing online education: Advanced facial expression recognition for real‑time student progress tracking via deep learning model. Multimedia Tools and Applications, 84, 12575–12614. https://doi.org/10.1007/s11042-024-19392-5",2025,Revolutionizing online education: Advanced facial expression recognition for real‑time student progress tracking via deep learning model,Multimedia Tools and Applications (Springer),Primary empirical / Proof-of-concept,"Develop an advanced facial expression recognition platform for online classrooms using an integrated deep learning approach to track student engagement, emotional states, and learning behaviors in real-time.","RQ1 (DL Architectures/XAI), RQ3 (Metrics/SOTA Performance), RQ4 (Real-time Deployment/Limitations)",Egypt (Author affiliation: Egyptian Russian University),Higher Ed / Online Education,"Custom-proposed online educational platform framework simulated for online courses (e.g., Operating System course video stream execution).",Actors from public benchmark emotional image/video datasets.,"Varied by evaluation baseline:

RAF-DB: ~30,000 images

FER2013: ~35,000 images

KDEF: 4,900 images (70 models)

CK+: 327 sequences (from 123 subjects)",Not specified (varied by standard public dataset parameters).,"KDEF features a 50% male / 50% female split (35 males, 35 females); others NR (not reported).","RAF-DB, FER2013, KDEF, and CK+",Public,Static images and sequential facial videos/frames (Note: Audio was available in select sets but explicitly not used).,"7 distinct expression categories (Happy, Sad, Surprise, Fear, Disgust, Anger, Neutral) across most benchmarks (8 labels evaluated for general classification distribution including 'Contempt' or dataset nuances).",Expert/Metadata labels provided by the respective dataset registries.,"Controlled laboratory environments (CK+, KDEF, RAF-DB performance subsets) and In-the-wild video capture extractions (FER2013).",Yes (Mentioned adjustments through preprocessing and targeted validation balancing protocols).,"Yes (Methods specified: Rotation, flipping, and cropping).",Hybrid CNN-TCN with Attention,ResNet50 + CBAM (Convolutional Block Attention Module) + TCN (Temporal Convolutional Network),N/A (Unimodal - Visual facial sequence processing only),Face images/frames only.,Temporal Convolutional Networks (TCNs) applied over consecutive sequence frames.,Yes (CBAM: combining sequential Channel Attention Mechanism and Spatial Attention Mechanism).,Yes (Utilized pre-trained ResNet50 backbones initialized on ImageNet weights).,Full fine-tuning/adaptation along customized residual layers integrated with attention block operations.,Not stated explicitly.,Stochastic Gradient Descent (SGD) with momentum.,lr=0.0001,16,"Not explicitly defined for the final run, but early stopping strategies were integrated.","Batch normalization, customized down-sampled lightweight network structures (AC modules) to reduce parameter overload, and early stopping.","No (Visual representations focus on performance metrics, feature maps, and pipeline structures rather than active post-hoc explainability engines like Grad-CAM/SHAP).",,,No,Yes,es (Reported in Frames Per Second across testing hardware units).,"High-performance GPU: 28 FPS

Standard CPU: 12 FPS

Jetson Nano (Edge Device): 15 FPS",Edge device / Resource-limited environments (Validated explicitly via NVIDIA Jetson Nano evaluation).,Not explicitly listed (Inference runtime tracking applied directly over PyTorch frameworks).,Prototype only (Conceptual framework designed for real-time monitoring streams).,Yes (Proposed/Simulated via real-time student tracking charts and Engagement Index performance mappings).,Not stated.,FER (Facial Expression Recognition) & Engagement Tracking.,"7 core expression variants (Happy, Sad, Surprise, Fear, Disgust, Anger, Neutral).","RAF-DB: 91.86% / 91.92%

FER2013: 91.71% (Public Test) / 93.71% (Private Test)

CK+: 95.85% / 96.95%

KDEF: 97.08%",Documented theoretically as verification metrics; classification matrix maps individual normalized row distributions.,Mentioned within method parameters but values are not individually charted.,Yes (Detailed normalized matrices for RAF-DB and FER2013 provided).,,,"Mini-Xception, MobileNetV2, NGO-BiLSTM, CBSA+CSPA, VGGNet-16, ShuffleNet-V2, and native ResNet50.",Yes,"Yes (Evaluated backbone modifications comparing parameters, FLOPs, and accuracy performance against MobileNet-v2, VGG-16, and ShuffleNet-V2).",No / Not reported.,No (Evaluated individually across multiple datasets).,97.08% average validation accuracy on the KDEF dataset with highly compressed footprint metrics (1.18M parameters).,No,None reported.,Balanced validation sampling during initial framework segmentation steps.,No,,"Datasets used for validation primarily relied on posed baseline profiles (CK+, KDEF) rather than pure organic, continuous multi-modal classroom collections.","Variations in lighting constraints, student postures, or occlusion elements can affect extraction matrices.",Lack of post-hoc algorithmic interpretations or spatial validation layers.,"CPU execution caps at a lower performance threshold (12 FPS), confirming a strong hardware dependency for smooth desktop operation.","Algorithmic robustness issues over unstructured illumination and classroom environments, plus a lack of continuous context extraction outside facial indicators alone.","Refining algorithms for volatile real-world lighting environments.

Integrating advanced paradigm strategies like Reinforcement Learning.

Fusing multiple modalities (Audio features, conversational inputs, or natural text data parsing logs).

Initiating longitudinal studies to observe systemic retention metrics.",Yes,,Yes,,Partial,,Partial,,Partial,,Partial,,Not Reported,,Yes,,CNN/Hybrid,Yes,Yes,Partial,Partial,Partial,Partial,No,Yes,No,2025,Egypt (Author affiliation: Egyptian Russian University),Claimed,No
285,Arsirii 2023,An adaptive convolutional neural network model for human facial expression recognition,Consensus,"Arsirii, O. O., & Petrosiuk, D. V. (2023). An adaptive convolutional neural network model for human facial expression recognition. Herald of Advanced Information Technology, 6(2), 128–138. https://doi.org/10.15276/hait.06.2023.8",2023,An adaptive convolutional neural network model for human facial expression recognition,Herald of Advanced Information Technology,Proof-of-concept / Empirical,"To reduce training time and computational resources without losing the reliability of multivalued classification of motor units (Action Units) for FER by developing an adaptive CNN model and a method for its training with “fine tuning” of parameters, including a novel loss function.","RQ1 (DL Methodology), RQ3 (Performance Metrics)",Ukraine (Based on author affiliations),"Not specified (Mentions ""online learning"" as an application domain, but does not target a specific educational level)",Not applicable (Algorithmic/model development paper),Not applicable (Uses existing public video/image datasets),"DISFA dataset: 130,814 frames from 27 subjects. CelebA and Bosphorus datasets also mentioned for multivalued classification checks, but N not explicitly stated for them.",Not reported,DISFA dataset: 12 women / 15 men,"DISFA, CelebA, Bosphorus, ImageNet (for pre-training)",Public,Static image / Facial video frames,"8 Action Units (AU1, AU2, AU4, AU6, AU9, AU12, AU25, AU26, AU27 mentioned in text, though 8 are specifically tested in the binary classification phase); Multi-label (multivalued) classification.","Expert labellers (FACS certified for DISFA, intensity 0-5)",Lab-controlled / Spontaneous (DISFA features spontaneous facial actions),"Yes (method: The choice of the F1-measure as the evaluation metric explicitly addresses the severe data imbalance noted in DISFA; additionally, the LSEP loss function and the proposed 
Lpr Loss functions are utilized to handle multi-label imbalances).",Not stated,CNN,"MobileNet-v1 (Primary proposed model), also tested DenseNet-121, DenseNet-201, MobileNet-v2",N/A (Unimodal),,None (Frame-by-frame static image processing),"No (Compared against JAA-Net which uses attention, but the proposed model does not)",Yes (ImageNet),"Progressive unfreezing / Last N layers (Stage 1: Freeze convolutional layers, train new fully connected classifier block. Stage 2: Unfreeze all or part of the pre-trained network and fine-tune with a very low learning rate)",LSEP (Log-Sum-Exp Pairwise) for binary classification; Binary Cross-Entropy and Custom proposed loss (Lpr=1−Precision×Recall) for multi-label classification.,Adam,lr=0.00001,64,Not stated,"Dropout (rate 0.2), Batch Normalization",No,,,No,"Partially (Authors claim MobileNet architectures are chosen specifically for their speed/resource efficiency for ""mobile platforms"" and note they are ""more than three times faster"" than DenseNet/VGG, but do not explicitly test or claim real-time FER deployment latency).",No,,Not specified (Mentions potential for mobile platforms),Not specified,No,No,,FER (facial expression recognition via Action Unit detection / Multilabel classification),"Action Units (AU1, AU2, AU4, AU6, AU9, AU12, AU25, AU26, AU27)",Not reported,F1-Score (Avg. F1 across all AUs) is the primary metric. Precision and Recall are reported individually per AU in the form of Precision-Recall curves.,Not reported (though area under Precision-Recall curve is discussed conceptually regarding the loss function),No,Not reported,Not reported,"EAC-Net, LP-Net, JAA-Net. Also compared internally between DenseNet-121, DenseNet-201, MobileNet-v1, MobileNet-v2.",Yes,Yes ( Compared the base MobileNet-v1 with Lbce loss vs. MobileNet-v1 with the proposed Lpr loss function),No,"Yes (Trained using DISFA, CelebA, and Bosphorus sets for the multi-label classification experiment)","MobileNet-v1 with the proposed Lpr loss function increased the reliability of multi-label FER by 6% on average by F1 value estimation compared to standard Lbce. MobileNet-v1 and DenseNet-201 with LSEP outperformed SOTA (EAC-Net, LP-Net, JAA-Net) by 1% to 16% on binary AU classification on DISFA.",No,None reported (Though dataset gender skew is mentioned: 12 women/15 men),Not stated,No,,"Severe data imbalance in the DISFA dataset where most AUs have a very low frequency of occurrence; smaller datasets like DISFA, CelebA, and Bosphorus do not give good accuracy results for standard training because they require multi-label classification.","High resource intensity and long training times for standard deep CNNs (VGG-19, DenseNet) on FER tasks; MobileNet architectures are compact/fast but generally inferior in classification accuracy to heavier networks like DenseNet on ImageNet.",,None explicitly stated,"Existing FER CNN models are resource-intensive, require high-performance GPUs, and struggle with accuracy on smaller, imbalanced datasets requiring multi-label (multi-valued) AU classification, particularly for deployment on mobile platforms.",Consider issues related to the use of data pseudo-labeling for machine learning of deep convolutional neural networks when solving the FER problem.,Yes,,Yes,,Partial,,Partial,,Yes,,Yes,,Not Reported,,Partial,,CNN/Hybrid,Yes,Yes,Partial,Partial,Yes,Yes,No,Partial,No,2023,Ukraine (Based on author affiliations),Not Evaluated,No
278,Bashir 2025,Detection of Students’ Emotions in an Online Learning Environment Using a CNN-LSTM Model †,Consensus,"Bashir, B. M., & Umar, H. A. (2025). Detection of Students’ Emotions in an Online Learning Environment Using a CNN-LSTM Model. Engineering Proceedings, 87(116). MDPI. https://doi.org/10.3390/engproc2025087116",2025,Detection of Students’ Emotions in an Online Learning Environment Using a CNN-LSTM Model,"Engineering Proceedings (Eng. Proc.), MDPI; Presented at the 5th International Electronic Conference on Applied Sciences (ASEC 2024)",Primary empirical study; proof-of-concept deep learning model,"To develop a hybrid CNN-LSTM model capable of recognizing learner emotions (interest, boredom, and confusion) in online learning environments through facial expression analysis.","RQ1, RQ2, RQ3, RQ4, RQ5","Nigeria (Bayero University, Kano, Nigeria)",Online learners / Higher Education (implied),Online learning environment / Online lectures / Virtual classrooms,Student facial images (derived from FER datasets),"Over 6,000 images",Not Reported,Not Reported,"FER2013, CK+, JAFFE (combined and relabeled)",Mixed (Public datasets combined into custom dataset),Static facial images,"3 learning-related emotions: Interest, Boredom, Confusion","Facial Action Units (AUs) mapped from FER2013, CK+, and JAFFE into educational emotion categories.",Custom educational-emotion dataset constructed from existing FER datasets,Not stated,Not reported,CNN-LSTM Hybrid,Custom CNN-LSTM Architecture,N/A (unimodal facial images),,LSTM sequence modeling of facial feature sequences,No,No,,Not explicitly reported (likely categorical cross-entropy),Adam,Learning rate = 0.001,64,100 epochs,"Dropout (0.5), Early Stopping",No,,,No,Yes (emotion monitoring during online learning),No,Not Reported,"NVIDIA GPU, TensorFlow/Keras environment",CNN-LSTM FER framework,Proposed for online learning systems,Proposed educational support application,Not Reported,Facial Expression Recognition (FER) for Educational Emotion Detection,"Interest, Boredom, Confusion",98.0%,"Precision: 97%, Recall: 98%, F1-score: 98%",Not Reported,No,,,"CNN-only models, FER2013 studies, CK+ studies, Attentional CNN.",Yes,No,No,No,"CNN-LSTM achieved 98% accuracy, outperforming CNN-only FER2013 baseline (97%).",No,None reported,None reported,No,,Dataset derived from relabelled FER datasets rather than real online-learning data.,Evidence of potential overfitting due to fluctuations between training and testing accuracy.,No explainability component.,Real-time deployment proposed but not experimentally validated.,Existing FER systems focus on generic emotions and are not tailored to educational emotions in online learning environments.,"Expand dataset size, integrate multimodal emotion recognition (voice + posture), use larger datasets, and deploy in real-time classrooms.",Yes,,Yes,,Partial,,Partial,,Yes,,Partial,,No,,Partial,,CNN/Hybrid,Yes,Yes,Partial,Partial,Yes,Partial,No,Partial,No,2025,Nigeria (Bayero University,Claimed,No
250,Bi 2022,Dynamic Transfer Exemplar based Facial Emotion Recognition Model Toward Online Video,Consensus,"Bi, A.-Q., Tian, X.-Y., Wang, S.-H., & Zhang, Y.-D. (2022). Dynamic transfer exemplar based facial emotion recognition model toward online video. ACM Transactions on Multimedia Computing, Communications, and Applications, 18(2s), Article 121. https://doi.org/10.1145/3538385",2022,Dynamic Transfer Exemplar based Facial Emotion Recognition Model Toward Online Video,"ACM Transactions on Multimedia Computing, Communications, and Applications (ACM TOMM)",Proof-of-concept / Empirical,"To propose a novel model named DT-EFER that combines deep neural networks with transfer learning theory for dynamic facial emotion recognition from online video, focusing on the differences between key images (exemplars) rather than the images themselves to improve recognition performance.","RQ1 (DL Methodology), RQ3 (Performance Metrics)","China (Changshu Institute of Technology), UK (University of Leicester)",Not specified,"Not applicable (Focuses on online video streams, with mentions of VR/AR/vehicular networks)",Not applicable (Uses existing public video datasets),BAUM-1s: 653 video clips from 31 subjects. CK+: 327 samples from 123 subjects,Not reported,Not reported,"BAUM-1s, Extended Cohn-Kanade (CK+)",Public, Facial video / Static image sequences,"7 basic emotions (Anger, Disgust, Fear, Happiness, Sadness, Surprise, and Unsure/Neutral)",Not stated (Standard benchmark datasets),Mixed (BAUM-1s is spontaneous/in-the-wild; CK+ is lab-controlled/posed),Not stated,No,Hybrid (CNN + Exemplar-based Clustering/Transfer Learning),GoogLeNet (Feature extractor) + DT-EFER (Dynamic Transfer Exemplar-based clustering using Enhanced Alpha-Expansion Move optimization),N/A (Unimodal visual),,"Sliding window / Transfer learning over time (Video is split into clips; the first clip establishes reliable exemplars, and subsequent clips use Transfer Learning based on KL-distance to previous exemplars)",No,"Not stated (GoogLeNet is used for feature extraction, but pre-training on ImageNet is not explicitly mentioned, though standard practice implies it)","Feature extraction only (GoogLeNet extracts deep features, which are then dimensionally reduced by PCA and fed into the DT-EFER clustering model)",Custom (Maximization of a Bayesian probabilistic target function incorporating KL-distance between current and previous exemplar sets),Enhanced Alpha-Expansion Move (EEM) optimization based on Markov Random Field theory,N/A (Iterative energy reduction optimization),N/A (Processes video clips sequentially),Until convergence (Maximum iteration M set for optimization),Not stated,Partially (discussed but not implemented as standard XAI),"Other (The model inherently provides a degree of explainability by selecting ""exemplars""—actual typical key images from the video—that represent each emotion cluster, rather than relying on abstract latent features alone)",Not stated,No,"Yes (Designed for ""online video"" and ""dynamic data stream"")",Yes,"Average time consumption reported: For BAUM-1s, ~1.8-2.3 seconds per clip. For CK+, ~0.048-0.078 seconds per clip.","Standard PC (Matlab, 64-bit Windows 10, Intel Core i7-4712MQ, 8GB RAM)",Not specified (Crops video to face region in pre-processing),No,No,,FER (facial expression recognition) / Multimodal affect (Dynamic video),"7 basic emotions (Anger, Disgust, Fear, Happiness, Sadness, Surprise, Unsure/Neutral)","Reported in figures (graphs) comparing against baselines, varying by clip and dataset.",Not reported,Not reported,No,Not reported,Not reported (RandIndex (RI) is reported as a primary clustering evaluation metric.),"TSC (Transfer Spectral Clustering), DSAE (Deep Sparse Autoencoder), EEM (Enhanced Alpha-Expansion Move), AP (Affinity Propagation).",Yes,"Partially (Tested the effect of varying hyperparameters: self-distance and transfer learning weight lambda, but no structural ablation of the model components)",No (Mentions algorithms were repeated 10 times and averaged),No,"DT-EFER outperformed TSC, DSAE, EEM, and AP on both BAUM-1s and CK+ datasets in terms of Accuracy and RandIndex, while maintaining competitive time consumption suitable for online video processing.",No,None reported,,No,,"Subsequent video clips are short, meaning the number of keyframes available is limited, which weakens the differences in high-dimensional space when calculating similarity.","Time consumption is slightly higher compared to baseline AP and EEM models because DT-EFER incorporates exemplars from the previous stage. Performance is highly sensitive to the ""self-distance"" parameter; incorrect values can cause the model to either treat every sample as an exemplar or group all samples into a single class.",,None explicitly stated (Authors claim time consumption meets requirements for online video).,"Existing dynamic facial emotion recognition methods struggle to efficiently process online data streams where current data clips are insufficient/short, and they fail to leverage the reliable recognition results from former video clips effectively.",Explore combining physiological signals (stimulate/response mechanism) with video/images in dynamic emotion recognition scenarios; address the major challenge of simultaneous processing of data with multi-modality.,Yes,,Yes,,Partial,,Partial,,Partial,,Yes,,Partial,,Partial,,CNN/Hybrid,Yes,Yes,Partial,Partial,Partial,Yes,Partial,Partial,Partial,2022,China (Changshu Institute of Technology),Claimed,Yes
241,Lofandri 2024,Students Emotion and Distraction Detection While Adopting E-Learning Approach,Consensus,"Lofandri, W., & Salameh, A. A. (2024). Students Emotion and Distraction Detection While Adopting E-Learning Approach. International Journal of Interactive Mobile Technologies (iJIM), 18(23), 30–43. https://doi.org/10.3991/ijim.v18i23.51213
",2024,Students Emotion and Distraction Detection While Adopting E-Learning Approach,International Journal of Interactive Mobile Technologies (iJIM),"Proof-of-concept
","To propose an intelligent system (IELMS) that utilizes CNN techniques to detect students' emotions and fuse this with a distraction detection model, producing logs to assist faculty in identifying underperforming online learners.
","RQ1 (Methodology), RQ4 (Limitations/Deployment challenges - implicitly)
",Indonesia / Saudi Arabia (Authors' affiliations),"Higher Ed (Implied by university context and ""adult learners"" mention)
",Custom intelligent e-learning monitoring system (IELMS),"Not applicable (Dataset-driven study, no live human participants evaluated for the AI model)","30,835 images (FER-2013 dataset); 550 students mentioned for a separate LMS interaction log analysis.",Not specified,NR (Not reported),"FER-2013
",Public,Static image (Facial),"7 basic emotions (Angry, Disgust, Fear, Happy, Sad, Surprise, Neutral); 2 engagement states (Engaged/Focused vs. Distracted - derived from eye images).","Not stated (for FER-2013 specifically, though generally crowdsourced, the authors do not specify)","In-the-wild (FER-2013 is generally wild, though authors use it for a simulated e-learning context)",Not stated,Not stated,CNN (Combined with Haar Cascade Classifier)," Custom Sequential CNN (Input 32x32, 3x3 convolutional filters, 2x2 max pooling, ReLU activation, fully connected layer). No specific standard variant (like ResNet/VGG) named.","Late fusion (Emotion detection model and Distraction/Engagement detection model run separately and output logs which are combined/framework-level fusion)
",Face (for emotion) + Eye region (for distraction),"None (Static image processing only)
",No,"Not stated (Implied No, trained from scratch based on the architecture description)",Not applicable,"Not stated
",Not stated,Not stated,Not stated,Not stated,Not stated,No,,,No,"Yes (""Real-time prediction is possible by using the learned values for both systems."")
",No,"Not specified
",Not specified (Client/Server or Browser/Server architecture proposed conceptually),OpenCV Cascade (Haar Cascade Classifier),Prototype only (Proposed IELMS framework),"Proposed only (""produces logs of distraction and emotion... will assist the teaching community"")",None / Not stated,"FER (facial expression) / Engagement detection
","7 basic (Angry, Disgust, Fear, Happy, Sad, Surprise, Neutral) + Binary distraction (Engaged vs. Not engaged)"," Not reported for the proposed model. (Mentions prior works achieving 92.75%, 85.66%, 93.97%, but provides no accuracy for the current IELMS CNN).
","Not reported
",Not reported,No,"Not reported
","Not reported
",,No,No,"Partial (A Mann-Whitney U test is reported for LMS interaction logs (p < 0.002), but no statistical testing for the AI/CNN models).
",No,"No ML performance metrics are reported for the proposed fused model. The paper only evaluates the broader IELMS system's impact on autonomous learning indices.
",No,None reported,"None / Not stated
",No,,"Limited modalities (Relies strictly on facial/eye visual data, ignoring audio/interaction logs for the AI model); Small N / Lab-controlled only (FER-2013 consists of isolated faces, lacking the natural, lower-intensity expressions of actual e-learning environments).","Generalisation failure (Haar cascade struggles with varying image sizes/orientations and lighting); Poor occlusion handling (System relies heavily on unobstructed frontal face and eye visibility).
","XAI not validated (System is a black box; no explanation provided for why an emotion/distraction is flagged).
","Latency too high / Not tested in real classroom (Despite claims of real-time capability, the fused IELMS model was never deployed or tested for latency in an actual live e-learning environment).","Current e-learning environments lack integrated, real-time monitoring frameworks that effectively combine cognitive/affective states (emotion) with behavioral states (distraction) to provide actionable feedback to instructors for timely intervention. Existing systems struggle to operate effectively in uncontrolled online environments due to reliance on singular modalities.
","Deploy and validate the IELMS in a live educational setting; integrate multi-modal data (audio, interaction logs, mouse dynamics) alongside facial recognition; design adaptive intervention mechanisms that automatically adjust content or alert instructors based on the fused detection logs.


",Partial,,No,,No,,Partial,,No,,No,,Not Reported,,No,,CNN/Hybrid,Partial,No,No,Partial,No,No,No,No,No,2024,Indonesia / Saudi Arabia (Authors' affiliations),Claimed,No
212,Long 2022,A Facial Expression Recognition Model using Lightweight Dense-Connectivity Neural Networks for Monitoring Online Learning Activities,Consensus,"Long, D. T., Tung, T. T., & Dung, T. T. (2022). A Facial Expression Recognition Model using Lightweight Dense-Connectivity Neural Networks for Monitoring Online Learning Activities. International Journal of Modern Education and Computer Science, 14(6), 53–64. https://doi.org/10.5815/ijmecs.2022.06.05
",2022,A Facial Expression Recognition Model using Lightweight Dense-Connectivity Neural Networks for Monitoring Online Learning Activities,International Journal of Modern Education and Computer Science (IJMECS),"Proof-of-concept
","To propose a lightweight CNN model based on dense-connectivity architecture (LDFER) for facial expression recognition that balances moderate complexity with high efficiency, and to design its integration into an LMS for monitoring online learning activities.
","RQ1 (Methodology), RQ3 (Performance Metrics)",Vietnam (Hanoi Open University),Higher Ed (Implied university context),Custom integration with a Learning Management System (LMS) via APIs,"Not applicable (Dataset-driven study using public datasets)
","CK+ (981 images), JAFFE (213 images), OuluCASIA (1,440 images), CJO/Mixed (2,634 images)
","Not specified
","JAFFE (10 women); Others: Not specified
","CK+, JAFFE, OuluCASIA, CJO (Custom mixed dataset)
","Public / Mixed
","Static image (Facial)
","CK+ (7: anger, disgust, fear, happiness, sadness, surprise, contempt); JAFFE (7: 6 basic + neutral); OuluCASIA (6: anger, disgust, fear, happiness, sadness, surprise); CJO (8: all combined).","Not stated
","Lab-controlled (All datasets are posed/controlled; OuluCASIA has varied illumination/pose)
","Not stated (Paper explicitly notes CJO has imbalanced classes, e.g., ""surprise"" has >10x ""neutral"", but no algorithmic mitigation like SMOTE is applied, only data augmentation)","Yes (Noise addition, rotation, shifting, contrast adjustment, scaling. 10x enlargement of training data)",CNN (Dense-connectivity / DenseNet variant),"LDFER (Lightweight Dense-connectivity based for FER) - 4 Dense Blocks with sizes 2, 4, 8, and 16.", N/A (Unimodal)," N/A
",,No,No (Trained from scratch),Not applicable,Not stated (Implied categorical cross-entropy),Adam, lr = 0.001; Scheduler not stated,128,150 epochs,"Batch norm (within dense blocks), Data augmentation
",Partially (discussed but not rigorously evaluated),Gradient-based localization (Grad-CAM / Heatmaps),"Qualitative visualisation (Heatmaps show focus on mouth and eyes)
",No,"Yes (""automatically capture photos and recognize facial expressions... during whole learning processes"")
",No,Not specified,Client device (Web-client or mobile apps),MTCNN (Used for face detection preprocessing),"Yes (Custom LMS via APIs)
","Yes (History of FERs stored for assessment; notifications sent to learners, teachers, administrators)",Partial (Secure connection via userID and security code between LMS and LDFER; Client-side processing),FER (facial expression),7 basic (Ekman) + Neutral/Contempt variations depending on dataset,"Yes. (Average 5-fold: CK+ = 99.90%; JAFFE = 99.08%; OuluCASIA = 100%; CJO = 99.92%)
",Not reported,Not reported,Yes (For the CJO mixed dataset),Not reported,Not reported,"Yes (EfficientNet B0, and 7 other methods from literature including Dilated ResNet, Attentional CNN, Dynamic MTL)
",Yes,No,No,"No (Trained and tested on the same datasets/folds, including a mixed dataset)","100% accuracy on the OuluCASIA dataset; 99.92% on the mixed CJO dataset.
",No, None reported,None / Not stated,No,,"Small N (JAFFE contains very few images, causing training fluctuations); Lab-controlled only (CK+, JAFFE, OuluCASIA are posed datasets, lacking real-world e-learning representation); Class imbalance (CJO dataset is heavily imbalanced, e.g., ""surprise"" vs ""neutral"").","Generalisation failure (High accuracy on controlled datasets may not translate to unconstrained environments; some expressions like ""fear"", ""sadness"", and ""disgust"" have high confusion rates).","XAI not validated (Heatmaps are only visually interpreted, not quantitatively evaluated).
","Latency too high / Not tested in real classroom (Inference speed/FPS not reported; System is a proposed design, not a deployed and tested real-world application).
","State-of-the-art CNN architectures for FER (VGG, ResNet, DenseNet, EfficientNet) often have considerable complexity and high computational costs, making them unsuitable for practical, resource-constrained real-world applications like web-based online learning monitoring systems.
","Improve the model by using hybrid integration between state-of-the-art architectures to achieve higher quality of feature extraction; Run experiments on more complex datasets for evaluation.
",Yes,,Yes,,Partial,,Yes,,Partial,,Yes,,No,,Partial,,Transformer,Yes,Yes,Partial,Yes,Partial,Yes,No,Partial,Partial,2022,Vietnam (Hanoi Open University),Claimed,No
201,Manu 2026,DEVELOPMENT AND EVALUATION OF A REAL-TIME EMOTION DETECTION SYSTEM TO ENHANCE STUDENT INTERACTION,Consensus,"Manu, G. A., Setyosari, P., Ulfa, S., & Praherdhiono, H. (2026). Development and evaluation of a real-time emotion detection system to enhance student interaction. Journal of Educators Online. (Advance online publication) https://doi.org/10.9743/JEO.2026.23.1.9",2026,"Development and Evaluation of a Real-Time Emotion Detection System to Enhance Student Interaction

",Journal of Educators Online,Primary empirical / Case study,"To develop and implement a real-time emotion detection system using CNN to improve engagement in online learning, and to investigate how real-time emotion detection data influences student engagement and instructor teaching strategies.
","RQ1 (DL Methodology), RQ2 (Datasets), RQ3 (Performance), RQ4 (XAI & Limitations)","Indonesia (Citra Bangsa University, State University of Malang)
",Higher Ed (Undergraduate students in an Artificial Intelligence course),Custom web-based platform integrated with Zoom Meeting," Both (30 Students, 2 Instructors)",30 students, Undergraduate (2nd/3rd year),"60% male (18), 40% female (12)
"," AffectNet, FER2013, Custom (school-based facial expression dataset)
","Mixed (Public + Custom)
",Facial video (Webcam stream),"5 emotions (Happy, Sad, Angry, Surprised, Neutral)",Expert labellers / Automated (for public datasets); Human observers (for evaluation comparison),Online lecture capture (Simulated e-learning sessions via Zoom) + In-the-wild (Public datasets),Not stated,"Yes (Rotation, zoom, and contrast adjustment)
","CNN
","FaceAPI.js (TensorFlow.js based CNN)
",N/A (unimodal),,"None (Frame-by-frame analysis via webcam stream)
",No,Yes (Pretrained on AffectNet),"Partial (Fine-tuned using FER2013 and custom dataset)
",Not stated,Not stated (Mentions hyperparameter tuning of optimizer type),"Not stated (Mentions tuning learning rate)
","Not stated (Mentions tuning batch size)
",NR, None,No,,,No,Yes,No,"N/A (Mentions minimizing latency as a goal, but provides no ms/frame or FPS metric)
", Browser (Web-based application running FaceAPI.js via TensorFlow.js),FaceAPI.js (TensorFlow.js),"Yes (Integrated into a custom web platform used alongside Zoom Meeting)
",Yes (Instructors receive real-time emotional data to adjust teaching strategies; students can view their own emotion charts and generate PDF reports),"Yes (On-device processing/Edge computing: ""system was privately architected to run locally on users' devices, so personal data never crossed the wire""; Data anonymization and informed consent implemented)
",FER (facial expression) / Engagement detection,"Custom taxonomy (5 emotions: Happy, Sad, Angry, Surprised, Neutral)","86.4% (Overall); Happy: 93%, Neutral: 90%, Surprised: 88%, Sad: 83%, Angry: 78%","Happy (P:89, R:91, F1:90); Neutral (P:87, R:88, F1:87.5); Sad (P:78, R:75, F1:76); Angry (P:72, R:70, F1:71); Surprised (P:86, R:85, F1:85.5)",NR,No,NR,,"No (Compared against manual annotations from human observers for validation, but not against other DL SOTA models)
",No,No,No,No,"86.4% overall accuracy; 88% of students reported the system increased their engagement and motivation.
",No,"Cultural expression norms (Discussed in lit review: cultural differences shape how emotions are shown, and models may struggle in diverse demographic settings)",,"Partially (Discussed as a general challenge in the literature review, but not addressed in the study's methodology or evaluation)",," Limited sample size (N=30); simulated environment may not reflect actual online classroom dynamics/complexity.
","Varying accuracy across emotions (Anger lowest at 78%); performance impacted by lighting conditions, camera specs, and background irritants; lack of standardized instruction guidelines for instructors on how to respond to detected emotions.",None discussed,"Only 2 instructors involved, limiting generalizability of teaching strategy adjustments; students' prior e-learning experience may have biased engagement.","Online learning lacks immediate emotional feedback for instructors to adapt teaching strategies, creating a gap between online and traditional face-to-face interaction.
","Test the system in actual (non-simulated) online classroom environments with larger, more diverse participant groups; conduct long-term studies on teaching practices and engagement; include more instructors across various subjects; develop structured intervention protocols/guidelines for instructors responding to emotional data.",Yes,,Yes,,Partial,,Partial,,Yes,,No,,No,,Yes,,CNN/Hybrid,Yes,Yes,Partial,Partial,Yes,No,No,Yes,No,2026,Indonesia (Citra Bangsa University,Claimed,No
185,IEEEComputerSociety 2021,Lightweight and Interpretable Detection of Affective Engagement for Online Learners,Consensus,"Boulanger, D., Dewan, M. A. A., Kumar, V. S., & Lin, F. (2021). Lightweight and Interpretable Detection of Affective Engagement for Online Learners. In 2021 IEEE International Conference on Dependable, Autonomic and Secure Computing, International Conference on Pervasive Intelligence and Computing, International Conference on Cloud and Big Data Computing, and International Conference on Cyber Science and Technology Congress (DASC/PiCom/CBDCom/CyberSciTech) (pp. 176–184). IEEE. https://doi.org/10.1109/DASC-PICOM-CBDCOM-CYBERSCITECH52372.2021.00040",2021,Lightweight and Interpretable Detection of Affective Engagement for Online Learners.,"2021 IEEE International Conference on Dependable, Autonomic and Secure Computing, International Conference on Pervasive Intelligence and Computing, International Conference on Cloud and Big Data Computing, and International Conference on Cyber Science and Technology Congress",Experimental deep learning study evaluating lightweight CNN architectures and explainable AI for academic emotion detection from facial expressions.,"To investigate the feasibility of deploying lightweight, interpretable affective engagement detection models on edge devices and examine the impact of lightweight architectures (particularly SqueezeNet) on predictive accuracy, interpretability, trustworthiness, and generalizability.v","RQ1: Deep learning-based affective engagement detection in online learning.
RQ2: Academic emotion dataset characteristics and usage.
RQ3: Model performance evaluation and comparison.
RQ4: Explainability and interpretability using XAI.
RQ5: Future directions for engagement detection systems.","Not explicitly stated for the dataset collection in this paper. Authors are affiliated with Athabasca University, Canada",Online learners (specific educational level not reported).,Online learning environment using video lessons designed to elicit academic emotions while students were recorded through webcams,Students.,82 students.,17–26 years.,"Male: 29
Female: 53",OL-SFED (Online Learning Spontaneous Facial Expression Database).,Public academic emotion facial-expression dataset.,"Facial expression images
Webcam video recordings","Confusion
Distraction
Enjoyment
Neutrality
Fatigue","Students identified emotional episodes after completing lessons. Four external raters independently classified the same episodes. Majority voting was used.

Fleiss’ κ = 0.867
Cohen’s κ = 0.943 between students and raters.","Students watched online learning videos while being recorded at:

30 fps
Resolution: 720 × 1280
Various illumination and occlusion conditions.",Dataset reported as relatively balanced after face detection.,Not reported,"Two architectures were investigated:

Traditional CNN
SqueezeNet CNN","Best-performing models:

CNN3
SqueezeNet1",,"Single modality:

Facial expression images.",None.,No,No.,Not reported.,Not reported.,Bayesian Optimization used for hyperparameter tuning,0.0001,Not reported.,50 epochs.,"Dropout.

Best models:

CNN3: 0.5
SqueezeNet1: 0.5",Yes.,"SHAP (SHapley Additive exPlanations).

Specifically:

Expected Gradients implementation of SHAP.","Comparison of:

Predictive accuracy
Descriptive accuracy

Feature visualization through SHAP heatmaps.","Yes.

Authors questioned whether:

SqueezeNet learned meaningful facial features.
SHAP is appropriate for SqueezeNet architectures.","Yes.

Study focuses on deployment on:

Smartphones
Tablets
Laptops
Edge devices.v",No.,No,Edge-device-based affective engagement detection,"Viola–Jones face detector
CNN
SqueezeNet
SHAP explainability framework.",No.,No.,"Strong emphasis on:

Privacy-preserving deployment
Student-controlled AI companion
Local processing on edge devices
Avoiding storage of personal images outside learner control.",Academic emotion classification / affective engagement detection.,"Confusion
Distraction
Enjoyment
Neutrality
Fatigue","CNN3
99.37% testing accuracy
99.8% after threshold tuning.
SqueezeNet1
93.68% testing accuracy
97.0% after threshold tuning.",Average,"CNN3
AUC = 99.99%
SqueezeNet1
AUC = 99.38%",Yes,Not reported.,Not reported.,Traditional CNN vs SqueezeNet.,No.,No.,Not reported.,No.,"CNN3
Accuracy: 99.37%
SqueezeNet1
Accuracy: 93.68%",No,"Potential personalization bias discussed because the same individuals appeared in train, validation, and test sets.",None implemented.,No,No,"Same participants present across train, validation, and test sets.
Generalizability may be inflated.
Face detection failed on 3,820 images.
Dataset limited to facial expressions.","SqueezeNet explanations lacked interpretability.
Models trained on ideal face crops.
No evaluation on unseen individuals.","SHAP may not adequately explain SqueezeNet.
Human agreement with explanations not quantitatively measured.","Real-world deployment not validated.
Occlusion and face-detection issues remain.
Temporal emotional dynamics ignored","Need for:

Lightweight yet trustworthy emotion detectors.
Better explainability assessment.
Personalized edge-device learning systems.
Models that generalize beyond known users.","Person-centric emotion models.
Smaller personalized datasets.
Temporal emotion modeling.
Recurrent neural networks.
LSTM-based emotion analysis.
Hidden Markov Models.
Optical-flow approaches.
MobileNet evaluation.
ShuffleNet evaluation.
Xception evaluation.
Comparison of XAI methods:
SHAP variants
LIME
xRAI
Human evaluation of explanation",Yes,,Yes,,Partial,,Yes,,Yes,,Partial,,Yes,,Yes,,CNN/Hybrid,Yes,Yes,Partial,Yes,Yes,Partial,Yes,Yes,Yes,2021,Not explicitly stated for the dataset collection in this paper. Authors are affiliated with Athabasca University,Claimed,No
162,Long 2021,A Facial Expressions Recognition Method Using Residual Network Architecture for Online Learning Evaluation,Consensus,"Long, D. T. (2021). A Facial Expressions Recognition Method Using Residual Network Architecture for Online Learning Evaluation. Journal of Advanced Computational Intelligence and Intelligent Informatics, 25(6), 953–962. https://doi.org/10.20965/jaciii.2021.p0953",2021,A Facial Expressions Recognition Method Using Residual Network Architecture for Online Learning Evaluation,"Journal of Advanced Computational Intelligence and Intelligent Informatics (JACIII)
","Proof-of-concept
","To propose a CNN-based model using a residual network architecture (FERES) for facial expression recognition, utilize image augmentation to improve results, and design an integrated system for LMS to evaluate online learning processes.","RQ1 (Methodology), RQ3 (Performance Metrics)",Vietnam (Hanoi Open University),Higher Ed (University students),"Custom integration with a Learning Management System (LMS)
",Students (for FERS21 dataset) / Actors (Public datasets),"CK+ (927 images), Oulu-CASIA (1,440 images), JAFFE (213 images), FERS21 (599 images from 20 learners)",Not specified,"JAFFE (10 females); FERS21 (Males and females, exact % NR); Others: Not specified","CK+, Oulu-CASIA, JAFFE, FERS21 (Custom)","Mixed (Public + Custom)
",Static image (Facial),"CK+, Oulu-CASIA, JAFFE (6 basic emotions + Neutral/Contempt variants); FERS21 (2 labels: Happiness, NO-Happy)",Not stated,"Lab-controlled (CK+, JAFFE, Oulu-CASIA) / In-the-wild (FERS21 - ""collected from learners under fairly free conditions"")","Not stated (Paper notes FERS21 is imbalanced: 499 NO-Happy vs 100 Happiness, but no algorithmic mitigation like SMOTE is applied)
","Yes (Gaussian noise, rotation, zoom, shift, horizontal flip. 11x enlargement for small datasets)
","CNN (Residual Network / ResNet variant)
",FERES (Custom ResNet model with 16 Residual Units divided into 4 blocks; 49 convolutional layers total),"N/A (Unimodal)
","N/A
",,No,No (Trained from scratch),"Not applicable
",Softmax loss (Categorical cross-entropy implied),Adam,lr = 0.001; Scheduler not stated,64,200 epochs,"Batch normalization, Data augmentation
",Partially (visualized but not rigorously evaluated),Grad-CAM (Gradient-based localization / Heatmaps),Qualitative visualisation (Observation that heatmaps focus on mouth and eye areas),No,"Yes (""captures face pictures... for every certain period of time... repeated at a predefined time period (I) until the learner stops"")
",No,Not specified,"Not specified (Server-side receiving images from LMS)
",MTCNN (Used for face detection preprocessing),"Yes (Custom LMS via API connections)
","Yes (Recognized results sent to LMS for recording and tracking learning activities; institutions use evaluation to improve teaching)
",None / Not stated,FER (facial expression)," 7 basic (Ekman) + Neutral variations for public datasets; 2 custom (Happiness, NO-Happy) for FERS21","Yes. (Average 10-fold: CK+ = 99.68%; Oulu-CASIA = 98.47%; JAFFE = 96.20%; FERS21 = 95.33%)
","Not reported
","Not reported
"," Yes (For CK+, Oulu-CASIA, and JAFFE)","Not reported
","Not reported
","Yes (Compared against 7 other methods: Multi-task CNN, Attentional CNN, Dynamic Multi-task CNN, 2-channel CNN, etc.)",Yes,No,No,No,"99.68% accuracy on the CK+ dataset; 95.33% on the real-world FERS21 dataset.
",No,None reported,None / Not stated,No,,"Small N (JAFFE has very few images causing unstable validation; CK+ images are homogeneous); Lab-controlled only (CK+, Oulu-CASIA lack real-world pose/illumination variety); Class imbalance (FERS21 is heavily imbalanced towards NO-Happy).","High computational cost (23.5 million parameters, described as ""moderate size"" but significantly larger than his later 2022/2023 works); Generalisation failure (FERS21 accuracy is notably lower than controlled datasets due to free conditions/varied poses).
",XAI not validated (Grad-CAM is only visually interpreted).,"Latency too high / Not tested in real classroom (Inference speed/FPS not reported; System is a proposed design, not a live deployment test).
","Existing FER models struggle with the diversity of people showing the same facial expressions, and state-of-the-art architectures often have massive computational complexity (hundreds of millions of parameters) that hinders practical integration into resource-constrained LMS systems.
","Improve accuracy and efficiency by applying state-of-the-art loss functions (beyond softmax) and advanced CONV blocks like ""squeeze-and-excitation"" (SE); Design an automatic image data collection system to build larger datasets for real-world application; Build a full monitoring/assistant application for online learning students.
",Yes,,Yes,,Partial,,Yes,,Partial,,Yes,,No,,Partial,,CNN/Hybrid,Yes,Yes,Partial,Yes,Partial,Yes,No,Partial,Partial,2021,Vietnam (Hanoi Open University),Claimed,No
157,Wang 2024,YOLOv5 Based Student Engagement and Emotional States Detection in E-Classes,Consensus,"Shuai Wang, Abdul Samad Shibghatullah, Kay Hooi Keoy, Javid Iqbal, YOLOv5 Based Student Engagement and Emotional States Detection in E-Classes, Journal of Robotics, Networking and Artificial Life, 2023-2024, Volume 10, Issue 4, Pages 357-361, Released on J-STAGE September 11, 2024, Online ISSN 2352-6386, Print ISSN 2405-9021, https://doi.org/10.57417/jrnal.10.4_357, https://www.jstage.jst.go.jp/article/jrnal/10/4/10_12/_article/-char/en",2024,YOLOv5 based student engagement and emotional states detection in e-classes,"Journal of Robotics, Networking and Artificial Life

",Primary empirical / Proof-of-concept,"To develop a novel approach (SER-YOLO) for early detection of cyberbullying by analyzing student engagement and emotional states in real-time within e-learning environments, using an enhanced YOLOv5 model.","RQ1 (Methodology), RQ3 (Performance), RQ4 (Limitations)",Malaysia / China (Authors affiliated with UCSI University Malaysia and Yuncheng University China; Survey conducted in higher vocational colleges/universities).,Higher Ed (Higher vocational colleges and universities),Virtual classroom / E-class (Online learning environment),"Students
","520 survey respondents (287 male, 233 female); 668 images in custom dataset; 11,000 images in refined FER2013 dataset.",Not specified (Higher education students),"Survey: 55.2% Male, 44.8% Female. (Dataset gender distribution not reported).","FER2013, Custom (Self-constructed student facial expression dataset)","Mixed (Public + Custom)

",Static image (Frames extracted from classroom videos + public dataset images),"7 basic emotions (Anger, Surprise, Disgust, Happiness, Fear, Sadness, Neutral) mapped to engagement states (Mastery, Confusion, Non-mastery).",Custom (Extracted frames from recorded sessions and labeled; FER2013 cleansed/filtered by authors),Lab-controlled / Online lecture capture (Classroom videos surveilled),Yes (Method: Focal Loss incorporated to mitigate class imbalance),"Not stated (Standard YOLO augmentations like mosaic may be used by default, but not explicitly detailed in the text)", CNN / YOLO (One-stage object detector adapted for classification/detection),SER-YOLO (Based on YOLOv5s-6.0) ,N/A (Unimodal - Visual),"N/A
",None (Static frame analysis),Yes (Coordinate Attention [CA] module integrated into the backbone to strengthen channel characteristics and capture precise spatial data), Yes (Pre-trained weights yolov5s.pt utilized),"Full fine-tuning (Implied by training the enhanced network on the new datasets)
",Custom (EIOU Loss for bounding box regression + Focal Loss for classification/sample imbalance),Adam,lr0 = 0.01; lrf = 0.1 (Final learning rate factor),16,300 epochs,Weight decay (0.0005),No,,,No,Yes (Explicitly stated goal for real-time detection; YOLOv5 noted for reaching up to 140 FPS),"No (While the text mentions YOLOv5 can reach 140 FPS, no specific inference speed/FPS is reported for the proposed SER-YOLO model on their hardware).

",,"Edge device / Standard PC (Tested on Windows 10, Intel i5-11400H, NVIDIA RTX 3050)","YOLOv5s-6.0

",No,"Proposed only (Implied that it assists teachers in understanding learning experiences, but no system implemented).",,FER (facial expression) / Engagement detection,"7 basic (Ekman) + 3 engagement states (Mastery, Confusion, Non-mastery)","No
",Yes (Precision [P] reported. Self-constructed dataset overall: 87.3%; FER2013 overall: 75.6%),No,No,No,No,"Yes (Compared against the baseline YOLOv5 model)
","Partially (Only compared against its own baseline, not other SOTA FER architectures like ResNet, VGG, etc.)
","Partially (The paper describes enhancements—Soft NMS, CA module, EIOU+Focal Loss—but the results table only compares baseline YOLOv5 to the final SER-YOLO, without isolating the contribution of each individual component).",No,Yes (Tested on both a self-constructed dataset and FER2013),"On the self-constructed dataset, SER-YOLO achieved 87.3% Precision and 88.9% mAP@0.5 (an improvement of 3.9% in P and 3.0% in mAP@0.5 over baseline YOLOv5).",No,"None reported

"," Not stated (Though Focal Loss addresses class imbalance, demographic bias is not discussed)",No,, Limited modalities (only facial expressions currently used).," Not explicitly discussed in detail, though the lower performance on the FER2013 dataset (75.6% P) suggests difficulty with more varied/in-the-wild data compared to the controlled self-constructed dataset.",,"Inference latency was not empirically validated/reported for the modified model, leaving real-time claims unproven in the experimental results.

","Existing real-time detection capabilities for student facial expressions are inadequate, and there is a lack of timeliness in identifying emotional states and cyberbullying incidents in complex e-learning settings.

",Broaden the scope to encompass not only facial expressions but also body postures and gestures to provide a more comprehensive understanding of classroom dynamics and strengthen cyberbullying prevention.,Yes,,Yes,,Partial,,Partial,,Partial,,Partial,,No,,Partial,,CNN/Hybrid,Yes,Yes,Partial,Partial,Partial,Partial,No,Partial,No,2024,Malaysia / China (Authors affiliated with UCSI University Malaysia and Yuncheng University China; Survey conducted in higher vocational colleges/universities).,Claimed,No
152,Benisha 2023,Human Facial Emotion Recognition using Deep Neural Networks,Consensus,"Benisha, S., & Mirnalinee, T. T. (2023). Human facial emotion recognition using deep neural networks. The International Arab Journal of Information Technology, 20(3), 303-309. https://doi.org/10.34028/iajit/20/3/2",2023,Human Facial Emotion Recognition using Deep Neural Networks,The International Arab Journal of Information Technology, Empirical / Proof-of-concept,"To propose a deep learning model to detect the seven basic emotion classes, overcoming illumination variation, addressing the imbalance problem in CK+ and JAFFE datasets, and comparing the proposed model's accuracy with existing models.","RQ1 (DL Methodology), RQ3 (Performance Metrics)",India (SSN College of Engineering),Not specified (Mentions e-learning as an application domain in the abstract),Not applicable (Algorithmic/model development paper),Not applicable (Uses existing public image datasets),"CK+: 593 sequences from 123 subjects (13,467 images for training, 700 for testing after augmentation). JAFFE: 213 images from 10 subjects.",Not reported,JAFFE is exclusively female (10 Japanese women); CK+ not specified.,"CK+, JAFFE",Public,Static image,"7 basic emotions (Anger, Disgust, Fear, Happiness, Sadness, Neutral, Surprise)",Not stated (Standard benchmark datasets),Lab-controlled (Both datasets are taken from a controlled environment with constant lighting and head pose),Yes (method: Combined CK+ and JAFFE datasets and applied data augmentation),"Yes (Specific techniques not detailed, but applied to increase dataset size and address imbalance)",CNN,"Custom Deep Neural Network (6 convolutional layers, 3 max pooling layers, 2 fully connected layers)",N/A (Unimodal),,,No,No,N/A (Trained from scratch),Categorical cross entropy,Stochastic Gradient Descent (SGD),"Initial learning rate of 5e-5 (also mentions 4e-2 in results section), decreases every 15 epochs.",512 (also mentions 8 and 64 in results section for parameter tuning),Up to 1000 epochs,"Dropout (rate 0.2), Batch Normalization, Weight decay (1e-5)",No,,,No,"Partially (Authors claim the model ""can be used in real time applications like detection of facial emotion in real time web-cam"", but do not evaluate or test real-time latency).",No,,Nvidia GPU (implementation via PyTorch),"Not specified (Mention of ""face detection algorithm"" in preprocessing but not named)",No,No,,FER (facial expression recognition),"7 basic emotions (Anger, Disgust, Fear, Happiness, Sadness, Neutral, Surprise)",CK+: 98.49%; JAFFE: 96.91%,"Mentioned as calculated in the text, but exact values are not reported.",Not reported,Yes (Provided for JAFFE and CK+ datasets),Not reported,Not reported,"Compared against Jain et al. (2019), Happy and Routray (2015), Goyani and Patel (2017), Minaee et al. (2019), Sun et al. (2018), Niu et al. (2021).",Yes,"Partially (Tested performance by varying epoch count and batch size, but no architectural ablation)",No,No (Trained and tested on combined/specific splits of CK+ and JAFFE),"98.49% accuracy on CK+ and 96.91% on JAFFE, outperforming the compared state-of-the-art methods.",No,"None reported (JAFFE is limited to Japanese females, which poses a cultural/gender bias limitation not discussed)",,No,,"Addressed the class imbalance and small size of JAFFE via augmentation, but did not cite the lack of diversity as a limitation.","None explicitly stated in the results, though the conclusion mentions future work will focus on handling occlusions.",,None explicitly stated.,"Existing facial emotion recognition systems struggle with imbalanced datasets, illumination variations, and the fact that the same person can differ in how they portray an emotion.
",Extend the model for detection of compound emotions and micro emotions; focus on handling occlusions; improve accuracy of predicted emotions; address the strength of the emotion; apply facial emotion recognition in crime branch scenarios.,Yes,,Yes,,Partial,,Partial,,Partial,,Yes,,Not Reported,,Partial,,CNN/Hybrid,Yes,Yes,Partial,Partial,Partial,Yes,No,Partial,No,2023,India (SSN College of Engineering),Not Evaluated,No
149,Zang 2025,Leveraging BiLSTM-CRF and adversarial training for sentiment analysis in nature-based digital interventions: Enhancing mental well-being through MOOC platforms,Consensus,"Zang, J. (2025). Leveraging BiLSTM-CRF and adversarial training for sentiment analysis in nature-based digital interventions: Enhancing mental well-being through MOOC platforms. Digital Health, 11, 1–14. https://doi.org/10.1177/20552076251317345",2025,Leveraging BiLSTM-CRF and adversarial training for sentiment analysis in nature-based digital interventions: Enhancing mental well-being through MOOC platforms,Digital Health,Primary empirical,"To conduct fine-grained sentiment analysis of learners' interactions with nature-based digital interventions on MOOC platforms using a BiLSTM-CRF model with adversarial training (WBAT), aiming to enhance sentiment classification and provide insights for psychological interventions and curriculum design.","RQ1 (Methodology), RQ3 (Performance/Results), RQ4 (Limitations)",China (Author affiliated with Shandong Women’s University),Higher Ed (MOOC learners/Coursera users),MOOC platforms (specifically Coursera),Students (MOOC learners), Not explicitly numbered in terms of participants; based on datasets: SemEval-2014 Task 10 and Coursera student comments (split 7:2:1 ratio).,"Not specified
","NR (Not reported)
","SemEval-2014 Task 10, Coursera Dataset (Custom/Extracted)

",Mixed (Public benchmark + Custom educational dataset),Text,"3 sentiment polarities (Positive, Negative, Neutral) + Aspect term extraction labels (Sequence tags)",Mixed (Advanced sentiment lexicons + Manual annotations),Online lecture capture / MOOC platform reviews and tweets,"Not stated

","Yes (Adversarial sample generation: perturbations added in the embedding layer and semantic feature fusion layer to create adversarial examples combined with original samples)

",RNN / Bi-LSTM / Hybrid (BiLSTM-CRF + Transformer-based WoBert),BiLSTM-CRF-WBAT (WoBert-based Adversarial Training), N/A (Unimodal text),"N/A
",LSTM sequence (BiLSTM captures forward/backward context),Yes (Self-attention within the 12-layer WoBert encoding module),Yes (WoBert pre-trained model used for word embeddings and aspect sentiment classification),"Full fine-tuning (Implied, as the WoBert model is trained/adapted for the downstream aspect sentiment classification task)",Cross-entropy loss + Adversarial training loss (Combined total loss),Adam (Adaptive moment estimation) + RMRprop (Mentioned for network training),0.001 (No scheduler mentioned),8,~300 epochs (Validation stabilizes around Epoch 300),"Dropout (Rate 0.5 after Bi-LSTM; Rate 0.1 in adversarial training phase)
",No,,,No,Not evaluated,No,,Not specified,N/A (Text segmentation via Jieba),Proposed only (Suggests platforms can leverage this for system design and recommendations),Proposed only (Helps teachers identify needs and refine teaching content),,"Sentiment classification / Aspect term extraction
","3 sentiment polarities (Positive, Negative, Neutral)","Not explicitly reported as a single accuracy metric; focuses on P/R/F1.
","SemEval-2014: P=83.71, R=85.66, F1=84.67
Coursera: P=80.63, R=83.06, F1=81.76",No,No,No,No,"Yes (Compared against DT, CNN-LSTM, XGBoost, MGAN, and ablated versions: LSTM, BiLSTM, CRF, BiLSTM-CRF).
",Yes,"Yes (Systematically removed/replaced BiLSTM, CRF, WBAT, and tested different adversarial perturbation settings like s=9, s=4, ε=0.1, ε=5.0).",No,Yes (Tested on both SemEval-2014 and Coursera datasets),F1 score of 84.67 on SemEval-2014 and 81.76 on Coursera using the full BiLSTM-CRF-WBAT model with semantic feature fusion and adversarial training.,No,None reported,Not stated,No,,"Reliance on annotated data may limit generalizability to other educational contexts lacking similar datasets. Risk of overfitting given the specific nature of the datasets.

",Implicit sentiment extraction remains challenging (model may overlook subtle references).,,Not tested in real-time environments; lacks external knowledge base integration which limits handling of complex implicit text.,"Current classification techniques for educational big data frequently require manual text annotation, leading to reduced accuracy, inefficient processing, and lack of nuanced understanding of learner feedback regarding natural environment interventions in MOOCs.",Explore domain adaptation techniques or multimodal approaches to broaden applicability; further testing across diverse learning environments to address overfitting and generalizability.,Yes,,Yes,,Partial,,Partial,,Yes,,Yes,,No,,Yes,,Transformer,Yes,Yes,Partial,Partial,Yes,Yes,No,Yes,No,2025,China (Author affiliated with Shandong Women’s University),Not Evaluated,No
143,Asaju 2022,Adaptive Reasoning: An Affect Related Feedback Approach for Enhanced E-Learning,Consensus,"Asaju, C., & Vadapalli, H. (2022). Adaptive reasoning: An affect related feedback approach for enhanced e-learning. In A. Pillay et al. (Eds.), SACAIR 2022: Proceedings of the 3rd Southern African Conference for Artificial Intelligence Research (pp. 215-230). Springer. https://doi.org/10.1007/978-3-031-22321-1_15",2022,Adaptive Reasoning: An Affect Related Feedback Approach for Enhanced E-Learning,"SACAIR 2022 (Southern African Conference for Artificial Intelligence Research), Lecture Notes in Computer Science (CCIS 1734)",Proof-of-concept / Empirical,"To propose an adaptive reasoning mechanism that considers estimated affective states and learning affect in generating feedback with reasoning incorporated, utilizing a CNN-BiLSTM cascade framework for affective state analysis from temporal facial signals.","RQ1 (DL Methodology), RQ3 (Performance Metrics), RQ4 (Real-Time Deployment/Limitations)","South Africa (University of the Witwatersrand, University of Johannesburg)",Higher Ed (Computer Science students),Semi-controlled laboratory setting / Live lecture observation,Both (Dataset subjects for model training; Live students for testing/validation),"DAiSEE dataset: 9,068 video sequences from 112 subjects. Live test: 22 students. DISFA+ dataset: 4,755 unlabelled samples used for validation mapping.",Not specified (University Computer Science students for live test),Not reported,"DAiSEE (Primary), DISFA+ (Mapping validation), ImageNet (Implicit for ResNet pre-training)",Public,Facial video,"4 affective states (Boredom, Engagement, Frustration, Confusion); 3 learning affects (Positive, Negative, Neutral); 7 basic emotions (for mapping validation)",Crowd annotations (for DAiSEE),Online lecture capture / Lab-controlled,Not stated,Not stated,CNN-BiLSTM / Hybrid,ResNet-152 (feature extractor) + Bidirectional LSTM (temporal classifier),N/A (Unimodal - Facial video),,Bi-LSTM sequence (processing sequences of frame-level features extracted by ResNet),No,Yes (ResNet-152 pre-trained on ImageNet implied for feature extraction),"Feature extraction only (ResNet-152 used to output a 2,048 feature vector at the last max-pool layer; features fed to Bi-LSTM)",Binary cross-entropy,Not stated,Not stated,128,Maximum 100 epochs with early stopping,Early stopping (to avoid overfitting),Partially (discussed but not implemented as standard XAI),"Other (The paper proposes ""Adaptive Reasoning"" which maps estimated affective states to learning affects and generates interpretable feedback rules based on literature/survey mapping, but does not use standard visual XAI like Grad-CAM)",Human evaluation (Live testing and survey feedback were used to validate the reasoning/mapping between emotions and learning affects),No,"Not evaluated (Paper mentions real-time tracking as a goal in the introduction, but testing was done on recorded/stored video sequences)",No,,Not specified,Not specified,Proposed only (Serves as a first step toward development of complete e-learning platforms with adaptive feedback),"Yes (Generates feedback mapped to positive, negative, and neutral learning affects based on the adaptive reasoning mechanism for teachers and learners)",Yes (Ethical clearance No: H21/05/02 obtained from University's Human Research Ethics Committee; participation and consent forms used),Engagement detection / Multimodal affect,"4 engagement states (Boredom, Confusion, Engagement, Frustration)",86%,"Average Precision: 0.88, Average Recall: 0.86, Average F1-Score: 0.87. Per-class F1: Boredom (0.94), Confusion (0.85), Engagement (0.81), Frustrated (0.87).",Not reported,Yes,Not reported,Not reported,"LRCN (58.84%), ResNet + TCN (63.9%), SENET + LSTM + GALN (58.84%), STGAT (60.32%).",Yes,No (But mapping validation study was conducted using DISFA+ and live participants),No,"Yes (Trained on DAiSEE, tested on DISFA+ for mapping validation)",86% accuracy and 87% average F1-score on DAiSEE for 4 affective states. Successfully validated affective state to learning affect mapping via DISFA+ dataset and 22-participant live test/survey.,No,"None reported (Though DAiSEE dataset specifically contains 112 Asian subjects, which poses a cultural/demographic bias limitation not discussed by authors)",,No,,"None explicitly discussed by authors, though DAiSEE is limited to Asian subjects.","12.03% total misclassification rate, with high misclassification for frustration (21.38%) and engagement (15.34%). Mapping of ""fear"" to ""positive learning affect"" contradicts traditional intuition, though authors defend it via literature/survey.",,Not tested in a real classroom setting (tested in semi-controlled lab); not yet integrated into an actual e-learning platform.,"Most existing studies on affective states in e-learning are limited in their analysis of learning affects and lack mechanisms to provide appropriate, reasoned feedback to teachers and learners based on those states.","Explore the use of additional input signals such as eye gaze, head pose, physiological signals, and body posture along with feedback generation based on reasoning.",Yes,,Yes,,Partial,,Partial,,Yes,,Yes,,Partial,,No,,CNN/Hybrid,Yes,Yes,Partial,Partial,Yes,Yes,Partial,No,Partial,2022,South Africa (University of the Witwatersrand,Not Evaluated,No
125,Ashwin 2020,Automatic detection of students' affective states in classroom environment using hybrid convolutional neural networks,Consensus,"Ashwin, T. S., & Guddeti, R. M. R. (2020). Automatic detection of students' affective states in classroom environment using hybrid convolutional neural networks. Education and Information Technologies, 25(2), 1387-1415. https://doi.org/10.1007/s10639-019-10004-6",2020,Automatic detection of students' affective states in classroom environment using hybrid convolutional neural networks,Education and Information Technologies,Proof-of-concept / Empirical,"To propose a novel hybrid CNN architecture for analyzing students' affective states in a classroom environment (multiple people in a single image frame) using facial expressions, hand gestures, and body postures, and to predict the overall affective state (group engagement score) of the entire class.","RQ1 (DL Methodology), RQ3 (Performance Metrics), RQ4 (Real-time deployment/Limitations)",India (National Institute of Technology Karnataka Surathkal),Higher Ed (University students),Real classroom / In-the-wild classroom environment,Students,50 Indian students for dataset creation; 2 hours of classroom video with 2400 spontaneous image frames.,Not specified (University students),Not reported,"Custom (Dataset-1 and Dataset-2), ImageNet (for pre-training/classroom subset test)",Custom (novel),Static image (Intra-image multimodality: Facial expressions + Hand gestures + Body postures),"3 affective states (Engaged, Boredom, Neutral)","Expert labellers / Self-reported (For spontaneous data: 3 annotators including self-annotation, Cohen's kappa = 0.59)",Simulated classroom (Posed) / Real classroom (Spontaneous in-the-wild),Not stated (Authors note F1-score is lower for spontaneous data because affective states are not equally distributed),"Yes (Channel shift range, ZCA whitening, rotation range, width/height shift, shear range, zoom range, horizontal flip; increased training data size by 10-fold)",CNN / Hybrid,"Inception-V3 (Base), Custom Hybrid model (CNN-1 for single student + CNN-2 for multiple students, combined via feature fusion and collective average scoring)","Intermediate fusion (Intra-image feature fusion of multiple students' facial expressions, hand gestures, and body postures within a single frame using normalized predicted probability distribution)",Face + Pose + Hand gestures,None (Static image frame processing),No,Yes (ImageNet),Last N layers (Retrained the last pool layer/pooled three layers of Inception-V3; fine-tuned the bottleneck layer),Categorical entropy (Categorical Cross-Entropy),Adaptive momentum (Adam implied),0.1,100 (Validation and testing),4000 epochs,Not explicitly stated (Dropout layer mentioned in architecture diagram but rate not specified),No,,,No,"Partially (Mentions real-time nonverbal behavior recognition as a goal in literature review, and provides testing time, but doesn't explicitly claim real-time live deployment)",Yes,1200 ms per image (testing time),"Standard computer (8th Gen Intel Core i7-4510U, 8GB RAM, 2GB NVIDIA GeForce 840M)",Not specified (Uses object localization concepts but framework not named),No,"Proposed only (Calculates a group engagement score for the class frame, suggesting it can aid teachers, but no dashboard implemented)",,Engagement detection / Multimodal affect,"3 engagement states (Engaged, Boredom, Neutral)",Posed: 86% (Hybrid); Spontaneous: 70% (Hybrid),"Spontaneous Hybrid: Avg Precision 0.77, Avg Recall 0.72, Avg F1-score 0.62. Posed Hybrid: Avg Precision 0.91, Avg Recall 0.89, Avg F1-score 0.84.",Spontaneous Hybrid: 0.69; Posed Hybrid: 0.90,No,Not reported,Not reported,"AlexNet (51%), ResNet (53%), VGGNet (61%), Whitehill et al. (SVM, AUC 0.729), Zaletelj and Kosir (Kinect+KNN, Acc 0.753).",Yes,"Yes (Compared CNN-1 alone, CNN-2 alone, and the Hybrid model on both posed and spontaneous data)",No,"Yes (Tested on a classroom subset of the ImageNet database, though ground truth for affective states was unavailable for quantitative comparison)","The Hybrid CNN model achieved 86% accuracy on posed data and 70% accuracy on spontaneous in-the-wild classroom data, outperforming standalone CNN-1, CNN-2, and standard architectures (AlexNet, ResNet, VGGNet).",No,"None reported (Though dataset specifically uses 50 Indian students, limiting cultural/diversity scope)",,No,,No standard dataset available for classroom environment affective states; spontaneous data has unequal distribution of affective states leading to lower F1-scores; ground truth unavailable for ImageNet classroom subset testing.,"Standard deep learning architectures (AlexNet, ResNet, VGG) failed to perform well on classroom (multi-person) data; high computational training cost; testing time is 1200 ms per frame which is relatively slow for smooth real-time video.",,Kinect sensors have limited range and fail if students exceed 10 per frame; testing latency of 1.2 seconds per frame may hinder real-time feedback.,"Existing works primarily focus on single students in e-learning environments (single person in a single frame). There is a lack of algorithms analyzing multiple students simultaneously in a classroom environment using combined emotional (facial) and behavioral (posture/gesture) patterns, and no standard datasets exist for this scenario.",Explore the integration of cognitive aspects along with emotional and behavioral engagements; develop complete real-time feedback systems for teachers based on the group engagement score.,Yes,,Yes,,Partial,,Partial,,Yes,,Yes,,Not Reported,,Partial,,CNN/Hybrid,Yes,Yes,Partial,Partial,Yes,Yes,No,Partial,No,2020,India (National Institute of Technology Karnataka Surathkal),Not Evaluated,Yes
123,Chen 2022,Toward Children's Empathy Ability Analysis: Joint Facial Expression Recognition and Intensity Estimation Using Label Distribution Learning,Consensus,"Chen, J., Guo, C., Xu, R., Zhang, K., Yang, Z., & Liu, H. (2022). Toward children's empathy ability analysis: Joint facial expression recognition and intensity estimation using label distribution learning. IEEE Transactions on Industrial Informatics, 18(1), 16–24. https://doi.org/10.1109/TII.2021.3075989",2022,Toward children's empathy ability analysis: Joint facial expression recognition and intensity estimation using label distribution learning,IEEE Transactions on Industrial Informatics, Primary empirical / Proof-of-concept,"To analyze children's empathy ability by jointly recognizing facial expression categories and estimating expression intensities in an end-to-end framework, and to apply this to differentiate between typically developing (TD) children and children with autism spectrum disorder (ASD).","RQ1 (Methodology), RQ3 (Performance/Results), RQ4 (Limitations)",China (Authors affiliated with Central China Normal University and Harbin Institute of Technology Shenzhen),"Not specified (Early childhood / Preschool children, but not strictly an educational setting study)",Lab-controlled / Simulated classroom (Children exposed to emotional stimulus videos),Students (Children: TD and ASD),"60 expression sequences (30 TD, 30 ASD); each sequence = 1200 frames. Public datasets used: CK+ (~309 sequences), Oulu-CASIA (480 sequences), MMI (213 sequences).","Preschool children (exact age range not explicitly stated in text, but referenced as early childhood).",NR (Not reported),"CK+, Oulu-CASIA, MMI, Custom (Child Empathy dataset)",Mixed (Public benchmarks + Custom novel dataset),Facial video / Static image (frames extracted from sequences),"6 basic expression categories (anger, disgust, fear, happiness, sadness, surprise); K intensity levels (estimated continuously 0 to K-1).","Public datasets: Expert labellers (standard dataset labels).
Intensity labels: Automated (Linear interpolation + Gaussian function).
Child Empathy dataset: Expert labellers (Psychologist labeled dominant facial expression).",Lab-controlled (for all datasets; Child empathy dataset recorded under controlled emotional stimulus).,No,"No (Explicitly stated: ""To guarantee a fair comparison with previous methods, no data augmentation was used in our experiments."")",CNN / Hybrid (Siamese-like CNN),VGG-16 (Siamese architecture with shared parameters),N/A (unimodal - facial frames),,Sliding window / Pairwise frame sampling (Expressive frame + corresponding neutral frame from same sequence),No,Yes,Partially (Fine-tuned using VGG-Face pretrained model; FC layers specifically trained with lr=0.0001),Custom (Combination of Cross-entropy for 2 subtasks and l2-norm loss: loss_total = ‖w‖2 + γ1lossS1 + γ2lossS2 + γ3*lossS3),SGD (Stochastic Gradient Descent),0.0001 (for fully connected layers); No scheduler mentioned.,32 (frames or frame pairs),3000 iterations,"L2 regularisation (implied by ‖w‖2 in loss), Weight decay (implied)",No,,,,Not evaluated,No,,Not specified,MTCNN (Used for facial landmark detection and alignment),No,No,"Partially (Mentioned in figure caption: ""the eye region is masked for privacy"", but no computational privacy measures like encryption or federated learning).",FER (facial expression) / Engagement detection (Empathy ability evaluation),6 basic (Ekman) + continuous intensity estimation (0 to K-1),"Yes (Reported for peak, weak, and combined expressions. E.g., Peak expression CK+: 96.25%; Oulu-CASIA: 87.27%; MMI: 84.89%. Child Empathy TD: 93.3%; ASD: 90.0%)",No,No,No,Yes (MAE reported for intensity estimation. CK+: 0.087; MMI: 0.139)," No, but PCC (Pearson correlation coefficient) and ICC (intraclass correlation coefficient) reported. (CK+ PCC: 0.943, ICC: 0.915; MMI PCC: 0.878, ICC: 0.839)","Yes (Compared against VGG-16 baseline, PPDN, CSPL, AdaGabor, LBPSVM, BDBN, 3DCNN-DAP, STM-ExpLet, DTAGN, HOG 3D, Atlases).",Yes,Yes (Tested VGG-16 with EILD vs. Siamese with EILD vs. Siamese without EILD to prove the contribution of both the label distribution and the network architecture).,No,Yes (Model trained on CK+ was tested on the custom Child Empathy dataset).,Peak expression recognition accuracy of 96.25% on CK+; Intensity estimation MAE of 0.087 on CK+; 93.3% recognition accuracy on TD children and 90.0% on ASD children using cross-dataset validation.,No,"None reported (Though they compare TD vs. ASD, they do not frame the model's performance difference as an algorithmic bias issue).",Not stated,No,,Lab-controlled only (Constrained conditions); Small N for Child Empathy dataset (60 sequences).,"Generalisation failure / Poor occlusion handling (Explicitly stated: ""when head pose deviation or partial occlusion occurs, the proposed method fails to provide an accurate prediction"").",N/A (No XAI used),Not tested in real classroom / Hardware dependency not discussed for real-time.,"Existing FEA methods focus only on expression categories and neglect expression intensity, which is critical for fine-grained emotion analysis. Also, there is a lack of objective, non-invasive methods to analyze empathy ability in children.",Optimize the method to deal with unconstrained conditions via: 1) Head-pose-independent FEA by disentangling head pose features from expression features; 2) Occlusion-aware FEA by exploring discriminative local features and effective gate mechanisms.,Yes,,Yes,,Partial,,Partial,,Yes,,Yes,,No,,Yes,,CNN/Hybrid,Yes,Yes,Partial,Partial,Yes,Yes,No,Yes,No,2022,China (Authors affiliated with Central China Normal University and Harbin Institute of Technology Shenzhen),Not Evaluated,No
119,Banerjee 2026,ExpressNet-MoE: A hybrid deep neural network for emotion recognition,Consensus,"Banerjee, D., Gothwal, P., & Biswas, A. K. (2026). ExpressNet-MoE: A hybrid CNN-based mixture of experts architecture for facial emotion recognition. Machine Learning with Applications, 23, 100830.",2026,ExpressNet-MoE: A Hybrid CNN-Based Mixture of Experts Architecture for Facial Emotion Recognition,Machine Learning with Applications (Elsevier),Primary empirical study; deep learning model development and benchmarking,"To develop a novel hybrid facial emotion recognition (FER) architecture called ExpressNet-MoE that combines CNN feature extractors, transfer learning, and a Mixture of Experts (MoE) mechanism to improve emotion recognition performance across challenging FER datasets.","RQ1, RQ2, RQ3, partially RQ4 and RQ5","USA (University of Colorado Denver), though datasets are multinational/public.",Not applicable,Not directly evaluated; FER model applicable to engagement detection systems.,Facial image datasets (human subjects in FER datasets),"Multiple benchmark datasets used (AffectNet7, AffectNet8, RAF-DB, FER-2013). Exact combined sample size not reported in retrieved sections.",Not Reported,Not Reported,"AffectNet7, AffectNet8, RAF-DB, FER-2013",Public,Static facial images,AffectNet7: 7 emotions; AffectNet8: 8 emotions (including contempt); RAF-DB and FER-2013: 7 emotions,Dataset-specific; generally expert/crowdsourced annotations (not explicitly detailed in retrieved text),In-the-wild facial expression datasets,"Partially discussed; imbalance identified as a challenge, but no dedicated balancing technique reported.",Not explicitly reported; suggested as future improvement.,Hybrid CNN + Transfer Learning + Mixture of Experts (MoE),ExpressNet-MoE,Intermediate feature fusion,None (single facial-image modality with multiple feature extractors),,No attention module in current architecture; proposed as future enhancement.,Yes,Feature extraction using pretrained ResNet-50 trained on VGGFace2; classification head removed (include_top=False).,Categorical Cross-Entropy with Label Smoothing,Adam,Learning rate = 10⁻⁴; adaptive LR reduction used,32,15 epochs,"Dropout (0.1–0.5), Label Smoothing, Early Stopping, Checkpointing",No,,,No,Indirectly; proposed for real-world FER applications.,No,Not Reported,TensorFlow 2.0; 4 NVIDIA Titan Xp GPUs,MediaPipe face preprocessing/cropping pipeline,No,No,Not Reported,Facial Expression Recognition (FER),"Anger, Disgust, Fear, Happy, Neutral, Sad, Surprise (+ Contempt in AffectNet8)",AffectNet7: 74.77%; AffectNet8: 72.55%; RAF-DB: 84.29%; FER-2013: 64.66%,Reported per class and macro averaged,Not Reported,No,,,"ViT, MobileNet-v1, EfficientNet-B0/B2, EmoNeXt family, Face2Nodes, DDAMFN, QCS, DCNN-CBAM, NorFace, D-CNN, FER-VT, ResEmoteNet, GZS-ConvNet.",Yes,No evidence found,Yes; p-values reported from repeated experiments (n=3).,Yes; evaluated across four benchmark datasets.,"74.77% (AffectNet7), 72.55% (AffectNet8), 84.29% (RAF-DB), 64.66% (FER-2013).",Partial,"Demographic diversity, class imbalance, lighting variation, occlusion, skin-color differences.","Transfer learning, ensemble feature extraction, MoE adaptive learning.",No,,Class imbalance; noisy labels; grayscale low-resolution FER-2013 images; occluded RAF-DB faces.,Lower performance on RAF-DB and FER-2013; difficulty recognizing underrepresented emotions.,No explainability framework incorporated.,Real-world deployment not experimentally validated; no latency analysis.,"Existing FER systems struggle with real-world variability, class imbalance, occlusion, lighting changes, and adaptive feature selection.","Improve expert-selection mechanisms, increase number of experts, add attention modules, enhance preprocessing, improve dataset diversity, and use stronger augmentation techniques.",Yes,,Yes,,Yes,,Partial,,Yes,,Yes,,Not Reported,,Yes,,CNN/Hybrid,Yes,Yes,Yes,Partial,Yes,Yes,No,Yes,No,2026,USA (University of Colorado Denver),Not Evaluated,No
99,Bala 2023,Implementation of an adaptive E-learning platform with facial emotion recognition,Consensus,"Bala, M. M., Akkineni, H., Sirivella, S. A., Ambati, S., & Potharaju Venkata Sai, K. V. (2023). Implementation of an adaptive E-learning platform with facial emotion recognition. Microsystem Technologies, 29, 609-619. https://doi.org/10.1007/s00542-023-05420-1",2023,Implementation of an adaptive E-learning platform with facial emotion recognition,Microsystem Technologies,Proof-of-concept / Empirical,"To design and implement an adaptive E-learning environment that identifies facial emotions from a video stream of participants and fuses these basic emotions to categorize the learner's mood/type (Active, Passive, Non-Learner, Evaluative) to assist teachers in improving teaching strategies.","RQ1 (DL Methodology), RQ3 (Performance Metrics), RQ4 (Real-time Deployment)","India (Institute of Aeronautical Engineering, Hyderabad; PVP Siddhartha Institute of Technology, Vijayawada)",Higher Ed (Implied by institutional affiliations),Custom adaptive E-learning platform / Live webcam feed,Students,"FER2013 dataset: 35,887 images. Live testing sample: 189 frames across 7 emotions (as per Table 3).",Not reported,Not reported,FER2013,Public,Static image," 7 basic emotions (Angry, Disgust, Fear, Happy, Sad, Surprise, Neutral) mapped to 4 learner categories (Active, Passive, Non-Learner, Evaluative)",Not stated (Standard FER2013 crowdsourced labels),In-the-wild (Standard FER2013),Not stated,Not stated,CNN,"Custom 13-layer CNN (4 convolutional layers, 3 max-pooling layers, 3 dropout layers, 1 flatten layer, 2 fully connected/dense layers)","Late fusion / Rule-based mapping (Basic facial emotions are classified first, then fused/mapped using logic to define a single learner entity/category)","N/A (Unimodal visual, though emotions are fused conceptually into learner types)",None (Processes individual frames from live feed),No,No,N/A (Trained from scratch),Categorical cross-entropy,Adam,lr=0.0001,64,200 epochs (Also tested at 100 and 150),Dropout (rates of 25% and 50% used in different layers),No,,,No,Yes (Model takes input from a live webcam feed),No,,Local GPU machine (NVIDIA GeForce GTX 1050Ti),HAARCascade / OpenCV,Yes (Integrated into a proposed adaptive E-learning system to prompt the learner's mood/category),"Yes (Assists the teacher by notifying them of the student's learner category, helping them improve teaching strategies)",,FER (facial expression recognition) / Engagement detection (Learner categorization),"7 basic emotions (Ekman + Neutral); 4 engagement/learner states (Active Learner, Passive Learner, Non-Learner, Evaluative Learner)","94.44% (100 epochs), 96.81% (150 epochs), 97.40% (200 epochs)",Not reported,Not reported,No,Not reported,Not reported,"Compares against MCA-VGGNet (63-91%), CNN (72.4%), CNN-RNN (65%), DCCN HAAR Cascade (70%), and deep neural network (61.10%).",Yes,"Partially (Tested performance variation across epoch counts: 100, 150, 200)",No,No,97.40% accuracy on the FER2013 test set for 7-class emotion recognition; detection rates on live feed ranged from 75% (Disgust) to 94% (Neutral).,No,None reported,,No,,"None explicitly stated, though FER2013 is known for class imbalance which wasn't addressed.",None explicitly stated.,,None explicitly stated (Inference speed/latency not discussed despite live feed usage),"Existing E-learning platforms lack the ability to support the emotional side of students and classify their learning state (Active, Passive, etc.) automatically based on facial cues.",Continue to investigate and understand the emotional status of students in virtual classes and notify their state.,Yes,,Partial,,Partial,,Partial,,No,,Partial,,Not Reported,,No,,CNN/Hybrid,Yes,Partial,Partial,Partial,No,Partial,No,No,No,2023,India (Institute of Aeronautical Engineering,Claimed,No
91,Mohana 2025,XAI-DSCSA: explainable-AI-based deep semi-supervised convolutional sparse autoencoder for facial expression recognition,Consensus,"Mohana, M., Subashini, P., & Ghinea, G. (2025). XAI-DSCSA: explainable-AI-based deep semi-supervised convolutional sparse autoencoder for facial expression recognition. Signal, Image and Video Processing, 19, 394. https://doi.org/10.1007/s11760-025-03984-1",2025,XAI-DSCSA: explainable-AI-based deep semi-supervised convolutional sparse autoencoder for facial expression recognition,"Signal, Image and Video Processing",Proof-of-concept / Primary empirical,"To propose a novel Deep Semi-supervised Convolutional Sparse Autoencoder (DSCSA) to enhance FER performance and prediction accuracy with fewer samples and parameters, addressing overfitting and high computational costs in conventional CNNs.","RQ1 (DL Methodology), RQ2 (Datasets), RQ3 (Performance), RQ4 (XAI & Limitations)
",India / UK (Authors' affiliations),"Not specified (Mentions e-learning as a general application area, but study does not target a specific educational level)
",N/A (Lab-controlled / Static images)," Not applicable (Uses pre-existing image datasets)
",CK+: 593 video sequences (images); JAFFE: 213 images,CK+: 18–50 years; JAFFE: Not specified,CK+: NR; JAFFE: 100% Female (10 female subjects),"CK+ (Extended Cohn-Kanade), JAFFE (Japanese Female Facial Expression)",Public,Static image,"CK+: 8 classes (happy, angry, sad, surprised, contempt, disgust, fear, neutral); JAFFE: 7 classes (angry, disgusted, fearful, happy, neutral, sad, surprised)",Not stated (Inherent to the benchmark datasets),Lab-controlled,Yes (method: Data augmentation is mentioned to increase dataset size and balance samples to avoid overfitting; specific technique not detailed),"Yes (Authors state ""data argumentation has been used"", but do not specify methods like rotation/flipping)",Hybrid (CNN-Autoencoder),DSCSA (Deep Semi-supervised Convolutional Sparse Autoencoder),N/A (unimodal),,,No,No (Trained from scratch using unsupervised pre-training on unlabeled data),Partially (Encoder weights learned via unsupervised reconstruction are fine-tuned in a semi-supervised manner with labeled data using a SoftMax layer),"MSE (for autoencoder reconstruction), Categorical Cross-Entropy (for classification), KL-divergence (for sparsity penalty)",Adam, lr=0.001; Not stated (scheduler),32,100 epochs,"Sparsity penalty (KL-divergence), Batch normalization
",Yes,"Grad-CAM, Image-LIME",Qualitative visualisation (Heatmaps and super-pixel mapping analyzed against expected Facial Action Units),No,"No (Authors mention FER in real-time environments as a general problem, but do not evaluate/claim real-time capability for this specific model)",Yes (Training and testing times reported rather than inference latency),"Testing time: 2s (CK+), 2.5s (JAFFE) for the full test set","Not specified (Experiment ran on HP laptop with i3-1215U, 4GB RAM, and Google Colab with T4 GPU)",Other (Improved Viola-Jones algorithm with PSO),No,No,,FER (facial expression),7/8 basic (Ekman) + neutral/contempt,CK+: 98.98%; JAFFE: 93.10%,"CK+: P=0.97, R=0.99, F1=0.98; JAFFE: P=0.93, R=0.94, F1=0.93 (Macro/Weighted not specified, likely macro or overall)
","Visual ROC curves provided, specific AUC values not reported.",Yes,"MSE reported for reconstruction loss (CK+: 0.0415, JAFFE: 0.0517)
","N/A
","CNN, DenseNet-121, CAE (Convolutional Autoencoder)","Yes (Compared against AlexNet, RBM, PNN, DBN, cGAN, Boosted-LBP+SVM, etc.)",No,No,No,"98.98% accuracy on CK+ and 93.10% accuracy on JAFFE, outperforming baseline CNN, DenseNet-121, and CAE.",No,"None reported (Though JAFFE is single-culture/gender, and CK+ is lab-controlled)",,"Partially (The introduction mentions that the 7 primary expressions are culture-specific and not universally applicable, but the study does not address this in its methodology or evaluation)",,Small N / Lab-controlled only / Limited modalities (Static images only),"High computational cost for conventional deep networks (addressed partially by DSCSA, but still relies on external GPU for training); Misclassifications noted due to similarities in facial features across expressions (e.g., fear misidentified as disgust).
",XAI not validated quantitatively (no user study or faithfulness metrics),Not tested in real classroom / real-time environment; FER on static images may not fully capture real user emotions.,"Designing a computationally effective FER model using fewer datasets and incurring less computational cost, as most supervised FER systems rely on large labeled datasets and deep layers leading to overfitting.",A multimodal-based FER system will be proposed to analyze dynamic user emotion prediction and analysis (moving from static images to dynamic/multimodal data).,Yes,,Yes,,Partial,,Partial,,Yes,,Partial,,Partial,,Partial,,CNN/Hybrid,Yes,Yes,Partial,Partial,Yes,Partial,Partial,Partial,Yes,2025,India / UK (Authors' affiliations),Not Claimed,Yes
87,Gupta 2023,A multimodal facial cues based engagement detection system in e-learning context using deep learning approach,Consensus,"Gupta, S., Kumar, P., & Tekchandani, R. (2023). A multimodal facial cues based engagement detection system in e-learning context using deep learning approach. Multimedia Tools and Applications, 82, 28589–28615.",2023,A multimodal facial cues based engagement detection system in e-learning context using deep learning approach,Multimedia Tools and Applications (Springer),Experimental deep learning study proposing a real-time multimodal engagement detection framework,"To develop a real-time engagement detection system for e-learning using multimodal facial cues (facial emotion, eye blinking, and head movement) and deep learning methods.","Implicitly addresses: (1) multimodal engagement detection architecture, (2) facial emotion recognition using deep CNNs, (3) real-time engagement evaluation, (4) comparison with existing methods.","India (Thapar Institute of Engineering and Technology, Punjab, India)",Undergraduate and graduate students in e-learning environments,Real-time online learning / e-learning sessions using webcam video streams,Undergraduate and graduate students,50 students,19–25 years old,Not Reported,"WIDER Face, FER-2013, CK+, Own Dataset",Public benchmark datasets + custom dataset,"Facial images, facial expressions, webcam video streams","6 emotion classes: Happy, Neutral, Surprise, Sad, Angry, Fear",Public datasets use existing labels; own dataset manually collected and labelled with six emotions.,E-learning engagement monitoring using webcam streams. Own dataset collected from undergraduate students.,Not Reported,Not Reported,Multimodal framework combining CNN-based facial emotion recognition with facial landmark-based eye and head analysis,VGG19 and ResNet-50 for facial emotion recognition; Faster R-CNN for face detection; Dlib 68-point facial landmarks for eye/head tracking,"Decision-level fusion through Engagement Index (EI) combining emotion, eye-blink, and head movement outputs",Facial Emotion + Eye Blinking + Head Movement,Frame-based real-time video processing,No,Yes. Models initialized using WIDER Face dataset weights.,"Trained and tested on FER-2013, CK+, and own dataset.",Binary Cross Entropy,SGD,Not mentioned,128,20,Batch Normalization,No,,,Not discussed,Yes,No,Not mentioned,Webcam-based e-learning environment,Faster R-CNN + Facial Landmark Detection + Deep CNNs (VGG19/ResNet50),No direct LMS integration reported,"Yes, engagement feedback intended for teachers in real time.",Not Reported,Student Engagement Detection,"Happy, Neutral, Surprise, Sad, Angry, Fear",92.58%,Per class,No,Yes,No,No,"Thomas et al. (85%), Liu et al. (70%), Nezami et al. (72.38%), Hasnine et al. (73.40%)",Yes,No,No,Partial (multiple datasets combined),Engagement detection accuracy = 92.58%,No,,,No,,Lack of standardized engagement/disengagement datasets.,Lack of pre-trained engagement-specific models.,No explainability mechanism.,Requires large buffer space due to frame-by-frame processing.,Existing studies use individual modalities and are often offline or classroom-based; lack multimodal real-time engagement systems.,Combine multimodal approach with EEG/ECG sensors; evaluate on special-needs students; test additional deep learning models; extend beyond education domain.,Yes,,Yes,,Partial,,Yes,,Yes,,Yes,,No,,Yes,,CNN/Hybrid,Yes,Yes,Partial,Yes,Yes,Yes,No,Yes,No,2023,India (Thapar Institute of Engineering and Technology,Claimed,No
85,Wang 2025,A Lightweight Teaching Assessment Framework Using Facial Expression Recognition for Online Courses,Consensus,"Wang, J., Chen, X., & Zhang, Z. (2025). A lightweight teaching assessment framework using facial expression recognition for online courses. Applied Sciences, 15(23), 12461. https://doi.org/10.3390/app152312461",2025,A lightweight teaching assessment framework using facial expression recognition for online courses,Applied Sciences,Primary empirical / Proof-of-concept / Framework paper,"To propose a lightweight teaching assessment framework (LWKD-ViT) for online courses that accurately captures students' emotions in real-time while ensuring privacy via local processing, using an improved MobileViT-Local model enhanced with knowledge distillation.","RQ1 (Methodology), RQ3 (Performance), RQ4 (Limitations/XAI)",China (Authors affiliated with South China Agricultural University),Higher Ed (Undergraduate and postgraduate students),"Custom online course platform / local device processing
",Students,"26 subjects for custom dataset; Benchmark datasets: FER2013 (35,887), RAF-DB (15,339), RAFD (1607).","19–25 years
","18 males (69.2%), 8 females (30.8%)
","FER2013, RAF-DB, RAFD, SCAUOL (Self-built)", Mixed (Public benchmarks + Custom novel dataset),"Static image (Extracted frames from video streams)

","Benchmarks: 7 basic emotions (Anger, Disgust, Fear, Happiness, Sadness, Surprise, Neutral) + Contempt for RAFD.
SCAUOL: 8 learning emotions (Joy, Inquisitiveness, Contempt, Neutral, Irritation, Perplexity, Tedium, Diversion)
","Expert labellers / Crowdsourced (for public sets); Custom annotation for SCAUOL.

","Lab-controlled / Simulated classroom (SCAUOL collected in quiet, isolated environments replicating self-directed online learning)","Yes (Implicitly via StyleGAN-based data augmentation to expand the small SCAUOL dataset from 1519 to 2519 images)

",Yes (StyleGAN-based generation for SCAUOL; Standard framing/extraction every 48 frames),"ViT / Hybrid (MobileViT variant)
",MobileViT-Local (Improved fusion block) + VOLO-D2 (Teacher model),N/A (Unimodal visual),, Sliding window (3–5 second video segments averaged or processed via lightweight LSTM - mentioned in framework Step 4),"Yes (Transformer self-attention within MobileViT blocks; VOLO uses outlook attention)
",Yes (Implied for MobileViT backbone; YOLO-v7 pre-trained on large-scale facial recognition dataset for face detection),Knowledge distillation (Soft distillation from VOLO-D2 teacher to MobileViT-Local student),Custom (Combination of KL Divergence loss for soft targets and Cross-Entropy loss for hard targets: LTotal = (1 − λ)LCE + λτ2KL),Adam,1 × 10−4; Cosine annealing schedule,16,100 epochs,"Not explicitly stated (Standard ViT regularizations likely apply)
",Yes,Grad-CAM,Qualitative visualisation (Compared Grad-CAMs of student model with and without knowledge distillation to show that KD helps the model focus more precisely on key facial regions rather than global search).,No,Yes,Yes (Reported in FLOPs and model size rather than latency/FPS),Optimal FLOPs = 0.265 G (for XXS variant); Model size = 4.96 M. (Framework designed for real-time local processing on edge devices).,"Edge device / Mobile / Browser (Explicitly designed for laptops with limited GPU, smartphones, and tablets; local student device processing).",YOLO (YOLO-v7 used for face detection and bounding box)," Yes (Framework explicitly features a teacher dashboard receiving feature vectors, with alerts for persistent negative states, designed for seamless incorporation into conferencing software).

",Yes (Real-time heatmaps displaying emotion distribution across the class; personalized summaries of student performance).,"Yes (On-device processing: Emotion analysis performed locally on student devices; only emotion feature vectors/labels are transmitted to the teacher, eliminating the need to upload raw facial videos. Consent-based selective display strategy).","FER (facial expression)
","7/8 basic emotions + 8 custom learning emotions (Joy, Inquisitiveness, Contempt, Neutral, Irritation, Perplexity, Tedium, Diversion)",Yes (Top-1 Accuracy reported. Best on RAF-DB: 81.91%; FER2013: 66.20%; RAFD: 99.17%; SCAUOL: 94.96%),No,No,"Yes (For RAF-DB, FER2013, RAFD)",No,No,"Yes (Compared against MobileViT, EfficientNet, MobileNet v3, DeiT, ShuffleNet, ResNet, Swin-T, ConvNeXt, RegNet, CoAtNet).
",Yes,"Yes (1. Ablation on fusion module: MobileViT vs MobileViT-Local. 2. Ablation on KD: Different teacher models [RegNet, CoAtNet, VOLO]. 3. Ablation on hyperparameters: Different distillation temperatures [τ] and balance coefficients [λ]).",No, Yes (Trained/tested on 3 public benchmarks + 1 custom domain-specific dataset),"On the SCAUOL online learning dataset, the proposed model achieves a prediction accuracy of 94.96%. It maintains competitive accuracy on benchmarks while achieving optimal efficiency (0.265 G FLOPs, 4.96 M size for the XXS variant).",No, None reported,Not stated,No,,"Low accuracy on FER2013 attributed to data quality issues (low resolution, incorrect annotations in raw data). Small size of the custom SCAUOL dataset required GAN-based augmentation. Disgust expressions are subtle and easily confused with neutral expressions.

",General challenges in processing facial features in real-time while maintaining low computational demands on edge devices.,"XAI used only for qualitative feature extraction validation, not for bias or failure mode analysis.

", None explicitly stated; the framework successfully addresses its lightweight goal.,"Current FER systems rely on large-scale, computationally heavy models unsuitable for edge deployment, and often neglect student privacy by requiring video transmission to remote servers.",Process all raw data (especially FER2013) to enhance classification precision; further optimize the framework for broader deployment in diverse online learning scenarios.,Yes,,Yes,,Yes,,Yes,,Partial,,Yes,,Partial,,Yes,,Transformer,Yes,Yes,Yes,Yes,Partial,Yes,Partial,Yes,Yes,2025,China (Authors affiliated with South China Agricultural University),Claimed,Yes
82,Liu 2025,Leveraging Eye Movement for Instructing Robust Video-Based Facial Expression Recognition,Consensus,"Liu, Y., Wei, L., Liu, K., Chen, Z., Chen, Z., Tang, C., Chen, J., & Shan, S. (2025). Leveraging eye movement for instructing robust video-based facial expression recognition. IEEE Transactions on Affective Computing, 16(4), 3404-3413. https://doi.org/10.1109/TAFFC.2025.3599859",2025,Leveraging Eye Movement for Instructing Robust Video-Based Facial Expression Recognition,"IEEE Transactions on Affective Computing

","Primary empirical
","To propose an eye movement-instructed VFER (EM-VFER) framework that leverages high-quality eye movement signals during training to instruct visual learning, achieving robust performance without requiring costly eye-tracking devices during inference.","RQ1 (DL Methodology), RQ2 (Datasets), RQ3 (Performance), RQ4 (Limitations)
","China / Australia (China University of Geosciences, Central China Normal University, Chinese Academy of Sciences, La Trobe University)","Not specified
",,"Not applicable (Uses pre-existing video datasets and custom lab-collected dataset)
","EMER (Pre-training): 1,303 samples from 121 participants; DFEW: 11,697 videos; MAFW: 10,045 videos; Aff-wild2: 594 videos; CASME III: 943 samples; CASME II: 255 videos",NR,NR,"EMER (Custom), DFEW, MAFW, Aff-wild2, CASME III, CASME II
","Mixed (Custom novel pre-training dataset + Public downstream evaluation datasets)
",Multimodal (Facial video + Eye-tracking signals / Eye fixation maps for EMER; Facial video only for downstream),"7 basic emotions (Macro datasets); 3 categories (Micro datasets); 11 single categories (MAFW)
","Expert labellers / Crowdsourced (10 professional annotators for DFEW)
","Lab-controlled (EMER, CASME II/III) / In-the-wild (DFEW, MAFW, Aff-wild2)
",Yes (Uses UAR and UF1 metrics specifically designed to normalize for class imbalance),Not stated,Transformer / ViT / Hybrid,EM-VFER (MERT - Multimodal Emotion Recognition Transformer + PEML - Progressive Eye Movement-Instructed Learning),Attention-based / Cross-modal (Multi-level cross-modal fusion),Face + Gaze (Eye movement signals / visual eye features),Attention over time (ViT-based spatio-temporal encoding over 16 sampled frames),Yes (type: self-attention / cross-attention / learnable prompts),Yes (MERT pre-trained on custom EMER dataset),Last N layers / Progressive unfreezing (Encoders frozen; cross-modal fusion network and learnable prompting tokens are fine-tuned via PEML),"Cross-entropy (Lpre and LCE), Progressive weighting loss (Ll_PEML)
",AdamW, lr=1e-4; cosine annealing,"2
",NR,"Weight decay (1e-2)
",No,,,No,"Not evaluated (Mentions goal of saving computational costs and enhancing real-world applications, but no real-time test)
",No,,"Not specified (Trained on single NVIDIA GTX 4090 GPU)
","MTCNN (Used to detect 68 facial landmarks to extract visual eye movement info)
",No,No,,"FER (facial expression) / Multimodal affect
","7 basic emotions / 3 macro/micro categories / 11 single categories (MAFW)
","76.43% WAR (DFEW), 57.73% WAR (MAFW), 74.24% ACC (Aff-wild2)","UAR: 65.83% (DFEW), 44.15% (MAFW); UF1: 65.21% (CASME III)
",NR,"Yes (For DFEW, MAFW, Aff-wild2, CASME III)",NR,,"MMA-DFER, S2D, FineCLIPER, GReFEL, μ_BERT
",Yes (Compared against recent SOTA on 5 different datasets),Yes (Implied in the methodology discussion comparing pre-training strategies and progressive weighting; detailed tables cut off in excerpt),No,"Yes (Pre-trained on EMER, fine-tuned/validated on 5 distinct downstream datasets)
","Significant improvements over baselines; e.g., +21.14% UAR on DFEW, +14.59% WAR on MAFW, +6.06% ACC on Aff-wild2, and +16.36% UF1 on CASME III compared to visual-only MMA-DFER.
",No,"Cultural expression norms (Mentioned in intro: ""individuals from different cultural backgrounds... differences in facial expressions, which may interfere with the recognition of real emotions"")",,No,"None (Though UAR is used, which normalizes for class imbalance, it is not a demographic fairness metric)",Domain gap between high-quality eye movement signals (pre-training) and low-quality visual eye movement information (fine-tuning); micro-expression datasets lack sufficient realistic training data.," Existing methods struggle to capture subtle, fake, or flickering expressions; visual eye movement data extracted from video contains significant noise; catastrophic forgetting when adapting pre-trained models to downstream data.",None discussed," High cost of eye-tracking equipment limits practical real-world application (which the paper attempts to solve by removing the device at inference, but inference latency is not measured)."," Existing eye movement-based FER methods either require expensive sensing devices for high-quality signals or rely on unreliable low-quality visual extraction, making them ineffective for real-world deployment. Also, models struggle with expression camouflage and cultural variations.","Not explicitly stated in the excerpt (Conclusion section is cut off).
",Yes,,Yes,,Yes,,Yes,,Yes,,Yes,,No,,Partial,,Transformer,Yes,Yes,Yes,Yes,Yes,Yes,No,Partial,No,2025,China / Australia (China University of Geosciences,Not Evaluated,No
80,IEEE 2025,Facial Emotion Recognition for Online Classrooms using Lightweight Transfer Learning,Consensus,"Mustaffa, M. R., & Alsulaimani, M. A. (2025). Facial Emotion Recognition for Online Classrooms using Lightweight Transfer Learning. In Proceedings of the 3rd International Conference on Inventive Computing and Informatics (ICICI-2025) (pp. 706–711). IEEE. https://doi.org/10.1109/ICICI65870.2025.11069746",2025,Facial Emotion Recognition for Online Classrooms using Lightweight Transfer Learning.,Proceedings of the 3rd International Conference on Inventive Computing and Informatics (ICICI-2025).,Primary empirical study; proof-of-concept deep learning system development and evaluation.,To develop a mobile-based facial emotion recognition system that identifies classroom-relevant emotions from visual inputs in online classroom settings and supports adaptive teaching through emotion-sensitive feedback.,"RQ1: Deep learning architecture for facial emotion recognition in online learning.
RQ2: Educational emotion dataset construction and utilization.
RQ3: Performance evaluation of FER model.
RQ4: Real-world deployment and educational usability.
RQ5: Future improvements and research directions.",Malaysia,Online classroom learners (specific educational level not reported).,Online classrooms / virtual learning environments using classroom images.,Students (emotion dataset images) and Teachers (usability evaluation participants).,"Dataset size: Not reported.
User Acceptance Testing (UAT): 10 educators.",Not reported.,Not reported.,EMOTIC Dataset,Public dataset.,Static facial images.,"Neutral
Engagement
Excitement
Sadness
Fear",Original EMOTIC labels were grouped into education-relevant categories through semantic mapping,"Natural unconstrained images from EMOTIC dataset, filtered for classroom-relevant emotions.",Not stated.,"Yes.
Rotation
Horizontal flipping
Zoom",CNN (Transfer Learning).,MobileNet-based transfer learning model.,N/A (unimodal).,Facial images only,None.,No,"Yes.
ImageNet-pretrained MobileNet weights.","Transfer learning with replacement of final classification layers.

Added:

Global Average Pooling layer
Dropout layer (0.3)
Dense SoftMax output layer",Categorical Cross-Entropy.,Adam.,Learning rate = 0.0001.,Not reported.,50 epochs,"Dropout (0.3)
Data augmentation
Early stopping","Partially.
Visual result interpretation and emotion summaries are provided, but no formal XAI method implemented.",None reported.,User interpretability evaluation through User Acceptance Testing (UAT),"Yes.

Future work proposes:

Visual overlays highlighting decision regions.
Improved explainability and transparency.",Yes.,No.,Not reported.,"Android mobile platform
TensorFlow Lite
Firebase
Offline mobile deployment","OpenCV Haar Cascade face detector
MobileNet
TensorFlow Lite
TensorFlow
Firebase","Prototype only.

Not integrated into LMS.","Yes.

Provides:

Emotion summaries
Percentage-based emotional analysis
Teacher-facing interpretation support","Offline operation specifically highlighted.

No detailed security mechanism reported.",Facial Expression Recognition (FER).,"Neutral
Engagement
Excitement
Fear
Sadness",93%,Per Class,Not reported.,Yes,Not reported.,Not reported.,No direct experimental baseline comparison reported.,"Partial.

Related work discussed but no direct experimental benchmarking performed.",No,Not reported.,No,Overall accuracy: 93%,No.,"Potential difficulty distinguishing visually similar emotions:

Neutral vs Sadness
Engagement vs Excitement",Not reported.,No.,,"Dataset size not reported.
Limited emotion categories.
Educational subset manually curated.","Excitement frequently confused with:
Engagement
Fear
Subtle emotion differentiation remains challenging.","Lack of decision-region visualization.
Need for explainability overlays.","Not evaluated in live classroom workflows.
Real-world classroom deployment not yet validated.","Are not specifically designed for educational settings.
Often use general-purpose emotion categories.
Lack interpretable outputs for teachers.
Have limited support for low-bandwidth environments.","Add new emotion classes:
Confusion
Boredom
Use short video sequences.
Apply additional data augmentation:
Random occlusion
Lighting variation
Synthetic data generation using GANs.
Incorporate attention mechanisms.
Temporal modeling:
Recurrent networks
Transformer architectures
Multimodal fusion:
Voice tone
Body posture
Improve explainability through visual overlays.
Conduct real-world classroom trials.
Validate across diverse educational settings.",Yes,,Yes,,Partial,,Partial,,Yes,,Partial,,No,,Yes,,CNN/Hybrid,Yes,Yes,Partial,Partial,Yes,Partial,No,Yes,Partial,2025,Malaysia,Claimed,No
71,Awais 2021,LSTM-Based Emotion Detection Using Physiological Signals: IoT Framework for Healthcare and Distance Learning in COVID-19,Consensus,"Awais, M., Raza, M., Singh, N., Bashir, K., Manzoor, U., Islam, S. ul, & Rodrigues, J. J. P. C. (2021). LSTM-based emotion detection using physiological signals: IoT framework for healthcare and distance learning in COVID-19. IEEE Internet of Things Journal, 8(23), 16863-16871. https://doi.org/10.1109/JIOT.2020.3044031",2021,LSTM-Based Emotion Detection Using Physiological Signals: IoT Framework for Healthcare and Distance Learning in COVID-19,IEEE Internet of Things Journal,Proof-of-concept / Empirical,"To develop an integrated IoT framework that enables wireless communication of physiological signals to a data processing hub where LSTM-based emotion recognition is performed, offering real-time communication and recognition of emotions to enable health monitoring and distance learning support amidst the COVID-19 pandemic.","RQ1 (DL Methodology), RQ3 (Performance Metrics), RQ4 (Real-time Deployment)","United Kingdom, Pakistan, Brazil, Portugal (Based on author affiliations)","Not specified (General ""distance learning"" and ""students"")",Cloud-based IoT framework for virtual/distance learning environments,"Students (Implied by context of distance learning, though dataset subjects are general)",30 participants (from the utilized dataset),Not reported,Not reported,"Custom (Referenced as ""a novel physiological sensors-based data set"" from Sharma et al. 2019)",Public (Referenced as published in Nature Scientific Data by Sharma et al.),"Multimodal (Physiological signals: RSP, GSR, ECG, EMG, SKT, BVP)","4 emotions (Amusing, Boring, Relaxing, Scary)",Stimulus-based elicitation (Participants watched videos of four different emotional categories),Lab-controlled (Participants watched videos while physiological signals were recorded at 1000 Hz),Not stated (F-score is used as the primary metric to handle potential imbalance),No (Used overlapping windowing: 4-s window with 50% overlap),RNN / LSTM,LSTM,Early fusion (All sensing modalities are first combined column-wise into a single data matrix before being fed into the LSTM model),ECG + BVP + GSR + SKT + EMG + RSP (Tested various combinations: C1-EMG only; C2-ECG+BVP+GSR+SKT; C3-C2+RSP; C4-All sensors),LSTM sequence (4-s windows with 50% overlap),No,No,N/A (Trained from scratch),Not stated,"Adam (Implied by standard LSTM parameters, though not explicitly named in text; Table I lists standard parameters but omits optimizer name)",lr=0.001,64,50,Dropout (rate 0.2),No,,,No,Yes,"Yes (For IoT communication, but not for DL inference)",Communication latency < 1 ms (ultralow latency achieved by proposed TS-MAC and R-MAC protocols). DL inference time not reported.,Cloud server / IoT hub,"N/A (Physiological sensors, not visual detection)",Prototype only (Proposes integration with educational institutes and healthcare infrastructure for bespoke feedback),Proposed only (Suggests emotion profiling will be available to educational institutes for informed decisions/affective learning),,Multimodal affect (Physiological emotion recognition),"Custom taxonomy (Amusing, Boring, Relaxing, Scary)",Not reported,"F1-score (referred to as F-score) is the primary metric. Best overall F-score: 95.1% (C4 - all sensors). C2 (ECG, BVP, GSR, SKT) achieved >91%.",Not reported,Yes (Provided for different sensor combinations C1-C4),Not reported,Not reported,"Compares different sensor combinations (C1 vs C2 vs C3 vs C4). Compares IoT MAC protocols (TS-MAC, R-MAC) against legacy LLDN and LLDN-SS.","Partially (Compares IoT frameworks against state-of-the-art LLDN protocols, but does not compare DL model performance against other SOTA emotion recognition models on the same dataset).",Yes (Systematically analyzed the impact of reducing the number and type of physiological sensors on model performance),No,No,"95.1% F1-score for emotion classification using all physiological sensors (C4). Best trade-off between performance and wearability was C2 (ECG, BVP, GSR, SKT) with >91% F1-score. Ultralow communication latency of < 1 ms achieved.",No,None reported,,No,,Using a large number of sensors (like C4) is often impractical for real-life wearability and portability; EMG sensors placed on the face and upper back are impractical for distance learning contexts; RSP sensor placed under the armpit makes the system less practical.,"R-MAC IoT protocol sacrifices data precision (downsampling to 8-bit delta indicators) to achieve high reliability and low latency, which can cause limitations in other applications.",,Computational power and wearability are essential considerations for practical real-time implementation; current dataset relies on multiple bodily sensors that may not be seamlessly integrated into off-the-shelf wrist wearables (except for C2 combination).,Existing emotion recognition systems rarely integrate multimodal physiological methodologies at large and study the effect of combining a variety of sensors on system performance and wearability. There is a lack of IoT-enabled real-time emotion analysis systems to support distance learning and healthcare during the COVID-19 pandemic.,Extend the work with a focus on end-to-end communications and visual aids to support distance learning; incorporate edge services to enhance the feasibility of the proposed framework.,Yes,,Yes,,Partial,,Partial,,Yes,,Partial,,Not Reported,,Yes,,RNN/LSTM,Yes,Yes,Partial,Partial,Yes,Partial,No,Yes,No,2021,United Kingdom,Claimed,Yes
58,Long 2023,Efficient Multi-Task CNN for Face and Facial Expression Recognition Using Residual and Dense Architectures for Application in Monitoring Online Learning,Consensus,"Long, D. T. (2023). Efficient Multi-Task CNN for Face and Facial Expression Recognition Using Residual and Dense Architectures for Application in Monitoring Online Learning. International Journal of Fuzzy Logic and Intelligent Systems, 23(3), 229–243. https://doi.org/10.5391/IJFIS.2023.23.3.229",2023,Efficient Multi-Task CNN for Face and Facial Expression Recognition Using Residual and Dense Architectures for Application in Monitoring Online Learning,"International Journal of Fuzzy Logic and Intelligent Systems (IJFIS)
",Proof-of-concept,"To propose an efficient multi-task CNN (MTCNN) model combining residual and dense architectures to simultaneously perform face recognition (FR) and facial expression recognition (FER), and to integrate it into an LMS for monitoring online learning.","RQ1 (Methodology), RQ3 (Performance Metrics), RQ4 (Limitations/XAI)",Vietnam (Hanoi Open University),"Higher Ed (University students)
","Custom integration with a Learning Management System (LMS) via APIs
",Students (for HOUS22 dataset) / Synthetic/avatars (Public datasets use actors/posed images),"HOUS22: 639 images, 21 participants. Public datasets: JAFFE (213), CK+ (981), OuluCASIA (1,440), KDEF (4,900).","KDEF: 20-30 years; HOUS22, JAFFE, CK+, OuluCASIA: Not specified","KDEF: 35 females, 35 males; HOUS22: 8 females, 13 males; Others: Not specified
"," JAFFE, CK+, OuluCASIA, KDEF, HOUS22 (Custom)
",Mixed (Public + Custom),Static image (Facial),FR: Varies by dataset (10 to 140 individuals). FER: 7 basic emotions for KDEF/JAFFE; 6 emotions + neutral for CK+; 6 emotions for OuluCASIA; 2 emotions (Positive/Negative) for HOUS22.,"Not stated (Implied expert/professional for public datasets; Not stated for HOUS22)
","Lab-controlled (JAFFE, CK+, OuluCASIA, KDEF) / In-the-wild (HOUS22 - ""captured under real-world conditions sans specific constraints"")","Not stated (Though the paper notes JAFFE, OuluCASIA, and HOUS22 exhibit imbalance)
","Yes (Gaussian noise addition, rotation, shifting, scaling, horizontal flipping)
",CNN (Hybrid Residual + Dense-connected / Multi-task CNN),"MTFace (Custom architecture: 3 Residual Blocks + 3 Dense Blocks per task branch)
",Intermediate fusion (Hard-sharing of initial residual blocks for low-level features; Soft-sharing via concatenation of dense block features for high-level representation),"N/A (Unimodal - Face only, but tasks are fused: Face ID + Facial Expression)
",None ,No,"No (Trained from scratch; compared against a ResNet50V2 baseline that likely used pre-training, but the proposed MTFace did not)",Not applicable," Not stated (Likely categorical cross-entropy given softmax, but not explicitly defined)
",Adam,lr = 10^-5; Scheduler not stated,128,150 epochs,"Batch norm (within blocks), Data augmentation (to mitigate overfitting)
",Partially (discussed/visualized but not evaluated for fidelity),Grad-CAM," Qualitative visualisation (Heatmaps used to show focus on mouth, nose, and eyes)
",No,"Yes (""real-time tracking of students"", ""real-time demonstration experiment"")","No
", Not specified,"Client device (Web client / Mobile application)
","MTCNN (Used specifically for face detection/preprocessing before recognition)
","Yes (Custom LMS via APIs)
","Yes (Outcomes archived in historical record, notifications dispatched to learners, lecturers, and administrators)",Partial (Secure connection via user ID and security code transmitted between LMS and MTFace; Client-side processing mitigates image transfers),"FER (facial expression) / Face Recognition (Identification)
","Custom taxonomy per dataset (7 basic Ekman for KDEF/JAFFE; 6+1 for CK+; 6 for OuluCASIA; 2 binary Positive/Negative for HOUS22)
",Yes. (Average: JAFFE FR=99.55/FER=100; CK+ FR=99.90/FER=100; OuluCASIA FR=100/FER=100; KDEF FR=99.84/FER=99.92; HOUS22 FR=99.69/FER=99.69),Not reported,Not reported,No (But misclassified examples are visually shown in Figure 10),Not reported,Not reported,"Yes (ResNet50V2 based model, Li and Deng, Devaram et al., Bhatti et al., Ming et al., Long, Long et al., Yu and Xu)",Yes,No,No,No,"100% accuracy on both FR and FER tasks for the OuluCASIA dataset; Minimum accuracy of 99.55% on the JAFFE FR task.
",No, None reported,None / Not stated,No,,"Small N (JAFFE has only 213 images; HOUS22 has only 21 participants); Lab-controlled only (CK+, JAFFE, OuluCASIA, KDEF are posed/controlled, lacking real-world e-learning diversity); Limited modalities (Static images only, no video/audio).
",Generalisation failure (High accuracy on controlled datasets may not translate to completely unconstrained environments; HOUS22 showed difficulty distinguishing positive/negative expressions); Computational constraints limited training depth.," XAI not validated (Grad-CAM is only visually interpreted, not quantitatively evaluated for faithfulness)."," Latency too high / Not tested in real classroom (Inference speed/FPS not reported; System architecture is proposed but no live deployment data provided).
","Existing MTCNNs for simultaneous Face Recognition and Facial Expression Recognition are computationally complex and demand heavy resources, making them unsuitable for practical, resource-constrained online learning systems.",Refine multi-task CNN efficiency by incorporating established network architectures; Expand the model's scope to include supplementary tasks like head-pose estimation; Evaluate the model on larger and more diverse datasets to improve generalization.,Yes,,Yes,,Partial,,Yes,,Partial,,Yes,,No,,Partial,,CNN/Hybrid,Yes,Yes,Partial,Yes,Partial,Yes,No,Partial,Partial,2023,Vietnam (Hanoi Open University),Claimed,No
51,Maddu 2024,Online learners' engagement detection via facial emotion recognition in online learning context using hybrid classification model,Consensus,"Maddu, R. B. R., & Murugappan, S. (2024). Online learners’ engagement detection via facial emotion recognition in online learning context using hybrid classification model. Social Network Analysis and Mining, 14, 43. https://doi.org/10.1007/s13278-023-01181-x",2024,Online learners’ engagement detection via facial emotion recognition in online learning context using hybrid classification model,Social Network Analysis and Mining,"Primary empirical
","To propose a novel student engagement prediction model for online learners based on facial emotion, involving preprocessing, feature extraction (IAAM, SLBT, GBP, ResNet), emotion recognition via a hybrid IDBN+CNN model, and engagement detection using an improved entropy-based process.","RQ1 (DL Methodology), RQ2 (Datasets), RQ3 (Performance), RQ4 (Limitations)","India (Annamalai University)
"," Higher Ed (Implied, online learners/students)
","N/A (Lab-controlled simulation using standard datasets)
","Not applicable (Uses pre-existing image datasets)
","CK+: 981 images; FER-2013: 1400 images (Note: standard FER2013 usually has ~35k, but authors state 1400)",NR,NR," CK+, FER-2013
","Public
",Static image,"7 emotions (Angry, Disgust, Fear, Happy, Sad, Surprise, Neutral) -> mapped to engagement states (Engaged / Not Engaged)","Not stated
",Lab-controlled (CK+) / In-the-wild (FER-2013),"Not stated
","Not stated
","Hybrid (CNN + DBN)
",Hybrid IDBN + CNN (Improved Deep Belief Network + Convolutional Neural Network),"Late fusion (Outputs of IDBN and CNN are averaged: O* = (ΓIDBN + c(n)) / 2)
","N/A (Unimodal face, but hybrid feature extraction: IAAM, SLBT, GBP, ResNet)
",,No,"Partially (ResNet features are extracted, which imply ImageNet pre-training, though not explicitly stated)
",Feature extraction only (ResNet features fed into the hybrid classifier),"Inverse binary cross-entropy (for IDBN), Categorical cross-entropy (for CNN), Objective function averages both
",Adam,"lr=0.1 (DBN), lr=0.05 (RBM)
",32,"25 epochs (CNN), 1 epoch (RBM), 1 iteration (Backprop)
","Dropout (0.5 for CNN, 0.2 for DBN)
",No,,,No," Not evaluated (Mentions real-time engagement signals as a general goal, but does not test/claim real-time capability)
","Yes (Computational time reported)
","CK+: 31.28 seconds; FER-2013: 27.48 seconds (for the entire training/testing process, not per-frame inference)
","Not specified (Windows 11, Intel Core i5-1135G7, 16GB RAM)",Other (Viola-Jones model for face detection),No,"No (Discussed as a theoretical benefit: ""Teachers... have the ability to provide individualized support since they receive real-time feedback"")
",,"FER (facial expression) / Engagement detection
","7 basic emotions -> Binary Engagement (Engaged / Not Engaged based on improved entropy threshold)
","95% (CK+ at 80% learning %), 94.8% (FER-2013 at 80% learning %)","CK+: Precision 95.9%, F-measure 94.4%; FER-2013: Precision 92.8%, F-measure 90.2%, Sensitivity 87.8%",NR,"No
",NR, N/A,"CNN, DBN, SVM, LSTM, RF, DCNN, BiLSTM, LSTM-CNN, CNN (Cabada et al. 2020)","Yes (Compared against multiple recent baseline architectures)
","Yes (Compared method with extant AAM, extant DBN, and without feature extraction)
","Yes (Statistical analysis provided: Mean, Median, Min, Max, Standard Deviation across runs, though specific p-values or formal tests like ANOVA are not named)
","No (Tested separately on CK+ and FER-2013)
","95% accuracy on CK+ and 94.8% on FER-2013 using the hybrid IDBN+CNN model, outperforming standard single models.",No,"None reported (Mentions ""interclass and intraclass variance"" and ""differences in face shapes from person to person"" as general challenges)",,No,, None explicitly stated (though standard datasets used are lab-controlled/acted).,Difficulty recognizing dynamic facial features; poor image quality; face occupying only 10% of high-res images; visual background intricacies.,None discussed, None explicitly discussed.,"Existing systems detect perceived and non-perceived behavior states, causing frustration and dropout. Identifying emotions from dynamic facial features and high-resolution images where the face is small is difficult. Hybrid models are needed to optimize prediction and improve accuracy over single ML/DL models.","Use enhancement approaches to optimize the prediction model and improve findings from biometric features; examine a wider collection of facial action units monitored by CERT for a thorough understanding of the relationship between learning and affect.
",Yes,,Partial,,Partial,,Partial,,Yes,,Yes,,No,,Partial,,CNN/Hybrid,Yes,Partial,Partial,Partial,Yes,Yes,No,Partial,No,2024,India (Annamalai University),Not Evaluated,Yes
48,Abdellaoui 2024,Emotion Detection and Student Engagement in Distance Learning During Containment Due to the COVID-19,Consensus,"Abdellaoui, B., Remaida, A., Sabri, Z., El Bouzekri El Idrissi, Y., & Moumen, A. (2024). Emotion Detection and Student Engagement in Distance Learning During Containment Due to the COVID-19. Baghdad Science Journal, 21(4), 1432–1447. https://doi.org/10.21123/bsj.2023.8698",2024,Emotion Detection and Student Engagement in Distance Learning During Containment Due to the COVID-19,Baghdad Science Journal,Primary empirical study / Proof-of-concept system implementation,Develop an automated mechanism to estimate student engagement levels and emotional states from recorded online learning videos and combine both outputs for decision-making regarding student status.,"RQ1, RQ2, RQ3, RQ4, RQ5",Morocco,Higher Education,Google Meet-based distance learning during COVID-19; university online classes,Students,45 students (selected from 81 participants),Engineering university students (age not reported),Not reported,Custom private dataset,Private / Custom,"Facial video frames, facial images","Engagement: 2 classes (Engaged / Not Engaged)
Emotion: 7 classes (Angry, Disgust, Fear, Happy, Sad, Surprise, Neutral)","Rule-based labeling using face position, eye detection, and gaze direction from Haar Cascade processing",Real online classes during COVID-19 distance learning,Not stated,Not reported,CNN,Custom CNN (architecture details not reported),Late fusion of engagement CNN + emotion CNN outputs,Face images only,,No,Yes (emotion model described as pre-trained),Not reported,Not reported,Not reported,Not reported,Not reported,100 epochs (training graphs shown),Not reported,No,,,Not discussed,Near-real-time / Prototype system,No,Not reported,"Google Colab, Python",Haar Cascade (OpenCV),Prototype using Google Meet recordings,No dashboard; decision-making framework proposed,Student consent obtained; discussion of privacy/security concerns but no technical implementation reported,Engagement Detection + Facial Emotion Recognition,"Angry, Disgust, Fear, Happy, Sad, Surprise, Neutral",Training/validation accuracy graph shown (~84–86%),Not reported,Not reported,No,No,No,Literature discussion only,Partially,No,No,No,Validation accuracy approximately 85%; engagement estimation and emotion profiling successfully demonstrated,No,None reported,,No,,"Single university
Small sample size
Private dataset
Real-world recording variability","Binary engagement classification only
Difficulty detecting highly inclined faces
Face and eye detection failures
Limited engagement dimensions",No explainability analysis,"No latency evaluation
No deployment in operational LMS
Platform dependence
Data privacy and infrastructure challenges","Existing methods insufficiently integrate engagement and emotion estimation from visual recordings.
Cognitive engagement was not addressed.
Personality prediction and learning analytics remain unexplored.","Analyze LMS log files for cognitive engagement.
Predict student personalities from online posts.
Develop multi-level engagement models rather than binary classification.
Improve face detection robustness.
Incorporate presentation type analysis.
Estimate student-screen distance.
Enhance learning analytics and clustering strategies.",Yes,,Yes,,No,,Partial,,Partial,,Partial,,No,,Yes,,CNN/Hybrid,Yes,Yes,No,Partial,Partial,Partial,No,Yes,No,2024,Morocco,Not Evaluated,No
44,Nandi 2021,Real-Time Emotion Classification Using EEG Data Stream in E-Learning Contexts,Consensus,"Nandi, A., Xhafa, F., Subirats, L., & Fort, S. (2021). Real-time emotion classification using EEG data stream in e-learning contexts. Sensors, 21(5), 1589. https://doi.org/10.3390/s21051589",2021,Real-time emotion classification using EEG data stream in e-learning contexts,"Sensors

",Primary empirical / Proof-of-concept,"To develop a real-time emotion classification system (RECS) capable of classifying emotional states from a continuous physiological (EEG) data stream, using Logistic Regression trained in an online fashion via Stochastic Gradient Descent (SGD), and to evaluate its application in e-learning contexts.","RQ1 (Methodology), RQ3 (Performance), RQ4 (Limitations)","Spain (Authors affiliated with Universitat Politècnica de Catalunya, Eurecat, and Universitat Oberta de Catalunya). Dataset collected in Switzerland/Netherlands.", Not specified (General e-learners),"LMS / Client-server distributed system (EEG sensor as client, edge/fog device as server)",Students (Implied e-learners),"32 participants (from DEAP dataset)
",Not specified,"50% male (16), 50% female (16)","DEAP (Database for Emotion Analysis using Physiological Signals)

",Public,EEG (32 channels) + Peripheral physiological signals + Video,2 binary classifications: Valence (High/Low) and Arousal (High/Low),"Self-reported (Participants rated valence, arousal, dominance, and liking on scales after watching music videos; scores >= 5 mapped to High, < 5 to Low).

",Lab-controlled (Participants watched 40 60-second music videos while EEG was recorded),"Partially (Authors note the dataset is ""slightly imbalanced"" [808 High vs 472 Low for Valence] and explicitly use Balanced Accuracy and F1-score to address it, but no resampling technique is applied).",No,N/A (Traditional ML / Linear Model),Logistic Regression (LR) with Incremental Stochastic Gradient Descent (SGD),,"N/A (Only EEG used in the proposed model, though DEAP is multimodal)","Sliding window (60-second windows corresponding to video length; stream processed tuple-by-tuple)
",No,No,N/A (Online incremental learning from scratch),Log-likelihood objective function (Logistic cost function),Incremental Stochastic Gradient Descent (SGD),"0.05 (Fixed throughout training, determined via Cyclical Learning Rates experiment)",1 (Online learning: trained incrementally on each arriving data tuple),"1 (The model sees data exactly once, as required by streaming constraints)
","None explicitly stated for the online LR
",No,,,No,Yes,Yes (Data stream rate reported: 2 Mb/60 s),"2 Mb/60 s stream processing rate. Model uses ""interleaved test-then-train"" allowing real-time evaluation.","Edge device / Cloud server (Proposed architecture: EEG sensor as client, smartphone/edge/fog device as server)

",,"Proposed only (Discusses integration into LMS to adapt content based on learner emotion)

",Proposed only (Mentions using emotional information for adaptive and personalized learning),,Multimodal affect (Physiological signal classification),"Valence-Arousal (2D dimensional model, binarized into High/Low for both)",Yes (Balanced Accuracy. Valence: 66.33%; Arousal: 63.89%),Yes (F1-Score. Valence: 0.6995; Arousal: 0.6987),No,Yes,No,No,"Yes (Compared against 3 offline ML models: SVM, MLP, DT; and 5 online stream classifiers: HT, ARF, DWE, AEE, HAT)
",Yes (Outperformed other online streaming SOTA approaches in Balanced Accuracy),"Partially (Conducted a learning rate selection experiment using Cyclical Learning Rates, but no structural ablation)",No,No,"RECS achieved a Balanced Accuracy of 66.33% (Valence) and 63.89% (Arousal), outperforming all other online stream classifiers in accuracy. It achieved competitive F1-scores (~0.70).",No,"None reported

",Not stated,No,,"DEAP dataset is slightly imbalanced. Emotion labels are based on self-reporting after watching music videos, which may not perfectly translate to spontaneous e-learning emotions.","The proposed LR model is linear and may not capture complex non-linear EEG patterns as well as deep learning models (though authors argue DL is too computationally heavy for real-time streaming). Accuracy/F1 scores are moderate (~60-70%), leaving room for improvement.",,"Acknowledges that complex deep learning models outperform their lightweight linear model in offline scenarios, but defends the trade-off for real-time stream processing feasibility.","Conventional ML approaches for emotion recognition in e-learning are offline (requiring immutable, stored data viewed infinitely) and cannot handle continuous, real-time EEG data streams where data arrives fast and can only be seen once.","Incorporate concept drift handling mechanisms into the online classifier; integrate additional modalities (facial expressions, body gestures) alongside EEG; test the framework in live e-learning environments rather than simulated streams.",Yes,,Yes,,Yes,,Yes,,Yes,,Yes,,No,,Yes,,Other/NA,Yes,Yes,Yes,Yes,Yes,Yes,No,Yes,No,2021,Spain (Authors affiliated with Universitat Politècnica de Catalunya,Claimed,Yes
42,IEEE 2023,Lightweight Model for Emotion Detection from Facial Expression in Online Learning,Consensus,"Kabir, M. R., Dewan, M. A. A., & Lin, F. (2023). Lightweight Model for Emotion Detection from Facial Expression in Online Learning. In 2023 IEEE Canadian Conference on Electrical and Computer Engineering (CCECE) (pp. 174–179). IEEE. https://doi.org/10.1109/CCECE58730.2023.10288951",2023,Lightweight Model for Emotion Detection from Facial Expression in Online Learning.,2023 IEEE Canadian Conference on Electrical and Computer Engineering (CCECE).,Primary empirical study; proof-of-concept deep learning model development and evaluation.,To develop a lightweight deep learning model that can be deployed on low-resource edge devices and detect students’ educational emotions from facial expressions in online learning environments.,"RQ1: Deep learning architectures for educational emotion detection.
RQ2: Use of educational emotion datasets in online learning.
RQ3: Performance evaluation and comparison with state-of-the-art models.
RQ5: Research gaps and future directions for lightweight educational emotion detection systems.",Canada,Online learners / students (specific educational level not reported).,Online learning sessions recorded through webcams during online learning activities.,Students.,82 students.,17–26 years.,"Male: 29
Female: 53",Spontaneous Facial Expression Database for Academic Emotion Inference in Online Learning (OL-SFED).,Public dataset.,"Facial images
Facial videos (source recordings)","Confusion
Distraction
Enjoyment
Neutrality
Fatigue",Students labeled emotional episodes after recording. External raters independently classified the same emotions. Agreement between students and raters was reported as very high.,"Online learning activities
Webcam recordings
Natural environment
Different illumination conditions
Different occlusion conditions
Video recordings of 10–60 minutes
30 fps
Resolution: 720 × 1080",No,Not reported.,CNN-based lightweight transfer learning architecture.,"Pre-trained MobileNet backbone
Global Average Pooling 2D
Dense layer (128 units, ReLU)
Softmax output layer (5 classes)",,,,No.,Yes,"Partial fine-tuning.
Top MobileNet fully connected layers removed and replaced with:

Global Average Pooling
Dense layer (128 neurons)
Softmax classifier",Categorical Cross-Entropy,Adam.,Not reported.,Not reported.,100 epochs,Not explicitly reported.,No.,,,No.,Yes.,No,Not reported.,Edge devices used by online learners.,"Webcam-based facial expression detection
MobileNet-based CNN classifier",No.,No.,"Motivation includes:

Local processing on edge devices
Avoiding transmission of video streams to servers
Improving privacy and security of learner data",Facial Expression Recognition (FER) for educational emotion detection.,"Confusion
Distraction
Enjoyment
Neutrality
Fatigue","Proposed Model
Training Accuracy: 92.31%
Validation Accuracy: 92.31%
Test Accuracy: 90.46%","Precision: 0.8797
Recall: 0.7316
F1-score: 0.7988",Not reported.,Yes,Not reported.,Not reported.,"Compared against:

Inception-v3
Xception
Inception-ResNet
SqueezeNet
MobileNet",Yes.,No,No,No,"Proposed Model:

Test Accuracy = 90.46%",No.,None reported.,None reported.,"Partial.

Authors propose collecting data from different geographical locations in future work.",None.,"Limited number of students.
Limited number of tutorial sessions.
Need larger-scale dataset collection.","Confusion class frequently misclassified.
Additional parameter tuning needed.
Further optimization required.",No explainability evaluation performed. Authors propose SHAP and LIME for future work.,Real deployment not experimentally validated despite being proposed for edge devices.,There is limited research on lightweight deep learning models for educational emotion detection in online learning environments that can be deployed on edge devices.,"Hyperparameter optimization of the proposed architecture.
Explainable AI integration using:
SHAP
LIME
Investigating why classes are confused by the model.
Large-scale dataset collection.
More students.
More tutorial sessions.
Data from multiple geographical locations.
Improved model generalization.",Yes,,Yes,,Partial,,Partial,,Yes,,Yes,,No,,Yes,,CNN/Hybrid,Yes,Yes,Partial,Partial,Yes,Yes,No,Yes,No,2023,Canada,Claimed,No
40,Zhang 2024,A novel deep learning model to improve the recognition of students' facial expressions in online learning environments,Consensus,"Zhang, H., & Wang, M. (2024). A novel deep learning model to improve the recognition of students' facial expressions in online learning environments. Knowledge Management & E-Learning, 16(1), 134–150. https://doi.org/10.34105/j.kmel.2024.16.006

",2024,A novel deep learning model to improve the recognition of students' facial expressions in online learning environments,Knowledge Management & E-Learning: An International Journal (KM&EL),"Primary empirical / Proof-of-concept
",To address the limitations of low accuracy and poor feature extraction in existing automatic facial expression recognition methods by proposing a new deep learning model (DenseNetX-CBAM) for online learning environments.,"RQ1 (Methodology), RQ3 (Performance/Results), RQ4 (Limitations)",Hong Kong / China (Authors affiliated with the University of Hong Kong and Zhejiang University); Dataset from Gdansk University of Technology (Poland).,Higher Ed (Computer science students learning Java programming),Online learning environment / Simple program editor interface,Students, 33 students (from a broader dataset of 212); 217 video clips used.,19–22 years,"28 males (84.8%), 5 females (15.2%)","DevEmo dataset (Gdansk University of Technology)

",Public (Derived from a publicly available dataset),Facial video / Static image (frames extracted at 15-frame intervals),"5 emotional expressions (Anger, Surprise, Happiness, Confusion, Neutral)",Not stated (Inherited from the original DevEmo dataset),Online lecture capture (Students completing Java programming tasks online with induced interference behaviors),Not stated,"Yes (Brightness changes, rotation by 45°, data normalization, shuffling)","CNN / Hybrid (DenseNet + Attention)
",DenseNetX-CBAM (Modified DenseNet with Convolutional Block Attention Module),N/A ,N/A ,None (Static frame-based recognition; 15-frame interval sampling),"Yes (CBAM: Convolutional Block Attention Module, combining Channel Attention Module [CAM] and Spatial Attention Module [SAM])
"," Not stated (The paper describes building and training the architecture, but does not explicitly mention loading ImageNet pre-trained weights, though it references standard DenseNet structure).",,"Cross-entropy loss
",Adam,0.0001 (Initial); No scheduler mentioned.,8,50 epochs,"Batch normalization (within DenseNet blocks)
",Partially (discussed but not implemented as a separate XAI tool),"Attention Maps (CBAM generates spatial and channel attention weights, which inherently highlight important regions/channels, though no explicit visual output like Grad-CAM is shown for user interpretation).

",,No," No (Though the conclusion mentions potential for ""real-time adjustment"", no real-time capability is evaluated or claimed for the system itself).",No,"N/A

",Not specified,OpenCV (Used for video segmentation and face detection/cropping),No,"Proposed only (""has a high potential to help teachers... provide real-time adjustment"")",,FER (facial expression),"5 custom expressions (Anger, Surprise, Happiness, Confusion, Neutral)",85.6% (0.856),Macro F1-Score = 0.837,No,Yes,No,No,"Yes (Compared against GoogLeNet, MobileNetv2, VGG16, ResNet50, EfficientNet, and baseline DenseNet variants).
",Yes,"Yes (Tested Baseline DenseNet, DenseNetX, DenseNet-CBAM, DenseNetX-SAM, DenseNetX-CAM, and DenseNetX-CBAM to prove the efficacy of each component).",No,No,"85.6% accuracy and 0.837 Macro F1-score using DenseNetX-CBAM, with the lowest parameter count (705,195) among compared models.",No,"None reported (Dataset is heavily skewed: 28 males / 5 females, but this is not addressed as a bias risk).","Not stated

",No,,Dataset is domain-specific (Java programming students) and may not represent expressions in other courses. Only 5 emotions included (no disgust or fear). Gender imbalance in dataset.,Recognition rate may decrease in complex environments with varying lighting levels.,,Not tested in a live real-time classroom setting.,"Existing deep learning methods for FER suffer from low accuracy and poor feature extraction due to information loss during feature propagation and interference from irrelevant features.

","Conduct more empirical studies including other emotional expressions (e.g., disgust, fear); Test the model's robustness in complex environments with varying lighting; Explore application in other online course domains.",Yes,,Yes,,Partial,,Partial,,Yes,,Yes,,No,,Yes,,CNN/Hybrid,Yes,Yes,Partial,Partial,Yes,Yes,No,Yes,Partial,2024,Hong Kong / China (Authors affiliated with the University of Hong Kong and Zhejiang University); Dataset from Gdansk University of Technology (Poland).,Not Claimed,No
38,Moise 2024,Towards Integrating Automatic Emotion Recognition in Education: A Deep Learning Model Based on 5 EEG Channels,Consensus,"Moise, G., Dragomir, E. G., Șchiopu, D., & Iancu, L. A. (2024). Towards integrating automatic emotion recognition in education: A deep learning model based on 5 EEG channels. International Journal of Computational Intelligence Systems, 17, 230. https://doi.org/10.1007/s44196-024-00638-x

",2024,Towards integrating automatic emotion recognition in education: A deep learning model based on 5 EEG channels,International Journal of Computational Intelligence Systems,Primary empirical / Proof-of-concept,"To develop a reliable, high-accuracy automatic emotion recognition (AER) model for education using a reduced set of 5 EEG channels (to lower complexity/intrusiveness), and to provide reliable explanations for the model's predictions using a novel LIME-based analysis method."," RQ1 (Methodology), RQ3 (Performance), RQ4 (XAI/Limitations)",Romania (Authors affiliated with Petroleum-Gas University of Ploiești),Not specified (General academic learning environment),Conceptual integration into online learning / intelligent tutoring systems, Students (Implied learners),"32 participants (from DEAP dataset)
",Not specified,"NR (Not reported for this specific study, though DEAP is balanced)",DEAP (Database for Emotion Analysis using Physiological Signals),Public,"EEG (5 channels specifically selected: FP1, AF3, F7, T7, FP2)

","7 learning-centric emotions (Boredom, Confusion, Frustration, Curiosity, Excitement, Concentration, Anxiety) - binarized for presence/absence.","Automated mapping (Self-reported Valence, Arousal, Dominance ratings mapped to the 7 emotion categories using PAD mean/standard deviation thresholds from Russell & Mehrabian).",Lab-controlled (Participants watched music videos; original DEAP collection),"Yes (Acknowledged that classes are unbalanced; therefore, Precision, Recall, and F1-score are calculated alongside accuracy).","No (Feature extension via FFT sub-bands was used, but no traditional data augmentation mentioned)

","CNN (1D-CNN)
","Custom 1D-CNN (4 Convolutional layers + 3 Dense layers, adapted from Akter et al. 2022)","N/A (Unimodal - EEG)
",,None (Static feature extraction via FFT),No,"No (Model trained from scratch, architecture adapted from literature)",,Not explicitly stated (Likely Cross-entropy given Softmax output),Not explicitly stated,Not stated,100,"Up to 100 epochs with Early Stopping (Stopped between 22 to 67 epochs depending on the emotion model)
","Dropout (rate = 0.2), Batch Normalization, Early Stopping
",Yes,LIME (Local Interpretable Model-agnostic Explanations),"Custom / Qualitative visualisation (Authors propose an improved analysis method based on LIME using a majority voting ensemble principle: running LIME 20 times, calculating the absolute difference in feature occurrence frequencies supporting presence vs. absence, and ranking features to provide stable explanations).","Yes (Explicitly note LIME's instability/weakness: ""different interpretations are obtained with each run of the algorithm"", which their proposed method aims to solve).","Proposed only (Mentions that using 5 channels allows for building a low-cost wearable device for real-time recognition, but does not test real-time inference).",No,,"Edge device / Wearable (Proposed: ""possibility of building a low-cost wearable device"")

",,"Proposed only (Discusses integration into Intelligent Tutoring Systems and adaptive learning)

",Proposed only,"None (Discusses ethical risks of AER in education conceptually, but no technical privacy measures)

","Multimodal affect (Physiological/EEG signal classification)
","7 learning-specific emotions (Boredom, Confusion, Frustration, Curiosity, Excitement, Concentration, Anxiety)
","Yes (Boredom: 99.64%, Confusion: 99.70%, Frustration: 99.66%, Curiosity: 99.80%, Excitement: 99.91%, Concentration: 99.70%, Anxiety: 99.21%)","Yes (Calculated due to class imbalance, specific values truncated in provided text but methodology confirmed).",No,"Yes (""the classical confusion matrix is provided for each emotion recognition model"")",No,No,Yes (Compared against the same 1D-CNN architecture using 14 channels and two sets of 10 channels to prove that 5 channels maintain accuracy while reducing complexity).,"Yes (Compared against SOTA models in the literature table: GJFusion, ResLSTM, STS-Transformer, etc.)",Yes (Ablation on the number of EEG channels: 14 vs. 10 vs. 5),No,No,"Using only 5 EEG channels, the model achieved >99% accuracy for 6 of the 7 emotions and 99.21% for Anxiety, proving that channel reduction does not significantly degrade performance while drastically lowering model parameters (from 4.38M to 1.63M).
",No,"None empirically tested (Authors conceptually identify ""possible bias and discrimination of predictions"" as an ethical risk class of AER in education, but do not test their model for it).

","Not stated

",No,,"Emotion labels are generated via an automated PAD mapping formula rather than direct ground-truth human annotation for the specific 7 emotions. DEAP dataset relies on music video stimuli, which may not perfectly simulate classroom emotions.","High accuracy values (99%+) on DEAP may not generalize perfectly to real-world noisy classroom data.

","Acknowledges that LIME is inherently unstable, returning different results on each execution, which necessitated their custom ensemble-based LIME approach.

","Acknowledges that complex DL models pose ethical and practical deployment risks (intrusiveness, lack of transparency).","Existing high-performing AER models use too many EEG channels (14-32), leading to high resource consumption, long training times, and intrusive/bulky wearable requirements. Furthermore, most studies neglect the explainability of their predictions.","Test the model on other datasets; develop and deploy the 5-channel model on an actual low-cost wearable device for real-time classroom application; further refine explainability methods for AER in educational contexts.

",Yes,,Yes,,Yes,,Partial,,Yes,,Yes,,Partial,,Yes,,CNN/Hybrid,Yes,Yes,Yes,Partial,Yes,Yes,Partial,Yes,Yes,2024,Romania (Authors affiliated with Petroleum-Gas University of Ploiești),Not Evaluated,No
35,Gupta 2023,Facial emotion recognition based real-time learner engagement detection system in online learning context using deep learning models,Consensus,"Gupta, S., Kumar, P., & Tekchandani, R. (2023). Facial emotion recognition based real-time learner engagement detection system in online learning context using deep learning models. Multimedia Tools and Applications, 82, 11365–11394.",2023,Facial emotion recognition based real-time learner engagement detection system in online learning context using deep learning models,Multimedia Tools and Applications,Experimental system development and evaluation study.,To propose a deep learning-based real-time learner engagement detection system that uses facial emotion recognition to classify learners as engaged or disengaged during online learning sessions.,"RQ1: Deep learning architectures for emotion recognition and engagement detection.
RQ2: Datasets used for facial emotion recognition.
RQ3: Performance evaluation and comparison.
RQ4: Real-time deployment framework and engagement monitoring.
RQ5: Future improvement directions.","India (Thapar Institute of Engineering and Technology, Patiala, India).",Higher Education (undergraduate learners).,Online learning environment using online course videos and webcam-based monitoring.,Students,20 undergraduate learners participated in real-time system evaluation.,Undergraduate learners. Exact age not reported.,Not Reported,"WIDER Face
FER-2013
CK+
RAF-DB
Own Dataset",Mixed (Public + Custom),Facial images / Facial video frames,"Angry
Sad
Happy
Neutral
Surprise
Fear",Existing labels from public datasets; own dataset manually collected and labelled.,Real-time online learning environment and facial emotion recognition datasets.,Not stated.,Not Reported.,CNN,"Inception-V3
VGG19
ResNet-5",N/A (Unimodal facial modality),Face only,Frame-based processing from webcam video stream; frame extraction every 20 seconds.,No,Yes,Not clearly reported.,Softmax loss used for emotion classification.,SGD (reported for Faster R-CNN training).,Learning rate = 0.001 (Faster R-CNN).,128,Not Reported,Weight decay = 0.0001. Dropout used in VGG19 fully connected layers.,No,,,No,Yes,No,Not Reported,Webcam-based online learning environment.,"Faster R-CNN (face detection)
MFACEXTOR (Modified Face Point Extractor)
MediaPipe Face Mesh",No,Partially. Engagement percentage and engagement state are provided as feedback.,Not stated,Engagement Detection,"Happy
Sad
Angry
Neutral
Surprise
Fear",Yes,Average,No,Yes,Not Reported,Not Reported,"VGGNET
LDP-KPCA-DBN
ResNet+TCN
DFSTN",Yes,No,Not Reported,Yes,"Proposed + ResNet-50 achieved:

90.83% FER accuracy on Own Dataset
92.32% engagement detection accuracy.",No,None reported,None reported,No,,Confusion between similar emotions (fear and sad; sad and surprise) due to limited expression variation.,Emotion classes with low variance are difficult to distinguish.,No explainability mechanism included.,Not explicitly reported.,Existing engagement detection studies mainly focus on offline/classroom settings and lack real-time engagement detection for online educational environments.,Develop systems that support online learners when disengagement is detected and further improve real-time engagement monitoring in online learning environments.,Yes,,Yes,,Partial,,Partial,,Yes,,Yes,,No,,Partial,,CNN/Hybrid,Yes,Yes,Partial,Partial,Yes,Yes,No,Partial,No,2023,India (Thapar Institute of Engineering and Technology,Claimed,No
33,Jagadeesh 2022,Facial expression recognition of online learners from real-time videos using a novel deep learning model,Consensus,"Jagadeesh, M., & Baranidharan, B. (2022). Facial expression recognition of online learners from real-time videos using a novel deep learning model. Multimedia Systems, 28, 2285–2305. https://doi.org/10.1007/s00530-022-00957-z",2022,Facial expression recognition of online learners from real-time videos using a novel deep learning model.,Multimedia Systems (Springer).,Primary empirical study; deep learning model development and experimental evaluation.,"To plan and develop a new deep learning-based facial expression recognition (FER) model for online learners using real-time videos.
To determine which facial physical behaviours are associated with emotional states.
To determine how emotional states relate to student understanding and participation.
To provide feedback to teachers for improving learner experience.","RQ1: Deep learning architecture for FER.
RQ2: Dataset usage and emotion datasets.
RQ3: Performance evaluation and benchmarking.
RQ4: Real-time FER deployment and teacher feedback.
RQ5: Research improvements through optimized FER frameworks.",India,Online learners (specific educational level not reported).,"Online learning / virtual classroom environment using real-time video streams from online learners. Platforms discussed include:

Zoom
DingTalk
Rain Classroom",Students / Online learners.,"Custom Dataset

100 video frames
Each video contains 50 frames

Benchmark Dataset
48 videos
Each video contains 1000 frames",Not reported.,Not reported.,"Custom real-time online learning video dataset.
Bahcesehir University benchmark dataset:","Mixed:
Custom dataset
Public benchmark dataset","Facial videos
Video frames
Facial expression images extracted from videos","Angry
Contempt
Disgust
Fear
Happy
Neutral
Sadness
Surprise",Not stated.,"Real-time online learning videos.
Online classroom sessions.
Webcam/video conferencing environments.",Not stated.,Not reported.,Hybrid CNN-RNN.,"Proposed framework:

Viola–Jones Face Detector
Optimized Local Directional Texture Pattern (LDTP)
CNN Feature Extractor
Heuristically Modified RNN (HM-RNN)
Coyote–Deer Hunting Optimization (C-DHO)","Intermediate fusion.

CNN-extracted deep features are provided to HM-RNN for temporal expression recognition.",Facial image features from video frames only.,RNN sequence modeling.,No,No,Not reported.,Not reported.,"Coyote–Deer Hunting Optimization (C-DHO) used for:

LDTP threshold optimization.
HM-RNN hidden neuron optimization.",Not reported.,Not reported.,Not reported.,Not reported.,No.,,,No.,Yes,No,Not reported.,Online learning environment with real-time videos.,"Viola–Jones Face Detection
Optimized LDTP
CNN
HM-RNN
C-DHO optimization","Prototype only.
Potential integration discussed with:

Zoom
DingTalk
Rain Classroom","Yes.

The system identifies:

Emotions
Student participation
Student interest

Results are displayed as teacher feedback to improve learner experience.",Not reported.,Facial Expression Recognition (FER).,"Angry
Sad
Happy
Fear
Disgust
Normal
Surprise",92.3% (C-DHO-HM-RNN with patterns),"Precision	0.982628
Sensitivity (Recall)	0.936853
F1 Score	0.959194",Not reported.,No,Not reported.,Not reported.,"Classifier comparisons:

NN
DNN
SVM
CNN
RNN","Yes.
Compared against multiple conventional machine learning, deep learning, and optimization methods.","Partial.
Comparison:

With patterns
Without patterns

and comparison across optimization algorithms.",No.,"Yes.

Custom dataset and benchmark dataset used","Proposed C-DHO-HM-RNN achieved:

Accuracy = 92.3%
Sensitivity = 93.69%
Precision = 98.26%
F1 Score = 95.92%
MCC = 0.313",No.,None reported.,None reported.,No.,,"Real-time FER datasets remain challenging due to variability in facial expressions.
Existing FER methods suffer from inter-subject variation and low signal-to-noise ratio.","Limitations of existing methods discussed:

Computational complexity.
Pose variation.
Frame loss.
Illumination variation.
Spoofing attacks.
Real-world deployment challenges.",No XAI mechanism or explainability analysis provided.,"Challenges discussed include:

Occlusion.
Lighting changes.
Head-pose inconsistencies.
Low-resolution online video streams.","The paper identifies that existing FER approaches:

Fail to robustly recognize facial expressions in online learning environments.
Struggle with dynamic real-time video analysis.
Have difficulty handling inter-subject variability.
Show limitations in recognition accuracy and optimization.","Implicit future directions include:

Improving FER robustness in online education.
Better optimization of feature extraction and classification.
Enhanced real-time learner monitoring systems.
More effective adaptive learning environments.",Yes,,Yes,,Partial,,Partial,,Yes,,Yes,,No,,Partial,,CNN/Hybrid,Yes,Yes,Partial,Partial,Yes,Yes,No,Partial,No,2022,India,Claimed,No
32,Lin 2020,Continuous Facial Emotion Recognition Method Based on Deep Learning of Academic Emotions,Consensus,"Lin, S.-Y., Wu, C.-M., Chen, S.-L., Lin, T.-L., & Tseng, Y.-W. (2020). Continuous Facial Emotion Recognition Method Based on Deep Learning of Academic Emotions. Sensors and Materials, 32(10), 3243–3259. https://doi.org/10.18494/SAM.2020.2863",2020,Continuous Facial Emotion Recognition Method Based on Deep Learning of Academic Emotions.,Sensors and Materials,Experimental deep learning study proposing a continuous facial emotion recognition framework for academic emotions in e-learning environments.,"Establish a continuous facial emotional pattern recognition model.
Identify students’ academic emotions using continuous facial emotional patterns.
Improve adaptive learning systems through real-time academic emotion recognition.","RQ1: Can CNN and LSTM be combined to recognize continuous academic emotions?

RQ2: Can continuous facial emotion recognition outperform single-image emotion recognition?

RQ3: How accurately can academic emotions be recognized in e-learning contexts?

RQ4: Can continuous emotion recognition support adaptive learning systems?

RQ5: What are the limitations and future opportunities for academic emotion recognition?",Taiwan,Higher education,Adaptive learning and e-learning environments. The study aims to provide real-time learner feedback for adaptive learning systems,"College students for academic emotion experiments.
Facial emotion datasets containing human facial expressions.","Academic emotion experiment:

21 college students
Each watched 3 instructional clips
Total academic emotion videos = 63",Not reported.,Not reported.,"FER2013
RAVDESS (Ryerson Audio-Visual Database of Emotional Speech and Song)
Academic Emotion Dataset collected using AEQ questionnaires","Public benchmark datasets
Custom academic emotion dataset","Facial images
Video sequences
Facial expression sequences
Questionnaire responses (AEQ)","Enjoyment
Hope
Pride
Anxiety
Shame
Anger
Hopelessness
Boredom","FACS (Facial Action Coding System)
AEQ (Achievement Emotions Questionnaire)
Human labeling",Students watched instructional videos and completed AEQ questionnaires. Academic emotions were matched with corresponding video segments.,"Partial.

Authors adjusted score weighting because positive and negative academic emotions were unevenly distributed.",Not reported.,Hybrid CNN-LSTM framework.,"AlexNet CNN
LSTM network
CNN-LSTM sequential architecture","Stage 1

CNN-based facial emotion recognition:

Face extraction
AU extraction
Emotion classification
Stage 2

LSTM-based temporal modeling:

CNN SoftMax outputs
Input to LSTM
Continuous emotion classification","Feature-level sequential fusion:

CNN output probabilities → LSTM temporal modeling.",Long Short-Term Memory (LSTM) used for modeling temporal emotion changes across image sequences and videos,No.,Not reported.,Not reported.,Not reported.,Not reported.,Not reported.,Not reported.,Not reported.,Not reported.,No,Not reported.,Not reported.,No,"Yes.

The proposed system aims to recognize students’ academic emotions in real time and provide immediate adaptive learning responses.",E-learning and adaptive learning systems.,Face detection preprocessing used before emotion recognition.,Conceptual integration with adaptive learning systems.,Not reported.,Not reported.,Not reported.,Not reported.,Continuous facial emotion recognition and academic emotion recognition.,"Neutral
Happy
Sad
Angry
Fear","CNN + LSTM positive/negative emotion recognition:

84.33% accuracy.",Not reported.,Not reported.,No,Not reported.,Not reported.,Not reported.,Not reported.,Not reported.,Not reported.,"Partial.

Model trained and evaluated using FER2013, RAVDESS, and academic emotion datasets.","CNN + LSTM positive/negative emotion recognition:

84.33% accuracy",No.,Not reported.,Not reported.,Not reported.,,"Small academic emotion dataset.
Limited number of academic emotion videos.
Imbalanced academic emotion distribution.","Student facial expressions in e-learning environments are often subtle.
Recognition becomes difficult when expression changes are small.",Real classroom implementation remains challenging due to weak facial expression intensity.,No explainability framework provided.,"Most prior FER studies analyze only static images.
Academic emotions should be modeled continuously over time.
Real-time adaptive learning lacks immediate emotion feedback.
Academic emotion datasets remain limited.","Develop larger academic emotion datasets.
Expand from binary positive/negative emotions to detailed academic emotion categories.
Use more advanced CNN architectures than AlexNet.
Integrate the framework into adaptive learning environments.
Detect students experiencing learning difficulties in real time.",Yes,,Yes,,Partial,,Yes,,Partial,,Partial,,No,,Yes,,CNN/Hybrid,Yes,Yes,Partial,Yes,Partial,Partial,No,Yes,No,2020,Taiwan,Claimed,No
31,Kabir 2024,Emotion Detection from Facial Expression in Online Learning Through Using Synthetic Image Generation,Consensus,"Kabir, M. R., Dewan, M. A. A., & Lin, F. (2024). Emotion detection from facial expression in online learning through using synthetic image generation. In H. Degen & S. Ntoa (Eds.), Human-Computer Interaction International 2024 (HCII 2024), Lecture Notes in Artificial Intelligence (LNAI 14735) (pp. 202–216). Springer Nature Switzerland. https://doi.org/10.1007/978-3-031-60611-3_15",2024,Emotion Detection from Facial Expression in Online Learning Through Using Synthetic Image Generation.,"HCII 2024, Lecture Notes in Artificial Intelligence (LNAI 14735), Springer Nature Switzerland.","Primary empirical study involving development and evaluation of a lightweight deep learning model for educational emotion detection, combined with GAN-based synthetic image generation.","Propose a lightweight deep learning model based on MobileNet architecture for educational emotion detection deployable on students’ edge devices.
Propose a GAN-based synthetic image generation technique to address educational emotion dataset scarcity.
Improve educational emotion detection performance in online learning environments.","Can a lightweight deep learning architecture achieve competitive educational emotion detection performance?
Can synthetic image generation improve educational emotion recognition performance?
Can educational emotion detection be effectively deployed on students’ edge devices?",Canada,Online learners (higher education students participating in online learning sessions).,Online learning environment using webcam-recorded student facial videos during online learning sessions.,Students participating in online learning sessions.,82 students.,17–26 years.,"Male: 29
Female: 53","Spontaneous Facial Expression Database for Academic Emotion Inference in Online Learning (Bian et al., 2019).",Public educational emotion dataset,"Facial images
Facial videos
Webcam recordings","Five educational emotions:

Confusion
Distraction
Enjoyment
Neutrality
Fatigue","Students self-labeled their emotions after recording.
External raters also labeled the images using the same emotion categories.","Online learning sessions.
Webcam recordings.
Natural environments.
Various illumination conditions.
Various occlusion settings.
Recording duration between 10 and 60 minutes.",Yes.,"Yes.

Conditional Generative Adversarial Network (CGAN).
Original dataset: 30,184 images.
Synthetic images generated: 70,000.
Final augmented dataset: 100,184 images.",CNN-based lightweight architecture using MobileNet.,"Proposed architecture:

Pretrained MobileNet backbone (top layer removed)
Global Average Pooling 2D
Dense layer (128 neurons, ReLU)
Softmax output layer (5 classes)",Not applicable (single modality).,None.,None.,No,Yes.,"Removed MobileNet top classification layer.
Added custom pooling, dense, and softmax layers.
Fine-tuned on educational emotion dataset.",Categorical Cross-Entropy.,Adam,Not reported.,Not reported.,100 epochs,"Dropout regularization in discriminator.
Transfer learning via MobileNet.",No,None.,None.,Not discussed.,Yes,No.,Not reported.,"Students’ edge devices:

Mobile phones
Tablets
Laptops","Phase 1:

CGAN synthetic image generation

Phase 2:

MobileNet-based lightweight educational emotion detector",No ,No,Not reported.,Educational Emotion Detection / Facial Expression Recognition.,"Confusion
Distraction
Enjoyment
Neutrality
Fatigue",Proposed Lightweight Model	92.58%,"Metric	Original	Augmented
Precision	0.8854	0.9126
Recall	0.7462	0.8128
F1-score	0.8016	0.8614",Not reported.,Yes,Not reported.,Not reported.,"Compared against:

Inception V3
Xception
Inception-ResNet
SqueezeNet
MobileNet",Yes.,"Partial.

Comparison performed between:

Original dataset
Augmented dataset with synthetic images",Yes,No.,"Proposed Lightweight Model with augmented dataset:

Accuracy = 92.58%
Precision = 0.9126
Recall = 0.8128
F1-score = 0.8614",No.,None reported.,None reported.,No.,,"Educational emotion datasets are scarce.
Existing datasets are relatively small for deep learning training.","Deep learning models are computationally intensive.
Existing FER models are often unsuitable for edge devices.
Generated images still produce relatively high generator loss (G-loss).","No explainability mechanism included.
No interpretation of model decisions provided.","Edge-device deployment motivated by bandwidth and privacy concerns associated with server-side processing.
Actual latency and deployment performance not evaluated.","The study identifies two major gaps:

Lack of lightweight educational emotion detection models suitable for edge devices.
Scarcity of educational emotion datasets for training deep learning models.","Reduce CGAN generator loss (G-loss).
Train GAN separately for each emotion class.
Improve synthetic image quality.
Hyperparameter tuning of the emotion detection model.
Further improve educational emotion recognition performance.",Yes,,Yes,,Partial,,Yes,,Yes,,Yes,,No,,Yes,,CNN/Hybrid,Yes,Yes,Partial,Yes,Yes,Yes,No,Yes,No,2024,Canada,Claimed,No
23,Mai 2022,Video-Based Emotion Recognition in the Wild for Online Education Systems,Consensus,"Mai, G., Guo, Z., She, Y., Wang, H., & Liang, Y. (2022). Video-based emotion recognition in the wild for online education systems. In S. Khanna et al. (Eds.), PRICAI 2022: Trends in Artificial Intelligence (LNCS, vol. 13631, pp. 516–529). Springer. https://doi.org/10.1007/978-3-031-20868-3_38",2022,Video-Based Emotion Recognition in the Wild for Online Education Systems,"PRICAI 2022 (Pacific Rim International Conference on Artificial Intelligence), Springer LNCS",Primary empirical,"To propose a new video-based model called the Wild Facial Spatiotemporal Network (WFSTN) for emotion recognition in online learning environments, which integrates spatial and temporal facial features, and to verify its effectiveness using a new dataset collected from an online learning aid system.","RQ1 (DL Methodology), RQ2 (Datasets), RQ3 (Performance), RQ4 (Limitations)",China (South China Normal University),Higher Ed (College students),"Custom online educational aid system / MOOC
",Students,"22 college students (for DSEOLE dataset); 1426 video clips (for AFEW dataset)
",Average age ~21,"17 male, 5 female (for DSEOLE dataset)","AFEW (Acted Facial Expressions in the Wild), DSEOLE (Dataset of Student Emotions in Online Learning Environments)
","Mixed (Public + Custom novel)
",Facial video,"3 classes (Positive, Negative, Neutral) - mapped from 7 basic emotions based on Pekrun's academic emotion theory.
","Automated mapping (for AFEW); Not explicitly stated but likely researcher/expert mapped (for DSEOLE)
",In-the-wild (AFEW - movie clips); Online lecture capture (DSEOLE - students taking MOOC courses via custom system),"Not stated
","Yes (Horizontal flip, random brightness, random contrast, random saturation)
",CNN-LSTM / Hybrid,WFSTN (DenseNet121 + Bi-LSTM with Self-Attention)," N/A (unimodal video)
",,"LSTM sequence (Bi-LSTM over 8 sampled frames)
","Yes (type: self-attention + positional encoding)
",Yes (DenseNet121 pretrained on VGGFace2),"Full fine-tuning (Implied, as the entire network is trained end-to-end with Ranger optimizer)
",ArcFace (Additive angular margin loss),Ranger (Combination of RAdam + LookAhead),"lr=0.001
",48,300 epochs,"Dropout (0.7)
",No,,,No,"Yes (Mentions the method ""can be used in real online learning environments"" and developed an ""online learning assistance system integrating emotion recognition"")",No,,Not specified (Trained on server with NVIDIA RTX 3080 12 GB GPU),MTCNN (Multi-Task Convolutional Neural Network for face detection and alignment),Yes (Integrated into a self-developed online educational aid system used alongside MOOCs),"Yes (System designed to ""assist teachers to understand students’ learning status and adjust teaching schedule in time"")",,"FER (facial expression) / Engagement detection
","Custom taxonomy based on academic emotions (3 classes: Positive, Negative, Neutral)","72.76% (AFEW), 73.67% (DSEOLE)
",NR,NR,"Yes (For DSEOLE dataset: Positive achieved 100% accuracy, but Negative is often misidentified as Neutral)
",NR,,"ResNet18, ResNet50, DenseNet169, DenseNet121 (with various pre-training)","Yes (Compared against recent student emotion recognition methods by Shabrina, Nithiyasree, Li, and Wang)
","Yes (Tested different pre-trained datasets, different attention mechanisms [global, local, self, self+position], and different ArcFace margin penalty values)",No,"Yes (Trained on AFEW, tested on both AFEW and DSEOLE)",72.76% accuracy on AFEW and 73.67% on DSEOLE using the WFSTN model (DenseNet121 + Bi-LSTM + Self-Attention + ArcFace loss).,No,"None reported (Acknowledges ""intra-class variations... due to illumination, pose, occlusion, race"" as a general challenge in wild settings)",,No,,"DSEOLE is very small (only 132 emotional segments from 22 students); AFEW is not specifically established for online learning; negative and neutral emotions are hard to distinguish from one another in online learning.
",Subtle and transient expression changes in online learning make it difficult for CNN-RNN models to extract abstract spatiotemporal features; increasing network depth (DenseNet169) does not necessarily improve results.,None discussed,None explicitly discussed regarding latency or hardware constraints.,"Existing deep learning methods lack robustness to pose variations/occlusions, often ignore contextual temporal information (using only static images), and rarely apply attention mechanisms specifically for online learning emotion recognition.",Mix different datasets to create a larger training dataset; try using Multi-headed self-attention to extract more abstract features.,Yes,,Yes,,Partial,,Partial,,Partial,,Yes,,No,,Partial,,CNN/Hybrid,Yes,Yes,Partial,Partial,Partial,Yes,No,Partial,No,2022,China (South China Normal University),Claimed,No
22,Bao 2024,An Emotion Recognition Method Based on Eye Movement and Audiovisual Features in MOOC Learning Environment,Consensus,"Bao, Y., et al. (2024). An Emotion Recognition Method Based on Eye Movement and Audiovisual Features in MOOC Learning Environment. IEEE Transactions on Computational Social Systems, 11(1), 174–182.",2024,An Emotion Recognition Method Based on Eye Movement and Audiovisual Features in MOOC Learning Environment,IEEE Transactions on Computational Social Systems,Primary empirical study,"To develop a multimodal emotion recognition method for MOOC learning environments by combining eye movement signals, audio features, and video image features, and to determine the optimal fusion strategy for recognizing learner emotions","RQ1, RQ2, RQ3, RQ4, RQ5",China (data collection platform and affiliations suggest Chinese research context),MOOC learners (Higher Education / Adult learners),MOOC learning environment with instructional videos,Students / MOOC learners,59 participants total; 47 for training and 12 for testing,Not Reported,Not Reported,Custom MOOC Emotion Dataset,Custom (novel),Eye Movement + Audio + Video Images (Multimodal),"4 emotions: Interest, Happiness, Boredom, Confusion",Not clearly stated,MOOC instructional video viewing environment,No explicit balancing method reported,No,CNN-based Multimodal Hybrid Network,FE-CNN + EC-CNN Framework,"Feature-level, Decision-level, and Model-level fusion compared",Eye Movement + Audio + Video,"Sliding windows (2s, 3s, 5s)",No,No,,Not Reported,Adam,Learning Rate = 0.005,32,Not Reported,Dropout = 0.5,No,,,Not discussed,No explicit real-time claim,No,Not Reported,"Windows 10, NVIDIA GeForce RTX 2080 GPU, PyTorch framework",Optical Flow + Eye Tracking + MFCC Audio Processing + CNN,MOOC environment only,No,Not Reported,Emotion Recognition in MOOC Learning,"Interest, Happiness, Boredom, Confusion",Best multimodal accuracy: 81.90%,Reported per class,Reported; best fusion model AUC = 0.87,Yes,,,"SVM, ResNet18, traditional machine learning models, single-modal systems",Partial,"Yes (FCDE, FE-CNN, EC-CNN components)",No,Nocc,Decision-level multimodal fusion achieved 81.90% accuracy and AUC=0.87.,No,None reported,None ,No,No,Small sample size (59 learners),"Difficulty recognizing ""Interest"" emotion; performance lower than other emotions.",No explainability analysis,No deployment evaluation or real-world scalability analysis,Existing MOOC emotion recognition systems insufficiently combine learner physiological behavior with instructional content information.,"1. Improve interest-state sample collection. 2. Add non-invasive modalities (micro-expression, PPG). 3. Incorporate video semantic information. 4. Integrate cognitive-state modeling.",Yes,,Yes,,Partial,,Partial,,Yes,,Partial,,No,,Yes,,CNN/Hybrid,Yes,Yes,Partial,Partial,Yes,Partial,No,Yes,No,2024,China (data collection platform and affiliations suggest Chinese research context),Not Claimed,No
21,IEEE 2024,Enhancing Real-Time Student Emotion Recognition in Online Classrooms Using LSTM and CNN Hybrid Models'',Consensus,"Shao, K., Wang, T. C., & Tang, J. (2024). Enhancing Real-time Student Emotion Recognition in Online Classrooms Using LSTM and CNN Hybrid Models. In 2024 Cross Strait Radio Science and Wireless Technology Conference (CSRSWTC 2024). IEEE. https://doi.org/10.1109/CSRSWTC64338.2024.10811602",2024,Enhancing Real-time Student Emotion Recognition in Online Classrooms Using LSTM and CNN Hybrid Models.,2024 Cross Strait Radio Science and Wireless Technology Conference (CSRSWTC 2024).,Primary empirical study; proof-of-concept system development and experimental evaluation.,"To design and implement a hybrid LSTM-CNN model for real-time emotion recognition in online classrooms that can analyze students’ facial expressions, capture emotional changes in real time, and provide immediate feedback to teachers for dynamic adjustment of teaching content.","RQ1: Deep learning architecture (LSTM-CNN hybrid) for emotion recognition.
RQ3: Performance evaluation of emotion recognition accuracy and response time.
RQ4: Real-time deployment and classroom feedback system. Not directly addressing:
RQ2: Benchmark FER datasets.
RQ5: Detailed research gaps beyond general future educational applications.",Macau.,Not explicitly reported.,Online classrooms using the Rain Classroom system,Students.,Not reported.,Not reported.,Not reported.,Custom dataset collected from students using the Rain Classroom online learning platform.,Custom (novel).,Facial images / facial expression sequences.,"Reported emotions include:

Happy
Confused
Frustrated

Additional emotions mentioned:

Pleasure
Concentration

Exact total number of classes not reported.",Not stated.,"Real emotional reactions of students in online classrooms captured using high-definition cameras in multiple learning scenarios, subjects, grades, and teaching methods.",Not stated.,"Mentioned in system architecture workflow (""Data Normalization, Augmentation""), but augmentation methods not specified",Hybrid CNN-LSTM.,Custom LSTM-CNN Hybrid Model,"Intermediate fusion.
CNN extracts facial expression features and LSTM models temporal emotional changes over time.",Facial image features + temporal emotional sequences.,LSTM sequence modeling of emotional changes over time.,No ,Not reported.,Not reported.,Not reported.,Not reported.,Not reported.,Not reported.,Not reported.,Not reported.,No.,None.,None.,No.,Yes,Yes,"Real-time classroom interaction	120 ms
Pre-recorded video analysis	145 ms
On-site emotional change capture	135 ms",Online classroom environment using Rain Classroom platform,"CNN
LSTM
High-definition camera capture
Real-time classroom feedback system",Yes.,"Yes.
System provides:

Real-time emotion feedback
Dynamic classroom adjustment support
Teacher intervention recommendations",Not stated.,Facial Emotion Recognition (FER) / Student Emotion Recognition.,"Reported categories:

Happy
Confused
Frustrated

Additional emotional states discussed:

Concentration
Pleasure","Happy	94.5%
Confused	89.3%
Frustrated	91.2%",Not reported.,Not reported.,No,Not reported.,Not reported.,No benchmark model comparison reported.,No.,No.,No.,No.,"Happy emotion recognition: 94.5%
Frustrated emotion recognition: 91.2%
Confused emotion recognition: 89.3%",No.,None reported.,None reported.,No.,,"Dataset size, demographic composition, and annotation procedures are not reported.",Not explicitly discussed.,No explainability mechanism included or discussed.,Not explicitly reported; paper primarily reports positive deployment results.,"Existing emotion recognition systems struggle to balance:

Recognition accuracy
Dynamic emotional tracking
Real-time performance

particularly in online classroom environments.","The paper generally suggests:

Large-scale educational applications.
Further improvement of personalized teaching systems.
Enhanced smart education and classroom interactivity.

No dedicated future work section with detailed directions is provided.",Yes,,Partial,,No,,No,,Partial,,No,,No,,No,,CNN/Hybrid,Yes,Partial,No,No,Partial,No,No,No,No,2024,Macau.,Claimed,Yes
15,Aly 2025,A comprehensive deep learning framework for real time emotion detection in online learning using hybrid models,Consensus,"Aly, M., & Alotaibi, N. S. (2025). A comprehensive deep learning framework for real time emotion detection in online learning using hybrid models. Scientific Reports, 15, 42012. https://doi.org/10.1038/s41598-025-26381-7",2025,A comprehensive deep learning framework for real time emotion detection in online learning using hybrid models,Scientific Reports (Nature Portfolio),Primary empirical,"To propose a novel FER methodology that combines ResNet-50, CBAM, 3D CNN, and AGTO (Ant Colony and Genetic Algorithm-based Target Optimization) to capture dynamic facial expression changes over time and evaluate real-time student engagement in online classrooms.","RQ1 (DL Architectures), RQ2 (Datasets), RQ3 (Metrics/Results), RQ4 (Real-time Deployment/Limitations)",Egypt (Egyptian Russian University) and Saudi Arabia (Shaqra University).,Higher Ed (undergraduate students).,Live online lectures conducted via Zoom and Microsoft Teams platforms.,Undergraduate students (for the custom dataset).,"214 students for the proprietary dataset. (Public datasets varied: FER2013 [~35k], CK+ [593 sequences], KDEF [4,900]).",18–24 years.,110 male / 104 female (51.4% male / 48.6% female).,"FER-2013, CK+ (Cohn-Kanade), KDEF, and an ""Own dataset"" (Real-world classroom dataset).",Mixed (Public benchmarks + Custom private dataset).,Static images & sequential facial video frames.,"7 emotion categories (Happy, Sad, Angry, Surprised, Disgust, Fear, Neutral).",Custom dataset was annotated by three independent human raters with inter-rater agreement verified.,"Controlled laboratory conditions (CK+, KDEF) and In-the-wild / Online lecture captures via standard webcams (FER2013, Custom dataset).",Yes (Balanced gender representation and diverse academic backgrounds; engagement levels balanced during training splits).,"Yes (Random cropping, horizontal flipping, rotation, scaling, brightness, contrast, Gaussian noise, Cutout, Mixup, frame skipping, random sequence shuffling).",Hybrid CNN + 3D-CNN + Evolutionary Optimization,ResNet-50 + CBAM + 3D CNN + AGTO,Intermediate/Late fusion (spatial features from ResNet+CBAM and temporal features from 3D CNN are concatenated through a fusion layer).,Static spatial facial features + Temporal video sequence features.,3D-CNN.,Yes (CBAM: Sequential Channel Attention and Spatial Attention).,Yes (ResNet-50 initialized with ImageNet weights).,Full fine-tuning along with hyperparameter and architecture optimization via AGTO.,Categorical cross-entropy.,Adam (for weight updating) combined with AGTO (Ant Colony & Genetic Algorithm) for hyperparameter and architecture optimization.,Initial lr=0.001 with a dynamic scheduler (reduced by factor of 10 upon plateauing validation accuracy).,"32 (for spatial/ResNet branch), 16 (for temporal/3D CNN branch).",50–100 epochs with early stopping based on validation loss.,"Dropout (0.5), L2 regularization (weight decay = 0.0001), Data augmentation.",Partially (Through visual attention maps).,Attention Maps generated by the CBAM module.,"Qualitative visualisation (showing the model focuses on the eyes, eyebrows, nose, and mouth).",No,Yes,Yes,42 ms per sample.,Standard laptop setups recommended utilizing high-performance GPUs (NVIDIA RTX 3080/3090) for efficient training.,MTCNN (Multi-task Cascaded Convolutional Networks) for face detection and alignment.,Yes (Tested using Zoom and Microsoft Teams).,"Yes (System calculates and plots a real-time ""Engagement Index"" across the duration of the session).",Anonymisation (All recordings anonymized and personally identifying info removed prior to analysis).,FER (Facial Expression Recognition) & Student Engagement tracking.,"7 basic emotions (Happy, Sad, Surprise, Fear, Disgust, Anger, Neutral).",YES,Yes,No,Yes,No,No,"Baseline ResNet-50, ResNet-50+CBAM, MobileNetV2, NGO-BILSTM.",Yes (Compared against over 10 recent models).,Yes (Tested components: ResNet-50 vs +CBAM vs +3D CNN vs +AGTO).,No / Not reported.,No (Evaluated on individual datasets separately; cross-dataset generalization noted as future work).,"95.57% accuracy on FER2013

97.29% accuracy on CK+

98.35% accuracy on KDEF

98.09% accuracy on the custom classroom dataset",Partially,Demographic and contextual bias.,Balanced sampling (Recruited participants from diverse academic backgrounds with a strict 51.4% male / 48.6% female balance).,"Yes (Acknowledged as a challenge in FER, suggested for future dataset expansion).",,"The need for strict cross-dataset validation (e.g., training on FER2013 and testing on the classroom dataset) was noted as a limitation of the current study.",Increased computational overhead and training time (100 s/epoch) compared to baseline models.,None reported.,"The 42 ms/sample inference time is higher than lightweight models (like MobileNetV2 at 15 ms/sample), reflecting a trade-off between computational cost and accuracy.","Cross-domain generalizability across different datasets with varying lighting, resolutions, and labeling schemes.","Dedicated cross-dataset validation and domain adaptation techniques.

Expanding datasets to include diverse cultural and demographic backgrounds.

Incorporating multimodal data (physiological signals, verbal feedback).

Longitudinal studies assessing the long-term impact on educational outcomes.",Yes,,Yes,,Partial,,Yes,,Partial,,Partial,,No,,Yes,,CNN/Hybrid,Yes,Yes,Partial,Yes,Partial,Partial,No,Yes,Partial,2025,Egypt (Egyptian Russian University) and Saudi Arabia (Shaqra University).,Claimed,Yes
14,Li 2025,Dense-Attention CNN with Spatial-Attention Fusion for Robust Facial Expression Recognition,Consensus,"Li, D., Sun, J., Liu, W., Wang, L., & Zhou, N. (2025). Dense-Attention CNN with Spatial-Attention Fusion for Robust Facial Expression Recognition. Information Technology and Control, 54(3), 844–863. https://doi.org/10.5755/j01.itc.54.3.41283",2025,"Dense-Attention CNN with Spatial-Attention Fusion for Robust Facial Expression Recognition

",Information Technology and Control,Primary empirical,"To establish a facial expression recognition model combining deep learning and attention mechanisms that addresses traditional CNN's insufficient attention to local emotional regions and classic loss functions' inability to handle intra-class variability, using multi-scale feature extraction, spatial attention, and intra-class distance penalty.","RQ1 (DL Methodology), RQ2 (Datasets), RQ3 (Performance), RQ4 (Limitations)"," China (Xuzhou University of Technology, Xuzhou Public Security Bureau)","Not specified (Mentions online education and educational emotional computing as general application areas)
",N/A (Lab-controlled/Static images),Not applicable (Uses pre-existing image datasets),"CK+: 593 sequences; FER2013: 35,887 images",NR,NR,"CK+, FER2013",Public,"Static image (CK+ sourced from video sequences but treated as frames)
","7 basic emotions
",Not stated (Standard benchmark datasets),"Lab-controlled (CK+) / In-the-wild (FER2013)
","Yes (Methodologically addressed via combined loss function: ""combined with focus loss to alleviate class imbalance"")","Yes (Random cropping, flipping, color perturbation, and GAN synthesis of samples)
",CNN / Hybrid (Dense-Attention CNN),"Dense-Attention CNN with Spatial-Attention Fusion
"," N/A (unimodal)
","N/A
","None (Static image focus; mentions 3D CNN/RNN for dynamic scenes in lit review but not in proposed method)
","Yes (type: spatial attention / channel attention / CBAM concepts discussed and spatial attention unit constructed)
",Partially (Mentions using ImageNet pre-trained models like ResNet-50 to initialize weights in the training strategy section),"Partial (""freeze the underlying convolutional layers during fine-tuning, and only train the top-level classifier"")","Focal loss (for class imbalance) + Intra-class distance penalty term + Classification loss (Cross-entropy implied)
",Not explicitly named for the proposed model,NR,NR,NR,"Dropout, BatchNorm (mentioned as standard deep learning strategies)
",Partially (discussed but not implemented as a formal evaluation component),"Other (Class Activation Graph/CAM mentioned as a post-processing/visualization tool to focus on the region of interest)
","Qualitative visualisation (Mentioned as assisting in interpretation for medical/judicial scenarios, but no results shown in the text provided)
",No,"Not evaluated (Mentions real-time applications like driver safety and HCI in the introduction, but does not test/claim real-time capability for the proposed model)",No,,Not specified,"MTCNN, Dlib (Mentioned as standard data preprocessing steps for face detection and keypoint location)
",No,No,, FER (facial expression),7 basic emotions,"Increased by 1.1% on CK+ and 2.7% on FER2013 (Specific baseline and final values are not fully stated in the excerpt, only the improvement margin)",NR,NR,NR,NR,"N/A
",Compared against standard CNN and ResNet frameworks (implied by the improvement percentages and methodology),"Partial (Mentions comparisons, but specific SOTA tables are cut off in the excerpt)
","Yes (Implied by testing the addition of the spatial attention unit and the intra-class distance penalty term)
",No,No (Tested separately on CK+ and FER2013),The model achieved an accuracy increase of 1.1% on CK+ and 2.7% on FER2013 compared to baseline methods.,No,"None reported (Acknowledges ""algorithmic bias in comparative analysis methods"" and ""differences in facial features... across regions and ethnicities"" as a general dataset challenge in the introduction)
",,No,,"Significant environmental interference (lighting, occlusion, non-face poses); inherent dataset defects (differences in facial features across regions/ethnicities, micro-expression representations).
",Sensitivity to hyperparameters; potential algorithmic bias; 3D CNNs suffer from overfitting due to excessive parameters and limited video data.,None discussed,Gap between FER accuracy and object recognition accuracy (nearly 25% gap compared to MNIST); challenges in real-world implementation.,"Traditional CNNs lack attention to facial local regions related to emotions, and classic loss functions cannot handle intra-class variability in facial expressions. There is a significant accuracy gap between FER and general object recognition.
",Model lightweighting; cross-cultural adaptation; integrating 3D convolution and spatiotemporal attention modules for dynamic scene temporal feature modeling; multimodal signal fusion.,Yes,,Yes,,Partial,,Partial,,Partial,,Partial,,No,,Yes,,CNN/Hybrid,Yes,Yes,Partial,Partial,Partial,Partial,No,Yes,Partial,2025,China (Xuzhou University of Technology,Not Evaluated,No
7,Feng 2020,Academic Emotion Classification and Recognition Method for Large-scale Online Learning Environment-Based on A-CNN and LSTM-ATT Deep Learning Pipeline Method,Consensus,"Feng, X., Wei, Y., Pan, X., Qiu, L., & Ma, Y. (2020). Academic emotion classification and recognition method for large-scale online learning environment—Based on A-CNN and LSTM-ATT deep learning pipeline method. International Journal of Environmental Research and Public Health, 17(6), 1941.",2020,Academic Emotion Classification and Recognition Method for Large-scale Online Learning Environment—Based on A-CNN and LSTM-ATT Deep Learning Pipeline Method,International Journal of Environmental Research and Public Health (IJERPH),Primary empirical study; proof-of-concept deep learning framework development and evaluation,To develop an aspect-oriented academic emotion automatic recognition method for large-scale online learning environments using A-CNN and LSTM-ATT models.,RQ1: DL architecture for academic emotion recognition. RQ2: Dataset construction and annotation. RQ3: Performance evaluation. RQ4: Deployment implications and limitations. Does not directly address RQ5 except future directions.,China (Tencent Classroom and China University MOOC platforms),Higher Education / Online learners (MOOC learners and university online courses),"Tencent Classroom, China University MOOC, online learning platforms",Students,">200,000 collected comments; 16,925 manually tagged texts used for experiments (8213 aspect labels, 8712 emotion labels)",Not Reported,Not Reported,"Custom academic emotion corpus collected from Tencent Classroom, China University MOOC, and student blogs",Custom (novel dataset),Text comments (student textual comments),"Aspect classes = 3 (Teacher, Course, Online Learning Platform). Emotion classes = 9 (Joy, Hope, Enjoyment, Relaxation, Anger, Shame, Anxiety, Disappointment, Boredom)",Manual expert annotation by three experts with consistency checking and conflict resolution,Real online learning platforms; in-the-wild online comments and student blogs,No explicit mitigation; imbalance acknowledged as limitation,Not Reported,Hybrid CNN + BiLSTM + Attention pipeline,A-CNN (Aspect-oriented CNN) and LSTM-ATT (BiLSTM with Attention),N/A (unimodal text),,BiLSTM sequence modeling,Yes — Soft Self-Attention,No,Not applicable,Binary Cross-Entropy,Adam,Word2Vec learning rate α = 0.025; scheduler not reported,32,4 epochs,Not Reported,No,,,Not discussed,Partially; described as quick and effective identification but not formally evaluated,No,Not Reported,Not specified,N/A (text analytics task),Prototype applied to online learning platform comments only,No,Not Reported,Academic Emotion Classification / Sentiment Classification,"Enjoyment, Hope, Joy, Relaxation, Anger, Shame, Anxiety, Disappointment, Boredom",A-CNN: 88.62%; LSTM-ATT: 71.12%,Not Reported,Not Reported,Yes,Not Applicable,Not Applicable,"SVM, Multinomial Naïve Bayes, LSTM",No; authors explicitly state they did not compare against SOTA methods,No,No,No,Aspect classification accuracy = 88.62%; Academic emotion classification accuracy = 71.12%,No,Class imbalance only,None reported,No,,Severe class imbalance; some categories contain very few samples,Lower prediction accuracy for minority categories; no comparison with SOTA algorithms,No explain ability mechanism included,Not tested in real-world deployment scenarios,Existing studies ignore aspect-oriented academic emotions and cannot effectively analyze large-scale online learner comments.v,(1) Balance dataset categories through additional labeling. (2) Improve academic emotion classification accuracy. (3) Develop fine-grained aspect extraction methods beyond teacher/course/platform categories. (4) Conduct large-scale well-being studies using recognized academic emotions.,Yes,,Yes,,Partial,,Partial,,Partial,,Partial,,No,,Yes,,CNN/Hybrid,Yes,Yes,Partial,Partial,Partial,Partial,No,Yes,No,2020,China (Tencent Classroom and China University MOOC platforms),Not Evaluated,No
6,Almogren 2026,Deep Learning Approach for Social IoT and Mental Health Emotion Detection From Videos,Consensus,"Almogren, A. S., Elhessewi, G. M. S., Ghaleb, M., Mahgoub, H., Alhashmi, A. A., Alzubaidi, U., Alghamdi, A. M., & Aljehane, N. O. (2026). Deep learning approach for Social IoT and mental health emotion detection from videos. IEEE Transactions on Computational Social Systems, 13(1), 1169–1179. https://doi.org/10.1109/TCSS.2025.3628196",2026,Deep Learning Approach for Social IoT and Mental Health Emotion Detection From Videos,IEEE Transactions on Computational Social Systems,Primary empirical study; deep learning-based video emotion recognition,Develop an optimized hybrid deep learning framework for video-based emotion recognition within Social IoT (SIoT) environments to support mental health monitoring and real-time emotion detection.,"RQ1, RQ3, RQ4, RQ5",Saudi Arabia (authors' affiliations),General users; mentions applicability to online education and smart classrooms,SIoT-enabled e-learning and online education environments,Actors in emotion video dataset,24 actors (RAVDESS dataset),Not reported,Not reported,RAVDESS (Ryerson Audio-Visual Database of Emotional Speech and Song),Public,Video (facial expressions); audio available but not used,8 emotions,Emotion labels provided by dataset metadata,Controlled laboratory recordings of actors,Yes,Mentioned through preprocessing and balancing,CNN-LSTM,"CNN-LSTM-PSO (proposed), CNN-LSTM-GWO",Visual facial landmark sequence modeling,Video facial features only,LSTM,No,Yes (mentioned CNN backbone enhanced via transfer learning),Not fully described,,PSO (Particle Swarm Optimization) and GWO (Grey Wolf Optimizer),,Not reported,30 (with early stopping),,Yes,LIME (Local Interpretable Model-Agnostic Explanations),,,Yes,No explicit latency,,,,Yes,no,,Emotion Classes,"Angry
Calm
Disgust
Fearful
Happy
Neutral
Sad
Surprised",98–99%,Yes,Yes,Yes,Yes,No,"SVM	
CNN	
LSTM	
CNN-LSTM	
XGBoost	
CNN-LSTM-GWO	
CNN-LSTM-PSO",Yes,Yes,Yes,No,98–99%,No,Dataset bias,No,Yes,No,"Controlled laboratory environment
Limited diversity
Dataset-specific training","Generalization concerns
Overfitting risk
Limited robustness to:
poor lighting
facial occlusion",,"Edge-device latency challenges
Computational requirements for real-time deployment","Dataset bias.
Cultural variability.
Poor real-world generalization.
High computational costs of existing methods.
Limited suitability for Social IoT deployment.","Multimodal Emotion Recognition
Audio + video fusion
Attention-based fusion networks
Real-World Validation
In-the-wild emotion datasets
Natural facial expressions
Additional Modalities
Physiological sensors
Speech signals
Contextual signals
Real-Time Deployment
Smart classrooms
Telehealth consultations
Automotive monitoring systems
Advanced Learning Strategies
Improved multitask learning
Additional optimization algorithms",Yes,"The study explicitly outlines its objective to develop an optimized hybrid deep learning framework for video-based emotion recognition within Social IoT (SIoT) environments, targeting mental health monitoring and real-time detection.",Yes,The use of a CNN-LSTM architecture combined with swarm intelligence algorithms (PSO and GWO) appropriately aligns with the objective of creating an optimized framework for sequential video facial feature modeling.,Partial,"The study uses a public dataset (RAVDESS) and mentions the optimizers and epoch count (30 with early stopping). However, it falls short on full reproducibility as critical hyperparameters like batch size, learning rate, and specific loss functions are either omitted or ""Not reported.""",Partial,"The dataset is well-identified as the RAVDESS public database, detailing the sample size (24 actors), modalities (video facial expressions), and classes (8 emotions). However, key demographic details such as age range and gender distribution are ""Not reported.""",Yes,"The study utilizes a highly comprehensive suite of metrics suitable for the task, reporting Accuracy (98–99%), Precision, Recall, F1-Score, AUC-ROC, Mean Absolute Error (MAE), and providing a Confusion Matrix.",Yes,"The models are thoroughly benchmarked against various baselines (SVM, CNN, LSTM, XGBoost) and State-of-the-Art (SOTA) approaches. Additionally, the study conducted both an ablation study and statistical significance testing.",Yes,"The study implements LIME (Local Interpretable Model-Agnostic Explanations) for explainability, and the final extraction explicitly confirms that XAI was sufficiently evaluated.",Yes,"The authors openly report multiple limitations, including dataset constraints (controlled laboratory environment, limited diversity), model vulnerabilities (poor lighting, facial occlusion, overfitting risk), and deployment challenges (edge-device latency and high computational requirements).",CNN/Hybrid,Yes,Yes,Partial,Partial,Yes,Yes,Yes,Yes,Yes,2026,Saudi Arabia (authors' affiliations),Claimed,No
4,Aly 2023,Enhancing Facial Expression Recognition System in Online Learning Context Using Efficient Deep Learning Model,Consensus,"Aly, M., Ghallab, A., & Fathi, I. S. (2023). Enhancing facial expression recognition system in online learning context using efficient deep learning model. IEEE Access, 11, 121419-121431. https://doi.org/10.1109/ACCESS.2023.3325407",2023,Enhancing Facial Expression Recognition System in Online Learning Context Using Efficient Deep Learning Model,IEEE Access,Proof-of-concept / Empirical,To enhance facial expression recognition accuracy in online learning contexts by refining the ResNet-50 architecture (adjusting the residual down-sampling module and integrating the CBAM attention mechanism) and to develop an online learning status monitoring system that dynamically refines teaching strategies based on students' recognized emotional states.,"RQ1 (DL Methodology), RQ3 (Performance Metrics), RQ4 (Real-time Deployment/Limitations)",Egypt / Yemen (Based on author affiliations),"Not specified (General ""online learning"")",Custom online educational platform / Real classroom camera capture,"Not applicable (Uses public benchmark datasets, not live human subject recruitment for the DL evaluation)","RAF-DB (29,672 images), FER2013 (35,886 images), CK+ (593 images), KDEF (490 images)",CK+ dataset specifies 18-30 years; others NR,CK+ dataset specifies 65% women / 35% men; KDEF specifies 35 women / 35 men; others NR,"RAF-DB, FER2013, CK+, KDEF",Public,Static image,"7 basic emotions (surprise, fear, disgust, happiness, sadness, anger, neutral)",Expert labellers / Crowdsourced (RAF-DB annotated by 40 individuals; others standard public benchmarks),Mixed (RAF-DB & FER2013 = In-the-wild/Online; CK+ & KDEF = Lab-controlled),"Not stated (Though authors note RAF-DB has uneven distribution for fear/disgust, no explicit mitigation technique like SMOTE is mentioned)",Not stated,CNN / Hybrid (CNN + Attention),ResNet-50 (Modified with CBAM and adjusted residual down-sampling module),N/A (Unimodal - Facial),,"None (Static image processing, though system captures images every 10 seconds)","Yes (CBAM - Convolutional Block Attention Module, incorporating Channel Attention and Spatial Attention)","Partially (Implied standard ResNet-50 base weights used, though not explicitly stated, fine-tuning is mentioned)","Full fine-tuning / Architecture modification (Original ResNet-50 adjusted: 1x1 conv stride changed to 1, 2x2 average pooling added, CBAM inserted into residual blocks)",Not stated,SGD (Stochastic gradient descent),lr=0.0001,16,Not stated,"Not stated (Authors mention avoiding overfitting by adjusting parameters, but no specific reg technique like dropout is detailed)",No,"N/A (Attention mechanism is used as a architectural component for feature weighting, not explicitly as an XAI tool for generating explanations)",,No,Yes,Yes,32 FPS on GPU; 14 FPS on CPU; 19 FPS on Jetson Nano. Run-time: 61s for 1492 CK+ images; 115s for 2920 RAF-DB images.,"Edge device (Jetson Nano), GPU, CPU","Not specified (Mentions ""detect and localize the face"" but does not name the detector like MTCNN/YOLO)",Prototype only (Custom online learning system architecture proposed and visualized),"Yes (System evaluates focus, difficulty, engagement, involvement rate, and learning preference, providing feedback/recalibration of curriculum to the student/platform)",,FER (facial expression recognition),"7 basic (Ekman) + Neutral (Happiness, Disgust, Anger, Surprise, Sadness, Fear, Neutral)",87.62% (RAF-DB); 88.13% (FER2013 Public Test); 94.58% (CK+); 93.20% (KDEF),Not reported,Not reported,Yes (For RAF-DB and FER2013 public/private sets),Not reported,Not reported,"Original ResNet-50, Arriaga et al., J. Li et al., Subramanian et al., Borgalli et al., Kunyoung Lee, Jiarui Zhong, Hongmei Zhong, Bodapati et al., Sajjad et al., Haq et al., Liu et al., PG-CNN, SCN.",Yes,"Partially (Compared original ResNet-50 vs. Improved ResNet-50 on RAF-DB and FER2013 via confusion matrices, but no granular ablation of CBAM vs. residual module adjustment)",No,"Yes (Trained on RAF-DB/FER2013 training sets, evaluated on CK+, KDEF, and test splits)",88.13% accuracy on FER2013 (Public Test); 87.62% on RAF-DB; 94.58% on CK+; 93.20% on KDEF. Outperformed most SOTA methods in accuracy and runtime.,No,None reported,,No,,"Uneven expression distribution in RAF-DB (fewer fear/disgust samples); presence of compound expressions in datasets making training challenging; minimal distinctions among similar expressions (e.g., disgust vs. anger) in FER2013; slightly reduced robustness on in-the-wild datasets (RAF-DB) compared to in-the-lab (CK+).","Accuracy on RAF-DB (86.72% in Table 5) is 0.31% below state-of-the-art SCN; misjudgment rates are comparatively higher for subtle expressions (disgust, anger, fear).",,"None explicitly stated (authors claim efficiency, though 14 FPS on standard CPU may be borderline for smooth real-time video depending on frame rate requirements).",Current FER in online learning uses large models with limited accuracy; feature extraction struggles with noise/irrelevant data; lack of systems providing real-time intelligent feedback to students based on emotional states.,"Exploration of various ResNet layers and ResNet variants (Wide Residual Network/WRN, ResNeXt, MobileNet) for facial emotion recognition.",Yes,,Yes,,Partial,,Partial,,Partial,,Yes,,Not Reported,,Partial,,CNN/Hybrid,Yes,Yes,Partial,Partial,Partial,Yes,No,Partial,No,2023,Egypt / Yemen (Based on author affiliations),Claimed,Yes
1,Lawpanom 2024,Advancing Facial Expression Recognition in Online Learning Education Using a Homogeneous Ensemble Convolutional Neural Network Approach,Consensus,"Lawpanom, R., Songpan, W., & Kaewyotha, J. (2024). Advancing facial expression recognition in online learning education using a homogeneous ensemble convolutional neural network approach. Applied Sciences, 14(3), 1156. https://doi.org/10.3390/app14031156",2024,Advancing Facial Expression Recognition in Online Learning Education Using a Homogeneous Ensemble Convolutional Neural Network Approach,Applied Sciences,Primary empirical," To present an innovative approach to FER using a homogeneous ensemble convolutional neural network (HoE-CNN) to improve classification performance on imbalanced, multi-class FER datasets, and to transfer this model for future online learning education applications.","RQ1 (DL Methodology), RQ2 (Datasets), RQ3 (Performance), RQ4 (Limitations)",Thailand (Khon Kaen University),"Higher Ed / Mixed (General online learning/education context)
","Online learning environment (mentions Zoom, Google Meets as application areas; model transfer to real-time video via camera proposed)","Not applicable (Uses pre-existing image dataset)
","35,887 images",NR,"Both male and female subjects (specific % NR)
",FER2013,Public,Static image,"7 classes (Angry, Disgust, Fear, Happy, Sad, Surprise, Neutral)
", Crowdsourced / Manual (Noted as approximately 65% accurate manual annotation),"In-the-wild (Various levels of exposure, illumination, and occlusions)","Yes (The ensemble method itself is proposed to handle the imbalanced data and yield better performances on minority classes like ""disgust"")
","Yes (Rescaling, horizontal flip, random zoom, feature wise centering, rotation, horizontal and vertical shifts)",Hybrid (Homogeneous Ensemble of CNNs),"HoE-CNN (Ensemble of DCNN, EfficientNetB2, InceptionResNetV2, ResNet50, Xception, DenseNet, and VGG16)
",N/A (unimodal),,"None (Static images; mentions frame extraction at 30 FPS for future real-time application, but no temporal modeling in the network)",No," Partially (Models like VGG16, ResNet50, etc., typically use ImageNet pre-training, though the text only explicitly mentions ""fine-tune the different hyperparameters"" and ""transfer the knowledge of models"")
","Last N layers / Full fine-tuning (Hyperparameters like learning rates are specifically tuned per model)
",Not explicitly named (Categorical Cross-Entropy implied for multi-class),"Adam (for most models), SGD (for VGG16)","Varies by model (Adam: 0.001, 0.005, 0.0001; SGD: 0.01)
","32 or 64 (varies by model)
",100 epochs,None explicitly mentioned,"No
"," N/A
",,"Yes (In the discussion: ""Ensemble methods often sacrifice interpretability for improved accuracy. Understanding the decision-making process of an ensemble method can be challenging due to the complexity introduced by multiple classifiers."")
","Proposed only (Framework describes transferring model to real-time video via camera for online learning, but evaluation is only on static dataset)",No,,"Not specified (Training hardware: Linux, Intel Core i9-11900, 32GB RAM, NVIDIA GeForce 1060 6GB)",Not specified (Mentions generic face detection and landmark extraction),Proposed only (Conceptual diagram provided for integration into online learning settings like Zoom/Google Meets), Proposed only (Mentions that FER can provide educators with insights into engagement and emotional responses)," None (Acknowledges ethical considerations like privacy and bias in literature review, but implements no specific measures)","FER (facial expression)
",7 basic emotions,"75.15% (7-ensemble), 73.73% (6-ensemble)",Not explicitly reported as aggregate scores (only visual true positive rates per class discussed from confusion matrix),NR,Yes,NR,,"Individual models (Xception, DCNN, EfficientNetB2, VGG16, DenseNet, ResNet50, InceptionResNetV2)
","Yes (Compared against VGG Finetune, ResNet like-Ensembles, LHC-Net, Hybrid CNN-SIFT)
",Yes (Compared 6-ensemble vs. 7-ensemble vs. individual single models),No,No,"75.15% accuracy on FER2013 using the HoE-7 ensemble CNN model, outperforming single CNN models and existing SOTA methods on the same dataset.",No,"None reported (Acknowledges ""bias and fairness"" as a general ethical issue in literature review)",,No,,"Severe class imbalance in FER2013 (disgust class is very small); dataset annotation is only ~65% accurate; difficult to classify angry, sad, and fear classes.
",Ensemble methods sacrifice interpretability; computationally expensive and time-consuming to train (scalability issues); susceptible to noisy/corrupted data.,Complexity introduced by multiple classifiers makes understanding the decision-making process challenging.,"Not tested in real-time; student face detection problems (non-face detection, camera limitations) in actual online learning environments.","Single deep learning methods are not robust with complex, imbalanced, multi-class FER datasets; existing approaches encounter bottlenecks in accuracy. There is a lack of FER models specifically transferred to online learning environments.","Develop techniques for providing insights into ensemble decisions (XAI); explore parallel/distributed computing for scalability; develop robust aggregation and noise removal techniques; implement and test the model in actual online learning environments to address camera and non-face detection issues.
",Yes,,Yes,,Partial,,Yes,,Partial,,Yes,,No,,Yes,,CNN/Hybrid,Yes,Yes,Partial,Yes,Partial,Yes,No,Yes,No,2024,Thailand (Khon Kaen University),Not Evaluated,No
